{
  "H_0_kmsmpc": 67.27,
  "H_0_SI": 2.1800563891499498e-18,
  "c": 299792458.0,
  "hbar": 1.0545718176461565e-34,
  "G": 6.6743e-11,
  "k_B": 1.380649e-23,
  "l_P": 1.6162550244237053e-35,
  "t_P": 5.391246448313605e-44,
  "m_P": 2.1764343427178984e-08,
  "T_P": 1.4167841621573426e+32,
  "m_p": 0.19947114020071635,
  "Q_G": 12.566370614359172,
  "closure_fraction": 0.75,
  "aperture_fraction": 0.25,
  "R_H": 1.3751591907991675e+26,
  "A_H": 2.376379600032316e+53,
  "T_eq": 2.6502127390285418e-30,
  "M_P_squared": 4.73686644816189e-16,
  "Sigma_eq": 1.3295522594302945e+39,
  "Sigma_eq_over_l_P_squared": 5.089623259063104e+108,
  "Sigma_eq_over_R_H_squared": 7.03071447126229e-14,
  "T_eq_over_T_P": 1.8705832615979084e-62,
  "k_B_times_Sigma_eq": 1.835644997430177e+16,
  "Sigma_eq_over_k_B": 9.629907814587883e+61
}