species,class,order,family,mass_g,mass_kg,max_longevity_years,source
Anaxyrus americanus,Amphibia,Anura,Bufonidae,21.6,0.0216,36,AnAge
Anaxyrus terrestris,Amphibia,Anura,Bufonidae,19.2,0.0192,10,AnAge
Rhinella marina,Amphibia,Anura,Bufonidae,105,0.105,24.8,AnAge
Hoplobatrachus occipitalis,Amphibia,Anura,Dicroglossidae,48.1,0.0481,10.9,AnAge
Hyla versicolor,Amphibia,Anura,Hylidae,6.97,0.00697,7.8,AnAge
Xenopus laevis,Amphibia,Anura,Pipidae,63.6,0.0636,30.3,AnAge
Lithobates catesbeianus,Amphibia,Anura,Ranidae,51.2,0.0512,16,AnAge
Lithobates pipiens,Amphibia,Anura,Ranidae,21.6,0.0216,9,AnAge
Lithobates sylvaticus,Amphibia,Anura,Ranidae,7.8,0.0078,5,AnAge
Ambystoma maculatum,Amphibia,Caudata,Ambystomatidae,12.8,0.0128,32,AnAge
Ambystoma tigrinum,Amphibia,Caudata,Ambystomatidae,3.21,0.00321,25,AnAge
Amphiuma means,Amphibia,Caudata,Amphiumidae,199,0.199,27,AnAge
Cryptobranchus alleganiensis,Amphibia,Caudata,Cryptobranchidae,358,0.358,29,AnAge
Desmognathus ochrophaeus,Amphibia,Caudata,Plethodontidae,0.6,0.0006,19.8,AnAge
Desmognathus quadramaculatus,Amphibia,Caudata,Plethodontidae,14.1,0.0141,15,AnAge
Plethodon cinereus,Amphibia,Caudata,Plethodontidae,0.76,0.00076,25,AnAge
Plethodon glutinosus,Amphibia,Caudata,Plethodontidae,4.2,0.0042,20.1,AnAge
Proteus anguinus,Amphibia,Caudata,Proteidae,17,0.017,102,AnAge
Salamandra salamandra,Amphibia,Caudata,Salamandridae,19.1,0.0191,24,AnAge
Accipiter cooperii,Aves,Accipitriformes,Accipitridae,526.64,0.52664,20.3,AnAge
Accipiter fasciatus,Aves,Accipitriformes,Accipitridae,453.5,0.4535,14.9,AnAge
Accipiter gentilis,Aves,Accipitriformes,Accipitridae,1044.2,1.0442,22,AnAge
Accipiter nisus,Aves,Accipitriformes,Accipitridae,135,0.135,20.2,AnAge
Accipiter striatus,Aves,Accipitriformes,Accipitridae,135,0.135,19.9,AnAge
Aegypius monachus,Aves,Accipitriformes,Accipitridae,9625,9.625,39,AnAge
Aquila adalberti,Aves,Accipitriformes,Accipitridae,3000,3,44.5,AnAge
Aquila audax,Aves,Accipitriformes,Accipitridae,3466,3.466,40,AnAge
Aquila chrysaetos,Aves,Accipitriformes,Accipitridae,3000,3,48,AnAge
Aquila fasciata,Aves,Accipitriformes,Accipitridae,2000,2,20,AnAge
Aquila heliaca,Aves,Accipitriformes,Accipitridae,3262,3.262,56,AnAge
Aquila nipalensis,Aves,Accipitriformes,Accipitridae,2745.5,2.7455,41,AnAge
Aquila pomarina,Aves,Accipitriformes,Accipitridae,1370,1.37,26.1,AnAge
Aquila rapax,Aves,Accipitriformes,Accipitridae,1996.1,1.9961,40.3,AnAge
Butastur indicus,Aves,Accipitriformes,Accipitridae,415,0.415,8.5,AnAge
Buteo buteo,Aves,Accipitriformes,Accipitridae,1012,1.012,28.8,AnAge
Buteo jamaicensis,Aves,Accipitriformes,Accipitridae,1362,1.362,30.7,AnAge
Buteo lagopus,Aves,Accipitriformes,Accipitridae,980.64,0.98064,18.8,AnAge
Buteo lineatus,Aves,Accipitriformes,Accipitridae,658,0.658,22.4,AnAge
Buteo platypterus,Aves,Accipitriformes,Accipitridae,454,0.454,18.3,AnAge
Buteo regalis,Aves,Accipitriformes,Accipitridae,1500,1.5,23.7,AnAge
Buteo solitarius,Aves,Accipitriformes,Accipitridae,505,0.505,17,AnAge
Buteo swainsoni,Aves,Accipitriformes,Accipitridae,980.64,0.98064,24.9,AnAge
Buteogallus anthracinus,Aves,Accipitriformes,Accipitridae,837,0.837,13.5,AnAge
Circaetus gallicus,Aves,Accipitriformes,Accipitridae,1699.5,1.6995,17.3,AnAge
Circus aeruginosus,Aves,Accipitriformes,Accipitridae,711.5,0.7115,20.1,AnAge
Circus approximans,Aves,Accipitriformes,Accipitridae,752.5,0.7525,11,AnAge
Circus cyaneus,Aves,Accipitriformes,Accipitridae,392,0.392,17.1,AnAge
Circus macrourus,Aves,Accipitriformes,Accipitridae,388.5,0.3885,13.5,AnAge
Circus pygargus,Aves,Accipitriformes,Accipitridae,315.5,0.3155,16.3,AnAge
Elanus axillaris,Aves,Accipitriformes,Accipitridae,265.5,0.2655,3.5,AnAge
Elanus caeruleus,Aves,Accipitriformes,Accipitridae,260.5,0.2605,6,AnAge
Elanus leucurus,Aves,Accipitriformes,Accipitridae,280,0.28,6,AnAge
Geranoaetus melanoleucus,Aves,Accipitriformes,Accipitridae,2860,2.86,42,AnAge
Gypaetus barbatus,Aves,Accipitriformes,Accipitridae,5070,5.07,40,AnAge
Gypohierax angolensis,Aves,Accipitriformes,Accipitridae,1600,1.6,27.1,AnAge
Gyps africanus,Aves,Accipitriformes,Accipitridae,5433,5.433,19.7,AnAge
Gyps coprotheres,Aves,Accipitriformes,Accipitridae,8177,8.177,31.2,AnAge
Gyps fulvus,Aves,Accipitriformes,Accipitridae,7436,7.436,41.4,AnAge
Haliaeetus albicilla,Aves,Accipitriformes,Accipitridae,6696.5,6.6965,42,AnAge
Haliaeetus leucocephalus,Aves,Accipitriformes,Accipitridae,3175,3.175,48,AnAge
Haliastur indus,Aves,Accipitriformes,Accipitridae,529,0.529,24.5,AnAge
Haliastur sphenurus,Aves,Accipitriformes,Accipitridae,755,0.755,20.4,AnAge
Harpia harpyja,Aves,Accipitriformes,Accipitridae,4800,4.8,16.8,AnAge
Harpyopsis novaeguineae,Aves,Accipitriformes,Accipitridae,2000,2,30,AnAge
Hieraaetus morphnoides,Aves,Accipitriformes,Accipitridae,791,0.791,38.7,AnAge
Ictinia mississippiensis,Aves,Accipitriformes,Accipitridae,266,0.266,11.2,AnAge
Kaupifalco monogrammicus,Aves,Accipitriformes,Accipitridae,280.5,0.2805,8.6,AnAge
Lophoictinia isura,Aves,Accipitriformes,Accipitridae,585.5,0.5855,17,AnAge
Milvus migrans,Aves,Accipitriformes,Accipitridae,1000,1,24,AnAge
Milvus milvus,Aves,Accipitriformes,Accipitridae,1080,1.08,38,AnAge
Necrosyrtes monachus,Aves,Accipitriformes,Accipitridae,2043,2.043,21.3,AnAge
Neophron percnopterus,Aves,Accipitriformes,Accipitridae,2082,2.082,37,AnAge
Parabuteo unicinctus,Aves,Accipitriformes,Accipitridae,994.26,0.99426,25,AnAge
Pernis apivorus,Aves,Accipitriformes,Accipitridae,652,0.652,29,AnAge
Pithecophaga jefferyi,Aves,Accipitriformes,Accipitridae,6500,6.5,41,AnAge
Rostrhamus sociabilis,Aves,Accipitriformes,Accipitridae,352.5,0.3525,17,AnAge
Terathopius ecaudatus,Aves,Accipitriformes,Accipitridae,2200,2.2,55,AnAge
Trigonoceps occipitalis,Aves,Accipitriformes,Accipitridae,3016,3.016,5.7,AnAge
Cathartes aura,Aves,Accipitriformes,Cathartidae,2200,2.2,20.8,AnAge
Coragyps atratus,Aves,Accipitriformes,Cathartidae,2270,2.27,25.5,AnAge
Gymnogyps californianus,Aves,Accipitriformes,Cathartidae,11175,11.175,45,AnAge
Sarcoramphus papa,Aves,Accipitriformes,Cathartidae,3405,3.405,40,AnAge
Vultur gryphus,Aves,Accipitriformes,Cathartidae,10500,10.5,79,AnAge
Pandion cristatus,Aves,Accipitriformes,Pandionidae,1527.5,1.5275,21,AnAge
Pandion haliaetus,Aves,Accipitriformes,Pandionidae,1362,1.362,32,AnAge
Aix galericulata,Aves,Anseriformes,Anatidae,570,0.57,10.4,AnAge
Aix sponsa,Aves,Anseriformes,Anatidae,448,0.448,22.5,AnAge
Alopochen aegyptiaca,Aves,Anseriformes,Anatidae,1900,1.9,25.5,AnAge
Anas acuta,Aves,Anseriformes,Anatidae,721,0.721,27.4,AnAge
Anas americana,Aves,Anseriformes,Anatidae,793.8,0.7938,21.3,AnAge
Anas clypeata,Aves,Anseriformes,Anatidae,554,0.554,22.6,AnAge
Anas crecca,Aves,Anseriformes,Anatidae,250,0.25,27.1,AnAge
Anas cyanoptera,Aves,Anseriformes,Anatidae,411,0.411,12.9,AnAge
Anas discors,Aves,Anseriformes,Anatidae,420,0.42,23.2,AnAge
Anas fulvigula,Aves,Anseriformes,Anatidae,950,0.95,20,AnAge
Anas gracilis,Aves,Anseriformes,Anatidae,488.75,0.48875,31.7,AnAge
Anas laysanensis,Aves,Anseriformes,Anatidae,500,0.5,12,AnAge
Anas penelope,Aves,Anseriformes,Anatidae,723,0.723,35.2,AnAge
Anas platyrhynchos,Aves,Anseriformes,Anatidae,1020,1.02,29.1,AnAge
Anas querquedula,Aves,Anseriformes,Anatidae,326,0.326,14.7,AnAge
Anas rubripes,Aves,Anseriformes,Anatidae,904,0.904,26.6,AnAge
Anas strepera,Aves,Anseriformes,Anatidae,791,0.791,28,AnAge
Anas superciliosa,Aves,Anseriformes,Anatidae,981,0.981,27.2,AnAge
Anser albifrons,Aves,Anseriformes,Anatidae,2681,2.681,47,AnAge
Anser anser,Aves,Anseriformes,Anatidae,3308.5,3.3085,31,AnAge
Anser brachyrhynchus,Aves,Anseriformes,Anatidae,2645,2.645,40.9,AnAge
Anser erythropus,Aves,Anseriformes,Anatidae,1779.25,1.77925,14.8,AnAge
Anser fabalis,Aves,Anseriformes,Anatidae,3348,3.348,25.6,AnAge
Aythya affinis,Aves,Anseriformes,Anatidae,787,0.787,18.3,AnAge
Aythya americana,Aves,Anseriformes,Anatidae,1077.3,1.0773,22.6,AnAge
Aythya collaris,Aves,Anseriformes,Anatidae,737,0.737,20.4,AnAge
Aythya ferina,Aves,Anseriformes,Anatidae,823,0.823,23.2,AnAge
Aythya fuligula,Aves,Anseriformes,Anatidae,701.5,0.7015,45.2,AnAge
Aythya marila,Aves,Anseriformes,Anatidae,928.5,0.9285,22.1,AnAge
Aythya valisineria,Aves,Anseriformes,Anatidae,1208.8,1.2088,29.5,AnAge
Biziura lobata,Aves,Anseriformes,Anatidae,1697.5,1.6975,6.2,AnAge
Branta bernicla,Aves,Anseriformes,Anatidae,1163.2,1.1632,28.8,AnAge
Branta canadensis,Aves,Anseriformes,Anatidae,3200,3.2,42,AnAge
Branta hutchinsii,Aves,Anseriformes,Anatidae,1940.1,1.9401,18.3,AnAge
Branta leucopsis,Aves,Anseriformes,Anatidae,1687,1.687,28.2,AnAge
Branta sandvicensis,Aves,Anseriformes,Anatidae,2150,2.15,42,AnAge
Bucephala albeola,Aves,Anseriformes,Anatidae,400,0.4,18.7,AnAge
Bucephala clangula,Aves,Anseriformes,Anatidae,895.86,0.89586,20.9,AnAge
Bucephala islandica,Aves,Anseriformes,Anatidae,957.15,0.95715,18,AnAge
Cereopsis novaehollandiae,Aves,Anseriformes,Anatidae,3980,3.98,29.1,AnAge
Chen caerulescens,Aves,Anseriformes,Anatidae,2806.65,2.80665,27.5,AnAge
Chen canagica,Aves,Anseriformes,Anatidae,2148,2.148,12,AnAge
Chen rossii,Aves,Anseriformes,Anatidae,1715,1.715,22.5,AnAge
Chenonetta jubata,Aves,Anseriformes,Anatidae,812.5,0.8125,9.1,AnAge
Clangula hyemalis,Aves,Anseriformes,Anatidae,872,0.872,22.7,AnAge
Cygnus atratus,Aves,Anseriformes,Anatidae,5650,5.65,24.7,AnAge
Cygnus buccinator,Aves,Anseriformes,Anatidae,13000,13,32.5,AnAge
Cygnus columbianus,Aves,Anseriformes,Anatidae,6350,6.35,24.1,AnAge
Cygnus cygnus,Aves,Anseriformes,Anatidae,9350,9.35,26.7,AnAge
Cygnus olor,Aves,Anseriformes,Anatidae,8300,8.3,40,AnAge
Dendrocygna autumnalis,Aves,Anseriformes,Anatidae,828,0.828,8.2,AnAge
Dendrocygna bicolor,Aves,Anseriformes,Anatidae,737.1,0.7371,11.2,AnAge
Dendrocygna viduata,Aves,Anseriformes,Anatidae,610,0.61,12,AnAge
Histrionicus histrionicus,Aves,Anseriformes,Anatidae,561.25,0.56125,14.6,AnAge
Lophodytes cucullatus,Aves,Anseriformes,Anatidae,634.375,0.634375,15.7,AnAge
Melanitta fusca,Aves,Anseriformes,Anatidae,1360.8,1.3608,21.4,AnAge
Melanitta nigra,Aves,Anseriformes,Anatidae,1052.2,1.0522,16.8,AnAge
Melanitta perspicillata,Aves,Anseriformes,Anatidae,1097.5,1.0975,9.5,AnAge
Mergellus albellus,Aves,Anseriformes,Anatidae,610,0.61,10,AnAge
Mergus merganser,Aves,Anseriformes,Anatidae,1445,1.445,14.8,AnAge
Mergus serrator,Aves,Anseriformes,Anatidae,1020.6,1.0206,21.3,AnAge
Netta rufina,Aves,Anseriformes,Anatidae,1118,1.118,12.9,AnAge
Oxyura australis,Aves,Anseriformes,Anatidae,798,0.798,16,AnAge
Oxyura jamaicensis,Aves,Anseriformes,Anatidae,542,0.542,20,AnAge
Plectropterus gambensis,Aves,Anseriformes,Anatidae,3869,3.869,11.3,AnAge
Polysticta stelleri,Aves,Anseriformes,Anatidae,907.2,0.9072,23,AnAge
Somateria fischeri,Aves,Anseriformes,Anatidae,1558,1.558,18,AnAge
Somateria mollissima,Aves,Anseriformes,Anatidae,2130,2.13,37.8,AnAge
Somateria spectabilis,Aves,Anseriformes,Anatidae,1617,1.617,18.9,AnAge
Tadorna tadorna,Aves,Anseriformes,Anatidae,1152,1.152,24.8,AnAge
Tadorna tadornoides,Aves,Anseriformes,Anatidae,1364,1.364,13.1,AnAge
Anseranas semipalmata,Aves,Anseriformes,Anseranatidae,2071,2.071,24.8,AnAge
Aegotheles cristatus,Aves,Apodiformes,Aegothelidae,44.125,0.044125,5.9,AnAge
Aerodramus terraereginae,Aves,Apodiformes,Apodidae,11.875,0.011875,9.3,AnAge
Aeronautes saxatalis,Aves,Apodiformes,Apodidae,31,0.031,10,AnAge
Apus apus,Aves,Apodiformes,Apodidae,44.9,0.0449,21.1,AnAge
Apus melba,Aves,Apodiformes,Apodidae,102.7,0.1027,26,AnAge
Chaetura pelagica,Aves,Apodiformes,Apodidae,22.8,0.0228,15,AnAge
Cypseloides niger,Aves,Apodiformes,Apodidae,45,0.045,16.1,AnAge
Amazilia violiceps,Aves,Apodiformes,Trochilidae,5.1,0.0051,6.1,AnAge
Amazilia yucatanensis,Aves,Apodiformes,Trochilidae,3.9,0.0039,11.2,AnAge
Archilochus alexandri,Aves,Apodiformes,Trochilidae,3,0.003,11.2,AnAge
Archilochus colubris,Aves,Apodiformes,Trochilidae,3.2,0.0032,9.1,AnAge
Calothorax lucifer,Aves,Apodiformes,Trochilidae,3.3,0.0033,4.1,AnAge
Calypte anna,Aves,Apodiformes,Trochilidae,4.8,0.0048,8.5,AnAge
Calypte costae,Aves,Apodiformes,Trochilidae,3.1,0.0031,6,AnAge
Cynanthus latirostris,Aves,Apodiformes,Trochilidae,3.3,0.0033,8.8,AnAge
Eugenes fulgens,Aves,Apodiformes,Trochilidae,8.1,0.0081,11,AnAge
Lampornis clemenciae,Aves,Apodiformes,Trochilidae,7.6,0.0076,12,AnAge
Lamprolaima rhami,Aves,Apodiformes,Trochilidae,7.8,0.0078,8,AnAge
Selasphorus platycercus,Aves,Apodiformes,Trochilidae,4.2,0.0042,14,AnAge
Selasphorus rufus,Aves,Apodiformes,Trochilidae,3.8,0.0038,8.9,AnAge
Stellula calliope,Aves,Apodiformes,Trochilidae,3,0.003,7,AnAge
Apteryx australis,Aves,Apterygiformes,Apterygidae,2380,2.38,35,AnAge
Buceros bicornis,Aves,Bucerotiformes,Bucerotidae,2798.5,2.7985,33.4,AnAge
Bycanistes subcylindricus,Aves,Bucerotiformes,Bucerotidae,1250,1.25,31.8,AnAge
Ceratogymna atrata,Aves,Bucerotiformes,Bucerotidae,1203.5,1.2035,19.3,AnAge
Bucorvus leadbeateri,Aves,Bucerotiformes,Bucorvidae,3767.5,3.7675,70,AnAge
Upupa epops,Aves,Bucerotiformes,Upupidae,67.1,0.0671,11.1,AnAge
Caprimulgus carolinensis,Aves,Caprimulgiformes,Caprimulgidae,115,0.115,14.8,AnAge
Caprimulgus europaeus,Aves,Caprimulgiformes,Caprimulgidae,67,0.067,11.9,AnAge
Caprimulgus ruficollis,Aves,Caprimulgiformes,Caprimulgidae,68.5,0.0685,13.2,AnAge
Caprimulgus vociferus,Aves,Caprimulgiformes,Caprimulgidae,54,0.054,15,AnAge
Chordeiles minor,Aves,Caprimulgiformes,Caprimulgidae,72,0.072,10,AnAge
Podargus strigoides,Aves,Caprimulgiformes,Podargidae,349,0.349,17.9,AnAge
Casuarius bennetti,Aves,Casuariiformes,Casuariidae,35000,35,26,AnAge
Casuarius casuarius,Aves,Casuariiformes,Casuariidae,44000,44,30,AnAge
Casuarius unappendiculatus,Aves,Casuariiformes,Casuariidae,47300,47.3,22,AnAge
Dromaius novaehollandiae,Aves,Casuariiformes,Dromaiidae,38925,38.925,16.6,AnAge
Aethia cristatella,Aves,Charadriiformes,Alcidae,289,0.289,10.8,AnAge
Aethia pusilla,Aves,Charadriiformes,Alcidae,96,0.096,8.1,AnAge
Aethia pygmaea,Aves,Charadriiformes,Alcidae,120,0.12,15,AnAge
Alca torda,Aves,Charadriiformes,Alcidae,726,0.726,42,AnAge
Brachyramphus marmoratus,Aves,Charadriiformes,Alcidae,222,0.222,10,AnAge
Cepphus columba,Aves,Charadriiformes,Alcidae,483.8,0.4838,15.2,AnAge
Cepphus grylle,Aves,Charadriiformes,Alcidae,427.5,0.4275,29.9,AnAge
Cerorhinca monocerata,Aves,Charadriiformes,Alcidae,544.1,0.5441,28.2,AnAge
Fratercula arctica,Aves,Charadriiformes,Alcidae,490.5,0.4905,45,AnAge
Ptychoramphus aleuticus,Aves,Charadriiformes,Alcidae,184,0.184,16.2,AnAge
Synthliboramphus hypoleucus,Aves,Charadriiformes,Alcidae,167,0.167,15,AnAge
Uria aalge,Aves,Charadriiformes,Alcidae,956,0.956,42.8,AnAge
Uria lomvia,Aves,Charadriiformes,Alcidae,989,0.989,29,AnAge
Burhinus grallarius,Aves,Charadriiformes,Burhinidae,667.967,0.667967,5.5,AnAge
Burhinus oedicnemus,Aves,Charadriiformes,Burhinidae,459,0.459,17.9,AnAge
Charadrius alexandrinus,Aves,Charadriiformes,Charadriidae,37,0.037,19,AnAge
Charadrius bicinctus,Aves,Charadriiformes,Charadriidae,59.4,0.0594,18.3,AnAge
Charadrius dubius,Aves,Charadriiformes,Charadriidae,36,0.036,13,AnAge
Charadrius hiaticula,Aves,Charadriiformes,Charadriidae,64,0.064,20.8,AnAge
Charadrius leschenaultii,Aves,Charadriiformes,Charadriidae,75,0.075,21.6,AnAge
Charadrius melodus,Aves,Charadriiformes,Charadriidae,49,0.049,14,AnAge
Charadrius mongolus,Aves,Charadriiformes,Charadriidae,64,0.064,15.6,AnAge
Charadrius montanus,Aves,Charadriiformes,Charadriidae,100,0.1,10,AnAge
Charadrius morinellus,Aves,Charadriiformes,Charadriidae,108.5,0.1085,11.8,AnAge
Charadrius ruficapillus,Aves,Charadriiformes,Charadriidae,41.2,0.0412,21,AnAge
Charadrius semipalmatus,Aves,Charadriiformes,Charadriidae,52,0.052,9.2,AnAge
Charadrius vociferus,Aves,Charadriiformes,Charadriidae,88,0.088,10.9,AnAge
Pluvialis apricaria,Aves,Charadriiformes,Charadriidae,214,0.214,13.8,AnAge
Pluvialis dominica,Aves,Charadriiformes,Charadriidae,118,0.118,13,AnAge
Pluvialis fulva,Aves,Charadriiformes,Charadriidae,135,0.135,21.3,AnAge
Pluvialis squatarola,Aves,Charadriiformes,Charadriidae,224,0.224,25.6,AnAge
Thinornis rubricollis,Aves,Charadriiformes,Charadriidae,100,0.1,16.2,AnAge
Vanellus armatus,Aves,Charadriiformes,Charadriidae,156,0.156,18.6,AnAge
Vanellus miles,Aves,Charadriiformes,Charadriidae,379,0.379,13.9,AnAge
Vanellus spinosus,Aves,Charadriiformes,Charadriidae,188,0.188,17,AnAge
Vanellus vanellus,Aves,Charadriiformes,Charadriidae,218.5,0.2185,24.5,AnAge
Glareola maldivarum,Aves,Charadriiformes,Glareolidae,76,0.076,4.4,AnAge
Haematopus bachmani,Aves,Charadriiformes,Haematopodidae,670,0.67,16,AnAge
Haematopus fuliginosus,Aves,Charadriiformes,Haematopodidae,789.2,0.7892,19.9,AnAge
Haematopus longirostris,Aves,Charadriiformes,Haematopodidae,566.25,0.56625,30.2,AnAge
Haematopus ostralegus,Aves,Charadriiformes,Haematopodidae,449,0.449,43.3,AnAge
Haematopus palliatus,Aves,Charadriiformes,Haematopodidae,565,0.565,17,AnAge
Anous minutus,Aves,Charadriiformes,Laridae,110.4,0.1104,27.1,AnAge
Anous stolidus,Aves,Charadriiformes,Laridae,138.7,0.1387,26.2,AnAge
Anous tenuirostris,Aves,Charadriiformes,Laridae,104.56,0.10456,15,AnAge
Chlidonias hybrida,Aves,Charadriiformes,Laridae,88,0.088,16,AnAge
Chlidonias niger,Aves,Charadriiformes,Laridae,60,0.06,21,AnAge
Chroicocephalus genei,Aves,Charadriiformes,Laridae,281,0.281,31.7,AnAge
Chroicocephalus novaehollandiae,Aves,Charadriiformes,Laridae,295.375,0.295375,28.8,AnAge
Chroicocephalus ridibundus,Aves,Charadriiformes,Laridae,306,0.306,32.9,AnAge
Gelochelidon nilotica,Aves,Charadriiformes,Laridae,221,0.221,16,AnAge
Gygis alba,Aves,Charadriiformes,Laridae,98.1,0.0981,35.9,AnAge
Hydrocoloeus minutus,Aves,Charadriiformes,Laridae,119,0.119,20.9,AnAge
Hydroprogne caspia,Aves,Charadriiformes,Laridae,644,0.644,30,AnAge
Ichthyaetus audouinii,Aves,Charadriiformes,Laridae,535,0.535,25,AnAge
Ichthyaetus melanocephalus,Aves,Charadriiformes,Laridae,256,0.256,22.1,AnAge
Larosterna inca,Aves,Charadriiformes,Laridae,219,0.219,26,AnAge
Larus argentatus,Aves,Charadriiformes,Laridae,1000,1,49,AnAge
Larus cachinnans,Aves,Charadriiformes,Laridae,1117.2,1.1172,31.9,AnAge
Larus californicus,Aves,Charadriiformes,Laridae,691,0.691,30,AnAge
Larus canus,Aves,Charadriiformes,Laridae,431,0.431,33.7,AnAge
Larus delawarensis,Aves,Charadriiformes,Laridae,439,0.439,31.8,AnAge
Larus dominicanus,Aves,Charadriiformes,Laridae,989,0.989,27,AnAge
Larus fuscus,Aves,Charadriiformes,Laridae,766.2,0.7662,34.9,AnAge
Larus glaucescens,Aves,Charadriiformes,Laridae,908,0.908,32,AnAge
Larus glaucoides,Aves,Charadriiformes,Laridae,945.5,0.9455,33,AnAge
Larus heermanni,Aves,Charadriiformes,Laridae,500,0.5,24,AnAge
Larus hyperboreus,Aves,Charadriiformes,Laridae,1210,1.21,21.1,AnAge
Larus marinus,Aves,Charadriiformes,Laridae,1658.5,1.6585,32.8,AnAge
Larus michahellis,Aves,Charadriiformes,Laridae,1089.5,1.0895,19.2,AnAge
Larus occidentalis,Aves,Charadriiformes,Laridae,761,0.761,33.9,AnAge
Larus pacificus,Aves,Charadriiformes,Laridae,1313.5,1.3135,24.3,AnAge
Leucophaeus atricilla,Aves,Charadriiformes,Laridae,275.6,0.2756,22,AnAge
Onychoprion anaethetus,Aves,Charadriiformes,Laridae,133.3,0.1333,24.9,AnAge
Onychoprion fuscatus,Aves,Charadriiformes,Laridae,148,0.148,35.8,AnAge
Onychoprion lunatus,Aves,Charadriiformes,Laridae,131.7,0.1317,25.8,AnAge
Pagophila eburnea,Aves,Charadriiformes,Laridae,550,0.55,23.9,AnAge
Procelsterna cerulea,Aves,Charadriiformes,Laridae,53,0.053,15,AnAge
Rissa brevirostris,Aves,Charadriiformes,Laridae,377,0.377,27,AnAge
Rissa tridactyla,Aves,Charadriiformes,Laridae,317,0.317,28.5,AnAge
Rynchops niger,Aves,Charadriiformes,Laridae,315,0.315,20.2,AnAge
Sterna dougallii,Aves,Charadriiformes,Laridae,112,0.112,25.7,AnAge
Sterna forsteri,Aves,Charadriiformes,Laridae,158,0.158,15.8,AnAge
Sterna hirundo,Aves,Charadriiformes,Laridae,120,0.12,33,AnAge
Sterna paradisaea,Aves,Charadriiformes,Laridae,100,0.1,34,AnAge
Sternula albifrons,Aves,Charadriiformes,Laridae,31,0.031,23.9,AnAge
Sternula antillarum,Aves,Charadriiformes,Laridae,40,0.04,24.1,AnAge
Sternula nereis,Aves,Charadriiformes,Laridae,72.15,0.07215,17.2,AnAge
Thalasseus bengalensis,Aves,Charadriiformes,Laridae,213,0.213,14,AnAge
Thalasseus bergii,Aves,Charadriiformes,Laridae,334.5,0.3345,32.2,AnAge
Thalasseus elegans,Aves,Charadriiformes,Laridae,251,0.251,20.9,AnAge
Thalasseus maximus,Aves,Charadriiformes,Laridae,373,0.373,28.6,AnAge
Thalasseus sandvicensis,Aves,Charadriiformes,Laridae,250,0.25,30.8,AnAge
Pedionomus torquatus,Aves,Charadriiformes,Pedionomidae,67.8,0.0678,2.3,AnAge
Cladorhynchus leucocephalus,Aves,Charadriiformes,Recurvirostridae,215.25,0.21525,11.3,AnAge
Himantopus himantopus,Aves,Charadriiformes,Recurvirostridae,161,0.161,16,AnAge
Himantopus mexicanus,Aves,Charadriiformes,Recurvirostridae,186,0.186,25,AnAge
Recurvirostra avosetta,Aves,Charadriiformes,Recurvirostridae,304,0.304,27.8,AnAge
Actitis hypoleucos,Aves,Charadriiformes,Scolopacidae,48,0.048,14.5,AnAge
Actitis macularius,Aves,Charadriiformes,Scolopacidae,34,0.034,12,AnAge
Arenaria interpres,Aves,Charadriiformes,Scolopacidae,90,0.09,22.3,AnAge
Bartramia longicauda,Aves,Charadriiformes,Scolopacidae,141,0.141,8.9,AnAge
Calidris acuminata,Aves,Charadriiformes,Scolopacidae,67.7,0.0677,8.6,AnAge
Calidris alba,Aves,Charadriiformes,Scolopacidae,50,0.05,18.6,AnAge
Calidris alpina,Aves,Charadriiformes,Scolopacidae,52.5,0.0525,28.8,AnAge
Calidris canutus,Aves,Charadriiformes,Scolopacidae,135,0.135,27.3,AnAge
Calidris ferruginea,Aves,Charadriiformes,Scolopacidae,58.1,0.0581,19.7,AnAge
Calidris himantopus,Aves,Charadriiformes,Scolopacidae,57.3,0.0573,11.1,AnAge
Calidris maritima,Aves,Charadriiformes,Scolopacidae,65.2,0.0652,20.8,AnAge
Calidris mauri,Aves,Charadriiformes,Scolopacidae,26.19,0.02619,9.2,AnAge
Calidris minuta,Aves,Charadriiformes,Scolopacidae,21.1,0.0211,14.7,AnAge
Calidris minutilla,Aves,Charadriiformes,Scolopacidae,26,0.026,16,AnAge
Calidris pusilla,Aves,Charadriiformes,Scolopacidae,27,0.027,19.3,AnAge
Calidris ruficollis,Aves,Charadriiformes,Scolopacidae,26.95,0.02695,21.8,AnAge
Calidris temminckii,Aves,Charadriiformes,Scolopacidae,23,0.023,12.9,AnAge
Calidris tenuirostris,Aves,Charadriiformes,Scolopacidae,179.167,0.179167,20.9,AnAge
Gallinago delicata,Aves,Charadriiformes,Scolopacidae,122,0.122,9.2,AnAge
Gallinago gallinago,Aves,Charadriiformes,Scolopacidae,131.6,0.1316,18.2,AnAge
Gallinago media,Aves,Charadriiformes,Scolopacidae,174.5,0.1745,5.9,AnAge
Limicola falcinellus,Aves,Charadriiformes,Scolopacidae,37.1,0.0371,11.6,AnAge
Limnodromus griseus,Aves,Charadriiformes,Scolopacidae,105,0.105,13.3,AnAge
Limnodromus scolopaceus,Aves,Charadriiformes,Scolopacidae,130,0.13,13.2,AnAge
Limosa fedoa,Aves,Charadriiformes,Scolopacidae,336,0.336,13.7,AnAge
Limosa lapponica,Aves,Charadriiformes,Scolopacidae,322,0.322,34,AnAge
Limosa limosa,Aves,Charadriiformes,Scolopacidae,294,0.294,23.6,AnAge
Lymnocryptes minimus,Aves,Charadriiformes,Scolopacidae,50.2,0.0502,12.3,AnAge
Numenius arquata,Aves,Charadriiformes,Scolopacidae,728,0.728,31.8,AnAge
Numenius madagascariensis,Aves,Charadriiformes,Scolopacidae,824.75,0.82475,19.1,AnAge
Numenius phaeopus,Aves,Charadriiformes,Scolopacidae,365.7,0.3657,24.2,AnAge
Numenius tahitiensis,Aves,Charadriiformes,Scolopacidae,408.6,0.4086,23.8,AnAge
Phalaropus lobatus,Aves,Charadriiformes,Scolopacidae,33.8,0.0338,12.9,AnAge
Phalaropus tricolor,Aves,Charadriiformes,Scolopacidae,57,0.057,10,AnAge
Philomachus pugnax,Aves,Charadriiformes,Scolopacidae,136,0.136,13.9,AnAge
Scolopax minor,Aves,Charadriiformes,Scolopacidae,156.7,0.1567,20.9,AnAge
Scolopax rusticola,Aves,Charadriiformes,Scolopacidae,430,0.43,15.5,AnAge
Tringa erythropus,Aves,Charadriiformes,Scolopacidae,158,0.158,8.6,AnAge
Tringa glareola,Aves,Charadriiformes,Scolopacidae,62.5,0.0625,11.7,AnAge
Tringa nebularia,Aves,Charadriiformes,Scolopacidae,187,0.187,24.4,AnAge
Tringa ochropus,Aves,Charadriiformes,Scolopacidae,90,0.09,11.5,AnAge
Tringa semipalmata,Aves,Charadriiformes,Scolopacidae,270,0.27,12.6,AnAge
Tringa stagnatilis,Aves,Charadriiformes,Scolopacidae,77.5,0.0775,8.5,AnAge
Tringa totanus,Aves,Charadriiformes,Scolopacidae,149,0.149,26.9,AnAge
Xenus cinereus,Aves,Charadriiformes,Scolopacidae,78.8,0.0788,16.9,AnAge
Stercorarius antarcticus,Aves,Charadriiformes,Stercorariidae,1687,1.687,28.8,AnAge
Stercorarius longicaudus,Aves,Charadriiformes,Stercorariidae,298,0.298,14,AnAge
Stercorarius maccormicki,Aves,Charadriiformes,Stercorariidae,1349,1.349,23.5,AnAge
Stercorarius parasiticus,Aves,Charadriiformes,Stercorariidae,445.5,0.4455,31.1,AnAge
Stercorarius skua,Aves,Charadriiformes,Stercorariidae,1340,1.34,35.9,AnAge
Ciconia abdimii,Aves,Ciconiiformes,Ciconiidae,1398,1.398,21.6,AnAge
Ciconia boyciana,Aves,Ciconiiformes,Ciconiidae,4850.5,4.8505,48.1,AnAge
Ciconia ciconia,Aves,Ciconiiformes,Ciconiidae,3350,3.35,39,AnAge
Ciconia episcopus,Aves,Ciconiiformes,Ciconiidae,2061,2.061,32,AnAge
Ciconia maguari,Aves,Ciconiiformes,Ciconiidae,4000,4,20.4,AnAge
Ciconia nigra,Aves,Ciconiiformes,Ciconiidae,2926,2.926,31.3,AnAge
Ephippiorhynchus asiaticus,Aves,Ciconiiformes,Ciconiidae,4100,4.1,34,AnAge
Ephippiorhynchus senegalensis,Aves,Ciconiiformes,Ciconiidae,6162.5,6.1625,30.2,AnAge
Jabiru mycteria,Aves,Ciconiiformes,Ciconiidae,5470,5.47,27.4,AnAge
Leptoptilos crumeniferus,Aves,Ciconiiformes,Ciconiidae,8000,8,44.7,AnAge
Leptoptilos javanicus,Aves,Ciconiiformes,Ciconiidae,5710,5.71,31.1,AnAge
Mycteria americana,Aves,Ciconiiformes,Ciconiidae,2500,2.5,27,AnAge
Mycteria ibis,Aves,Ciconiiformes,Ciconiidae,2166.5,2.1665,19.1,AnAge
Mycteria leucocephala,Aves,Ciconiiformes,Ciconiidae,3180,3.18,28.6,AnAge
Colius striatus,Aves,Coliiformes,Coliidae,51,0.051,11.5,AnAge
Caloenas nicobarica,Aves,Columbiformes,Columbidae,519,0.519,20.5,AnAge
Chalcophaps indica,Aves,Columbiformes,Columbidae,136.983,0.136983,12,AnAge
Columba livia,Aves,Columbiformes,Columbidae,358.7,0.3587,35,AnAge
Columba oenas,Aves,Columbiformes,Columbidae,291,0.291,12.6,AnAge
Columba palumbus,Aves,Columbiformes,Columbidae,490,0.49,17.7,AnAge
Columbina inca,Aves,Columbiformes,Columbidae,50,0.05,13.3,AnAge
Columbina passerina,Aves,Columbiformes,Columbidae,35,0.035,7.2,AnAge
Ducula bicolor,Aves,Columbiformes,Columbidae,457.55,0.45755,14,AnAge
Geopelia humeralis,Aves,Columbiformes,Columbidae,128.65,0.12865,14,AnAge
Geopelia striata,Aves,Columbiformes,Columbidae,56.6,0.0566,18.7,AnAge
Leptotila verreauxi,Aves,Columbiformes,Columbidae,131,0.131,8.6,AnAge
Leucosarcia melanoleuca,Aves,Columbiformes,Columbidae,445,0.445,16.3,AnAge
Ocyphaps lophotes,Aves,Columbiformes,Columbidae,204.5,0.2045,17.3,AnAge
Patagioenas fasciata,Aves,Columbiformes,Columbidae,315,0.315,18.5,AnAge
Patagioenas leucocephala,Aves,Columbiformes,Columbidae,247,0.247,14.4,AnAge
Phaps chalcoptera,Aves,Columbiformes,Columbidae,338.5,0.3385,5.1,AnAge
Streptopelia chinensis,Aves,Columbiformes,Columbidae,159,0.159,16.7,AnAge
Streptopelia decaocto,Aves,Columbiformes,Columbidae,157.4,0.1574,17.9,AnAge
Streptopelia turtur,Aves,Columbiformes,Columbidae,154,0.154,13.2,AnAge
Zenaida asiatica,Aves,Columbiformes,Columbidae,140,0.14,25,AnAge
Zenaida macroura,Aves,Columbiformes,Columbidae,123,0.123,31.3,AnAge
Alcedo atthis,Aves,Coraciiformes,Alcedinidae,34.3,0.0343,21,AnAge
Ceryle rudis,Aves,Coraciiformes,Alcedinidae,84.4,0.0844,3.9,AnAge
Chloroceryle americana,Aves,Coraciiformes,Alcedinidae,34,0.034,5,AnAge
Dacelo novaeguineae,Aves,Coraciiformes,Alcedinidae,305,0.305,26.8,AnAge
Halcyon smyrnensis,Aves,Coraciiformes,Alcedinidae,91.4,0.0914,5.5,AnAge
Syma torotoro,Aves,Coraciiformes,Alcedinidae,40.65,0.04065,5.7,AnAge
Tanysiptera sylvia,Aves,Coraciiformes,Alcedinidae,49.725,0.049725,9,AnAge
Coracias benghalensis,Aves,Coraciiformes,Coraciidae,158,0.158,8.9,AnAge
Coracias caudatus,Aves,Coraciiformes,Coraciidae,108,0.108,13.7,AnAge
Coracias garrulus,Aves,Coraciiformes,Coraciidae,146,0.146,9.2,AnAge
Merops apiaster,Aves,Coraciiformes,Meropidae,56.6,0.0566,5.9,AnAge
Merops bullockoides,Aves,Coraciiformes,Meropidae,34.8,0.0348,7,AnAge
Merops ornatus,Aves,Coraciiformes,Meropidae,29.5,0.0295,4.6,AnAge
Momotus mexicanus,Aves,Coraciiformes,Momotidae,75.7,0.0757,10.4,AnAge
Momotus momota,Aves,Coraciiformes,Momotidae,133,0.133,20.3,AnAge
Todus mexicanus,Aves,Coraciiformes,Todidae,5.9,0.0059,14,AnAge
Cacomantis flabelliformis,Aves,Cuculiformes,Cuculidae,49.85,0.04985,6,AnAge
Cacomantis variolosus,Aves,Cuculiformes,Cuculidae,33.5083,0.0335083,3.8,AnAge
Coccyzus americanus,Aves,Cuculiformes,Cuculidae,57.8,0.0578,5,AnAge
Coccyzus erythropthalmus,Aves,Cuculiformes,Cuculidae,37.5,0.0375,5,AnAge
Cuculus canorus,Aves,Cuculiformes,Cuculidae,111.6,0.1116,12.9,AnAge
Geococcyx californianus,Aves,Cuculiformes,Cuculidae,284.7,0.2847,9,AnAge
Saurothera vieilloti,Aves,Cuculiformes,Cuculidae,81.9,0.0819,7.6,AnAge
Scythrops novaehollandiae,Aves,Cuculiformes,Cuculidae,684.1,0.6841,7.3,AnAge
Eurypyga helias,Aves,Eurypygiformes,Eurypygidae,210,0.21,15,AnAge
Caracara cheriway,Aves,Falconiformes,Falconidae,1031,1.031,25.8,AnAge
Caracara plancus,Aves,Falconiformes,Falconidae,1348,1.348,37.6,AnAge
Falco berigora,Aves,Falconiformes,Falconidae,593.5,0.5935,24,AnAge
Falco cenchroides,Aves,Falconiformes,Falconidae,172.5,0.1725,7,AnAge
Falco cherrug,Aves,Falconiformes,Falconidae,966,0.966,15.9,AnAge
Falco columbarius,Aves,Falconiformes,Falconidae,195,0.195,12.7,AnAge
Falco eleonorae,Aves,Falconiformes,Falconidae,390,0.39,11.2,AnAge
Falco femoralis,Aves,Falconiformes,Falconidae,342.5,0.3425,12,AnAge
Falco mexicanus,Aves,Falconiformes,Falconidae,858,0.858,17.2,AnAge
Falco naumanni,Aves,Falconiformes,Falconidae,152.5,0.1525,10.9,AnAge
Falco peregrinus,Aves,Falconiformes,Falconidae,840,0.84,25,AnAge
Falco punctatus,Aves,Falconiformes,Falconidae,169.5,0.1695,10,AnAge
Falco rusticolus,Aves,Falconiformes,Falconidae,1406.5,1.4065,13.5,AnAge
Falco sparverius,Aves,Falconiformes,Falconidae,117,0.117,17,AnAge
Falco subbuteo,Aves,Falconiformes,Falconidae,208,0.208,14.9,AnAge
Falco subniger,Aves,Falconiformes,Falconidae,692.775,0.692775,11.6,AnAge
Falco tinnunculus,Aves,Falconiformes,Falconidae,184,0.184,23.8,AnAge
Falco vespertinus,Aves,Falconiformes,Falconidae,152.5,0.1525,13.2,AnAge
Crax globulosa,Aves,Galliformes,Cracidae,2500,2.5,20,AnAge
Crax rubra,Aves,Galliformes,Cracidae,4133,4.133,24,AnAge
Mitu tuberosum,Aves,Galliformes,Cracidae,2813,2.813,23,AnAge
Ortalis vetula,Aves,Galliformes,Cracidae,495.5,0.4955,8.8,AnAge
Alectura lathami,Aves,Galliformes,Megapodiidae,2340,2.34,12.5,AnAge
Leipoa ocellata,Aves,Galliformes,Megapodiidae,1867.5,1.8675,5.1,AnAge
Macrocephalon maleo,Aves,Galliformes,Megapodiidae,1564,1.564,23,AnAge
Callipepla californica,Aves,Galliformes,Odontophoridae,138,0.138,9.6,AnAge
Callipepla gambelii,Aves,Galliformes,Odontophoridae,126.1,0.1261,7.4,AnAge
Colinus virginianus,Aves,Galliformes,Odontophoridae,194,0.194,6.4,AnAge
Alectoris rufa,Aves,Galliformes,Phasianidae,528,0.528,6.2,AnAge
Bonasa umbellus,Aves,Galliformes,Phasianidae,644,0.644,11,AnAge
Centrocercus urophasianus,Aves,Galliformes,Phasianidae,1929.5,1.9295,7,AnAge
Chrysolophus amherstiae,Aves,Galliformes,Phasianidae,738,0.738,19.6,AnAge
Chrysolophus pictus,Aves,Galliformes,Phasianidae,625,0.625,13.4,AnAge
Coturnix chinensis,Aves,Galliformes,Phasianidae,45,0.045,5,AnAge
Coturnix coturnix,Aves,Galliformes,Phasianidae,97,0.097,14.6,AnAge
Coturnix japonica,Aves,Galliformes,Phasianidae,115,0.115,6,AnAge
Coturnix pectoralis,Aves,Galliformes,Phasianidae,100.975,0.100975,4.2,AnAge
Coturnix ypsilophora,Aves,Galliformes,Phasianidae,107.5,0.1075,4,AnAge
Dendragapus obscurus,Aves,Galliformes,Phasianidae,1131,1.131,14,AnAge
Falcipennis canadensis,Aves,Galliformes,Phasianidae,417.3,0.4173,13,AnAge
Francolinus francolinus,Aves,Galliformes,Phasianidae,453,0.453,7,AnAge
Francolinus pondicerianus,Aves,Galliformes,Phasianidae,334,0.334,8,AnAge
Gallus gallus,Aves,Galliformes,Phasianidae,2710,2.71,30,AnAge
Lagopus lagopus,Aves,Galliformes,Phasianidae,567,0.567,9,AnAge
Lagopus leucura,Aves,Galliformes,Phasianidae,326,0.326,15,AnAge
Lagopus muta,Aves,Galliformes,Phasianidae,535.5,0.5355,11.7,AnAge
Lyrurus tetrix,Aves,Galliformes,Phasianidae,1079,1.079,12.2,AnAge
Meleagris gallopavo,Aves,Galliformes,Phasianidae,6050,6.05,13,AnAge
Pavo cristatus,Aves,Galliformes,Phasianidae,4200,4.2,23.2,AnAge
Perdix perdix,Aves,Galliformes,Phasianidae,501,0.501,5.2,AnAge
Phasianus colchicus,Aves,Galliformes,Phasianidae,1094.8,1.0948,27,AnAge
Polyplectron napoleonis,Aves,Galliformes,Phasianidae,550,0.55,15,AnAge
Syrmaticus reevesii,Aves,Galliformes,Phasianidae,1239,1.239,9.2,AnAge
Tetrao urogallus,Aves,Galliformes,Phasianidae,4010,4.01,18,AnAge
Tetrastes bonasia,Aves,Galliformes,Phasianidae,429,0.429,7.2,AnAge
Tympanuchus cupido,Aves,Galliformes,Phasianidae,908,0.908,5,AnAge
Tympanuchus pallidicinctus,Aves,Galliformes,Phasianidae,794.5,0.7945,13.5,AnAge
Tympanuchus phasianellus,Aves,Galliformes,Phasianidae,908,0.908,7.5,AnAge
Gavia arctica,Aves,Gaviiformes,Gaviidae,2724,2.724,28,AnAge
Gavia immer,Aves,Gaviiformes,Gaviidae,3405,3.405,24.1,AnAge
Gavia stellata,Aves,Gaviiformes,Gaviidae,1816,1.816,24,AnAge
Anthropoides virgo,Aves,Gruiformes,Gruidae,2400,2.4,27,AnAge
Balearica regulorum,Aves,Gruiformes,Gruidae,3372,3.372,27.2,AnAge
Grus americana,Aves,Gruiformes,Gruidae,7500,7.5,40,AnAge
Grus antigone,Aves,Gruiformes,Gruidae,8663,8.663,41.8,AnAge
Grus canadensis,Aves,Gruiformes,Gruidae,3890,3.89,36.6,AnAge
Grus grus,Aves,Gruiformes,Gruidae,5500,5.5,43,AnAge
Grus japonensis,Aves,Gruiformes,Gruidae,8500,8.5,25.2,AnAge
Grus leucogeranus,Aves,Gruiformes,Gruidae,5931,5.931,36.2,AnAge
Grus monacha,Aves,Gruiformes,Gruidae,3700,3.7,24,AnAge
Grus rubicunda,Aves,Gruiformes,Gruidae,6250.5,6.2505,33,AnAge
Grus vipio,Aves,Gruiformes,Gruidae,5400,5.4,45,AnAge
Fulica americana,Aves,Gruiformes,Rallidae,450.8,0.4508,22.3,AnAge
Fulica atra,Aves,Gruiformes,Rallidae,412,0.412,20.6,AnAge
Gallinula chloropus,Aves,Gruiformes,Rallidae,392,0.392,18.6,AnAge
Gallinula tenebrosa,Aves,Gruiformes,Rallidae,531.5,0.5315,13.9,AnAge
Gallirallus australis,Aves,Gruiformes,Rallidae,899.3,0.8993,13.8,AnAge
Gallirallus sylvestris,Aves,Gruiformes,Rallidae,496,0.496,15.1,AnAge
Porphyrio porphyrio,Aves,Gruiformes,Rallidae,850,0.85,8.4,AnAge
Rallus aquaticus,Aves,Gruiformes,Rallidae,111.5,0.1115,8.9,AnAge
Rallus longirostris,Aves,Gruiformes,Rallidae,308,0.308,7.5,AnAge
Tauraco leucotis,Aves,Musophagiformes,Musophagidae,265,0.265,12.4,AnAge
Otis tarda,Aves,Otidiformes,Otididae,7895.5,7.8955,28.3,AnAge
Acanthiza chrysorrhoa,Aves,Passeriformes,Acanthizidae,9.375,0.009375,13.1,AnAge
Acanthiza ewingii,Aves,Passeriformes,Acanthizidae,6.95,0.00695,7.7,AnAge
Acanthiza inornata,Aves,Passeriformes,Acanthizidae,7,0.007,8.9,AnAge
Acanthiza katherina,Aves,Passeriformes,Acanthizidae,6.85,0.00685,15,AnAge
Acanthiza lineata,Aves,Passeriformes,Acanthizidae,7.1,0.0071,23.5,AnAge
Acanthiza nana,Aves,Passeriformes,Acanthizidae,6.35,0.00635,13.8,AnAge
Acanthiza pusilla,Aves,Passeriformes,Acanthizidae,7.6,0.0076,17.6,AnAge
Acanthiza reguloides,Aves,Passeriformes,Acanthizidae,7.7,0.0077,9.5,AnAge
Acanthiza uropygialis,Aves,Passeriformes,Acanthizidae,6.35,0.00635,7,AnAge
Aphelocephala leucopsis,Aves,Passeriformes,Acanthizidae,12.35,0.01235,14.3,AnAge
Gerygone fusca,Aves,Passeriformes,Acanthizidae,5.4,0.0054,6.5,AnAge
Gerygone levigaster,Aves,Passeriformes,Acanthizidae,6.2,0.0062,5.5,AnAge
Gerygone magnirostris,Aves,Passeriformes,Acanthizidae,6.8,0.0068,4.1,AnAge
Gerygone mouki,Aves,Passeriformes,Acanthizidae,5.25,0.00525,8.9,AnAge
Gerygone palpebrosa,Aves,Passeriformes,Acanthizidae,7.475,0.007475,4,AnAge
Gerygone tenebrosa,Aves,Passeriformes,Acanthizidae,7.85,0.00785,10.6,AnAge
Oreoscopus gutturalis,Aves,Passeriformes,Acanthizidae,20,0.02,4,AnAge
Origma solitaria,Aves,Passeriformes,Acanthizidae,14.35,0.01435,7,AnAge
Pycnoptilus floccosus,Aves,Passeriformes,Acanthizidae,31.4,0.0314,6.5,AnAge
Pyrrholaemus brunneus,Aves,Passeriformes,Acanthizidae,12.5,0.0125,9,AnAge
Sericornis citreogularis,Aves,Passeriformes,Acanthizidae,17.4,0.0174,15.6,AnAge
Sericornis frontalis,Aves,Passeriformes,Acanthizidae,13.4,0.0134,17.6,AnAge
Smicrornis brevirostris,Aves,Passeriformes,Acanthizidae,5.35,0.00535,7.4,AnAge
Acrocephalus arundinaceus,Aves,Passeriformes,Acrocephalidae,21.9,0.0219,10.1,AnAge
Acrocephalus australis,Aves,Passeriformes,Acrocephalidae,24.2,0.0242,7.1,AnAge
Acrocephalus dumetorum,Aves,Passeriformes,Acrocephalidae,11.2,0.0112,8,AnAge
Acrocephalus melanopogon,Aves,Passeriformes,Acrocephalidae,10.9,0.0109,11.2,AnAge
Acrocephalus palustris,Aves,Passeriformes,Acrocephalidae,10.8,0.0108,9.8,AnAge
Acrocephalus schoenobaenus,Aves,Passeriformes,Acrocephalidae,11.5,0.0115,11.8,AnAge
Acrocephalus scirpaceus,Aves,Passeriformes,Acrocephalidae,12.3,0.0123,16.9,AnAge
Acrocephalus sechellensis,Aves,Passeriformes,Acrocephalidae,15.9,0.0159,17,AnAge
Acrocephalus stentoreus,Aves,Passeriformes,Acrocephalidae,24.2,0.0242,10.6,AnAge
Hippolais icterina,Aves,Passeriformes,Acrocephalidae,12.5,0.0125,10.8,AnAge
Hippolais polyglotta,Aves,Passeriformes,Acrocephalidae,11,0.011,8.9,AnAge
Iduna pallida,Aves,Passeriformes,Acrocephalidae,9,0.009,7.9,AnAge
Aegithalos caudatus,Aves,Passeriformes,Aegithalidae,8.9,0.0089,11.1,AnAge
Psaltriparus minimus,Aves,Passeriformes,Aegithalidae,5.5,0.0055,9.1,AnAge
Alauda arvensis,Aves,Passeriformes,Alaudidae,31.7,0.0317,10.1,AnAge
Eremophila alpestris,Aves,Passeriformes,Alaudidae,26,0.026,8,AnAge
Galerida cristata,Aves,Passeriformes,Alaudidae,42.9,0.0429,11.6,AnAge
Lullula arborea,Aves,Passeriformes,Alaudidae,25.5,0.0255,6,AnAge
Artamus cyanopterus,Aves,Passeriformes,Artamidae,33,0.033,8.2,AnAge
Atrichornis clamosus,Aves,Passeriformes,Atrichornithidae,41.525,0.041525,7.8,AnAge
Bombycilla cedrorum,Aves,Passeriformes,Bombycillidae,30,0.03,8.2,AnAge
Bombycilla garrulus,Aves,Passeriformes,Bombycillidae,72.5,0.0725,13.5,AnAge
Calcarius lapponicus,Aves,Passeriformes,Calcariidae,28.35,0.02835,6,AnAge
Calcarius pictus,Aves,Passeriformes,Calcariidae,26.65,0.02665,5,AnAge
Plectrophenax hyperboreus,Aves,Passeriformes,Calcariidae,42,0.042,4.8,AnAge
Plectrophenax nivalis,Aves,Passeriformes,Calcariidae,41.8,0.0418,10.2,AnAge
Coracina novaehollandiae,Aves,Passeriformes,Campephagidae,115.133,0.115133,9,AnAge
Coracina tenuirostris,Aves,Passeriformes,Campephagidae,58.5,0.0585,6.2,AnAge
Lalage leucomela,Aves,Passeriformes,Campephagidae,29.45,0.02945,4.8,AnAge
Lalage tricolor,Aves,Passeriformes,Campephagidae,25.5,0.0255,3.1,AnAge
Cardinalis cardinalis,Aves,Passeriformes,Cardinalidae,41,0.041,28.5,AnAge
Cyanocompsa parellina,Aves,Passeriformes,Cardinalidae,15.7,0.0157,10.8,AnAge
Passerina amoena,Aves,Passeriformes,Cardinalidae,15.15,0.01515,9.9,AnAge
Passerina caerulea,Aves,Passeriformes,Cardinalidae,28.4,0.0284,10.2,AnAge
Passerina ciris,Aves,Passeriformes,Cardinalidae,14.75,0.01475,12,AnAge
Passerina cyanea,Aves,Passeriformes,Cardinalidae,15,0.015,11,AnAge
Pheucticus ludovicianus,Aves,Passeriformes,Cardinalidae,47.325,0.047325,24,AnAge
Pheucticus melanocephalus,Aves,Passeriformes,Cardinalidae,42,0.042,25,AnAge
Piranga ludoviciana,Aves,Passeriformes,Cardinalidae,30,0.03,15.3,AnAge
Piranga olivacea,Aves,Passeriformes,Cardinalidae,29,0.029,11.9,AnAge
Piranga rubra,Aves,Passeriformes,Cardinalidae,40,0.04,7.9,AnAge
Spiza americana,Aves,Passeriformes,Cardinalidae,33,0.033,4.8,AnAge
Certhia familiaris,Aves,Passeriformes,Certhiidae,9.1,0.0091,8.2,AnAge
Cettia cetti,Aves,Passeriformes,Cettiidae,13.3,0.0133,9.3,AnAge
Cinclus cinclus,Aves,Passeriformes,Cinclidae,61.7,0.0617,10.6,AnAge
Cinclus mexicanus,Aves,Passeriformes,Cinclidae,50.2,0.0502,8.1,AnAge
Cisticola exilis,Aves,Passeriformes,Cisticolidae,7.325,0.007325,3.6,AnAge
Climacteris erythrops,Aves,Passeriformes,Climacteridae,23.3,0.0233,8.2,AnAge
Climacteris picumnus,Aves,Passeriformes,Climacteridae,29.4,0.0294,13.9,AnAge
Corcorax melanoramphos,Aves,Passeriformes,Corcoracidae,364,0.364,17.6,AnAge
Struthidea cinerea,Aves,Passeriformes,Corcoracidae,132,0.132,25,AnAge
Aphelocoma californica,Aves,Passeriformes,Corvidae,88.7,0.0887,15.8,AnAge
Aphelocoma coerulescens,Aves,Passeriformes,Corvidae,78.7,0.0787,15,AnAge
Aphelocoma insularis,Aves,Passeriformes,Corvidae,114,0.114,15.3,AnAge
Aphelocoma ultramarina,Aves,Passeriformes,Corvidae,130,0.13,25,AnAge
Coloeus monedula,Aves,Passeriformes,Corvidae,246,0.246,20.3,AnAge
Corvus bennetti,Aves,Passeriformes,Corvidae,396.25,0.39625,16.4,AnAge
Corvus brachyrhynchos,Aves,Passeriformes,Corvidae,384.8,0.3848,20,AnAge
Corvus caurinus,Aves,Passeriformes,Corvidae,294,0.294,16.7,AnAge
Corvus corax,Aves,Passeriformes,Corvidae,1203,1.203,69,AnAge
Corvus cornix,Aves,Passeriformes,Corvidae,544.5,0.5445,16.8,AnAge
Corvus corone,Aves,Passeriformes,Corvidae,518,0.518,19.2,AnAge
Corvus coronoides,Aves,Passeriformes,Corvidae,645,0.645,22.5,AnAge
Corvus cryptoleucus,Aves,Passeriformes,Corvidae,640,0.64,21.8,AnAge
Corvus frugilegus,Aves,Passeriformes,Corvidae,390,0.39,23.8,AnAge
Corvus hawaiiensis,Aves,Passeriformes,Corvidae,520,0.52,25,AnAge
Corvus mellori,Aves,Passeriformes,Corvidae,536.75,0.53675,19.8,AnAge
Corvus ossifragus,Aves,Passeriformes,Corvidae,418,0.418,14.5,AnAge
Cyanocitta cristata,Aves,Passeriformes,Corvidae,80.8,0.0808,26.2,AnAge
Cyanocitta stelleri,Aves,Passeriformes,Corvidae,99.1,0.0991,16.1,AnAge
Cyanocorax caeruleus,Aves,Passeriformes,Corvidae,272,0.272,36,AnAge
Garrulus glandarius,Aves,Passeriformes,Corvidae,153,0.153,17.9,AnAge
Gymnorhinus cyanocephalus,Aves,Passeriformes,Corvidae,105,0.105,14.6,AnAge
Nucifraga caryocatactes,Aves,Passeriformes,Corvidae,147,0.147,19.9,AnAge
Nucifraga columbiana,Aves,Passeriformes,Corvidae,130,0.13,17.4,AnAge
Perisoreus canadensis,Aves,Passeriformes,Corvidae,70.3,0.0703,19.2,AnAge
Perisoreus infaustus,Aves,Passeriformes,Corvidae,84.4,0.0844,17.9,AnAge
Pica hudsonia,Aves,Passeriformes,Corvidae,158.9,0.1589,20,AnAge
Pica nuttalli,Aves,Passeriformes,Corvidae,151.9,0.1519,10,AnAge
Pica pica,Aves,Passeriformes,Corvidae,178,0.178,21.7,AnAge
Pyrrhocorax graculus,Aves,Passeriformes,Corvidae,211.5,0.2115,24.4,AnAge
Pyrrhocorax pyrrhocorax,Aves,Passeriformes,Corvidae,277.8,0.2778,20.3,AnAge
Rupicola rupicola,Aves,Passeriformes,Cotingidae,195,0.195,7,AnAge
Cracticus nigrogularis,Aves,Passeriformes,Cracticidae,126.65,0.12665,22.2,AnAge
Cracticus torquatus,Aves,Passeriformes,Cracticidae,80.675,0.080675,20.2,AnAge
Strepera fuliginosa,Aves,Passeriformes,Cracticidae,343,0.343,24,AnAge
Strepera graculina,Aves,Passeriformes,Cracticidae,283.5,0.2835,24.2,AnAge
Strepera versicolor,Aves,Passeriformes,Cracticidae,400,0.4,19.6,AnAge
Dasyornis brachypterus,Aves,Passeriformes,Dasyornithidae,41.5,0.0415,4.8,AnAge
Dicaeum hirundinaceum,Aves,Passeriformes,Dicaeidae,8.8,0.0088,9.7,AnAge
Dicrurus bracteatus,Aves,Passeriformes,Dicruridae,82.25,0.08225,7.9,AnAge
Ammodramus caudacutus,Aves,Passeriformes,Emberizidae,16.5,0.0165,10,AnAge
Ammodramus henslowii,Aves,Passeriformes,Emberizidae,12.5,0.0125,6.5,AnAge
Ammodramus leconteii,Aves,Passeriformes,Emberizidae,13.4,0.0134,4.1,AnAge
Ammodramus maritimus,Aves,Passeriformes,Emberizidae,20,0.02,9,AnAge
Ammodramus nelsoni,Aves,Passeriformes,Emberizidae,15.2,0.0152,7.1,AnAge
Emberiza aureola,Aves,Passeriformes,Emberizidae,19.6,0.0196,7,AnAge
Emberiza calandra,Aves,Passeriformes,Emberizidae,48.8,0.0488,10.6,AnAge
Emberiza cirlus,Aves,Passeriformes,Emberizidae,25.6,0.0256,6.1,AnAge
Emberiza citrinella,Aves,Passeriformes,Emberizidae,26.8,0.0268,13.2,AnAge
Emberiza hortulana,Aves,Passeriformes,Emberizidae,27,0.027,6.8,AnAge
Emberiza melanocephala,Aves,Passeriformes,Emberizidae,28.4,0.0284,11,AnAge
Emberiza schoeniclus,Aves,Passeriformes,Emberizidae,17.6,0.0176,12.2,AnAge
Erythrura gouldiae,Aves,Passeriformes,Estrildidae,12,0.012,6,AnAge
Lonchura striata,Aves,Passeriformes,Estrildidae,10.3,0.0103,10,AnAge
Neochmia phaeton,Aves,Passeriformes,Estrildidae,9.7,0.0097,5.8,AnAge
Neochmia ruficauda,Aves,Passeriformes,Estrildidae,10.6,0.0106,3.4,AnAge
Neochmia temporalis,Aves,Passeriformes,Estrildidae,11.45,0.01145,23.4,AnAge
Poephila acuticauda,Aves,Passeriformes,Estrildidae,14,0.014,6,AnAge
Poephila personata,Aves,Passeriformes,Estrildidae,13.375,0.013375,6.9,AnAge
Stagonopleura bella,Aves,Passeriformes,Estrildidae,14,0.014,4.5,AnAge
Stagonopleura guttata,Aves,Passeriformes,Estrildidae,17.6,0.0176,5.4,AnAge
Stagonopleura oculata,Aves,Passeriformes,Estrildidae,13,0.013,5.2,AnAge
Taeniopygia bichenovii,Aves,Passeriformes,Estrildidae,9.5,0.0095,5.4,AnAge
Taeniopygia guttata,Aves,Passeriformes,Estrildidae,12,0.012,12,AnAge
Acanthis flammea,Aves,Passeriformes,Fringillidae,14,0.014,12.2,AnAge
Acanthis hornemanni,Aves,Passeriformes,Fringillidae,19.25,0.01925,6.8,AnAge
Carduelis carduelis,Aves,Passeriformes,Fringillidae,16,0.016,27,AnAge
Carpodacus erythrinus,Aves,Passeriformes,Fringillidae,21.6,0.0216,9,AnAge
Chloris chloris,Aves,Passeriformes,Fringillidae,26,0.026,13.6,AnAge
Chlorodrepanis stejnegeri,Aves,Passeriformes,Fringillidae,16.65,0.01665,9,AnAge
Chlorodrepanis virens,Aves,Passeriformes,Fringillidae,13.35,0.01335,12,AnAge
Coccothraustes coccothraustes,Aves,Passeriformes,Fringillidae,56.6,0.0566,12.6,AnAge
Fringilla coelebs,Aves,Passeriformes,Fringillidae,21,0.021,29,AnAge
Fringilla montifringilla,Aves,Passeriformes,Fringillidae,21,0.021,14.8,AnAge
Haemorhous cassinii,Aves,Passeriformes,Fringillidae,27.4,0.0274,7,AnAge
Haemorhous mexicanus,Aves,Passeriformes,Fringillidae,20.4,0.0204,11.6,AnAge
Haemorhous purpureus,Aves,Passeriformes,Fringillidae,25.42,0.02542,14,AnAge
Hemignathus wilsoni,Aves,Passeriformes,Fringillidae,28,0.028,13,AnAge
Hesperiphona vespertina,Aves,Passeriformes,Fringillidae,54.5,0.0545,17,AnAge
Himatione sanguinea,Aves,Passeriformes,Fringillidae,13.5,0.0135,11,AnAge
Leucosticte atrata,Aves,Passeriformes,Fringillidae,24,0.024,8.6,AnAge
Leucosticte australis,Aves,Passeriformes,Fringillidae,26.6,0.0266,5.9,AnAge
Leucosticte tephrocotis,Aves,Passeriformes,Fringillidae,35.7,0.0357,6.6,AnAge
Linaria cannabina,Aves,Passeriformes,Fringillidae,19.5,0.0195,9.4,AnAge
Linaria flavirostris,Aves,Passeriformes,Fringillidae,15.4,0.0154,6.1,AnAge
Loxia curvirostra,Aves,Passeriformes,Fringillidae,39.4,0.0394,16.1,AnAge
Loxia leucoptera,Aves,Passeriformes,Fringillidae,29.8,0.0298,4,AnAge
Loxioides bailleui,Aves,Passeriformes,Fringillidae,37.85,0.03785,13,AnAge
Loxops coccineus,Aves,Passeriformes,Fringillidae,10.4,0.0104,10,AnAge
Magumma parva,Aves,Passeriformes,Fringillidae,10,0.01,9.5,AnAge
Melamprosops phaeosoma,Aves,Passeriformes,Fringillidae,25.5,0.0255,9.2,AnAge
Palmeria dolei,Aves,Passeriformes,Fringillidae,26.2,0.0262,9.2,AnAge
Pinicola enucleator,Aves,Passeriformes,Fringillidae,65.3,0.0653,9.8,AnAge
Pyrrhula pyrrhula,Aves,Passeriformes,Fringillidae,24.4,0.0244,17.5,AnAge
Serinus canaria,Aves,Passeriformes,Fringillidae,13.3,0.0133,24,AnAge
Spinus pinus,Aves,Passeriformes,Fringillidae,14,0.014,11,AnAge
Spinus psaltria,Aves,Passeriformes,Fringillidae,9.23,0.00923,5.7,AnAge
Spinus spinus,Aves,Passeriformes,Fringillidae,13.2,0.0132,13.5,AnAge
Spinus tristis,Aves,Passeriformes,Fringillidae,13.6,0.0136,13,AnAge
Telespiza cantans,Aves,Passeriformes,Fringillidae,33.3,0.0333,12,AnAge
Telespiza ultima,Aves,Passeriformes,Fringillidae,24.5,0.0245,12,AnAge
Vestiaria coccinea,Aves,Passeriformes,Fringillidae,18.3,0.0183,8.8,AnAge
Dendrocincla anabatina,Aves,Passeriformes,Furnariidae,34.4,0.0344,11,AnAge
Thripadectes melanorhynchus,Aves,Passeriformes,Furnariidae,44.3,0.0443,10,AnAge
Cecropis daurica,Aves,Passeriformes,Hirundinidae,22.2,0.0222,9,AnAge
Delichon urbicum,Aves,Passeriformes,Hirundinidae,14.5,0.0145,15,AnAge
Hirundo neoxena,Aves,Passeriformes,Hirundinidae,15,0.015,11.5,AnAge
Hirundo rustica,Aves,Passeriformes,Hirundinidae,18,0.018,16,AnAge
Petrochelidon ariel,Aves,Passeriformes,Hirundinidae,11.025,0.011025,5.3,AnAge
Petrochelidon fulva,Aves,Passeriformes,Hirundinidae,20.15,0.02015,12.2,AnAge
Petrochelidon nigricans,Aves,Passeriformes,Hirundinidae,15.4,0.0154,6.1,AnAge
Petrochelidon pyrrhonota,Aves,Passeriformes,Hirundinidae,23.24,0.02324,11.8,AnAge
Progne subis,Aves,Passeriformes,Hirundinidae,45,0.045,13.8,AnAge
Riparia riparia,Aves,Passeriformes,Hirundinidae,13.6,0.0136,10.1,AnAge
Stelgidopteryx ruficollis,Aves,Passeriformes,Hirundinidae,16,0.016,5.9,AnAge
Stelgidopteryx serripennis,Aves,Passeriformes,Hirundinidae,15.7,0.0157,5.9,AnAge
Tachycineta bicolor,Aves,Passeriformes,Hirundinidae,19,0.019,12.1,AnAge
Tachycineta thalassina,Aves,Passeriformes,Hirundinidae,14.2,0.0142,9.1,AnAge
Agelaius phoeniceus,Aves,Passeriformes,Icteridae,56.7,0.0567,20,AnAge
Agelaius tricolor,Aves,Passeriformes,Icteridae,56.5,0.0565,13.2,AnAge
Agelaius xanthomus,Aves,Passeriformes,Icteridae,38.4,0.0384,12.6,AnAge
Dolichonyx oryzivorus,Aves,Passeriformes,Icteridae,35,0.035,9,AnAge
Euphagus carolinus,Aves,Passeriformes,Icteridae,60.8,0.0608,8.8,AnAge
Euphagus cyanocephalus,Aves,Passeriformes,Icteridae,64.55,0.06455,12.5,AnAge
Icterus bullockii,Aves,Passeriformes,Icteridae,36.62,0.03662,8.9,AnAge
Icterus cucullatus,Aves,Passeriformes,Icteridae,24.3,0.0243,6,AnAge
Icterus galbula,Aves,Passeriformes,Icteridae,37.5,0.0375,14,AnAge
Icterus leucopteryx,Aves,Passeriformes,Icteridae,36.9,0.0369,12.2,AnAge
Icterus parisorum,Aves,Passeriformes,Icteridae,36.2,0.0362,6.4,AnAge
Icterus pectoralis,Aves,Passeriformes,Icteridae,46.5,0.0465,11.6,AnAge
Icterus spurius,Aves,Passeriformes,Icteridae,21,0.021,17.7,AnAge
Molothrus ater,Aves,Passeriformes,Icteridae,42.5,0.0425,16.9,AnAge
Quiscalus major,Aves,Passeriformes,Icteridae,152.6,0.1526,13.9,AnAge
Quiscalus mexicanus,Aves,Passeriformes,Icteridae,168.7,0.1687,12.5,AnAge
Quiscalus quiscula,Aves,Passeriformes,Icteridae,111,0.111,23.1,AnAge
Sturnella magna,Aves,Passeriformes,Icteridae,94.71,0.09471,12.6,AnAge
Sturnella neglecta,Aves,Passeriformes,Icteridae,85,0.085,10,AnAge
Xanthocephalus xanthocephalus,Aves,Passeriformes,Icteridae,75.75,0.07575,18,AnAge
Lanius collurio,Aves,Passeriformes,Laniidae,27,0.027,10.1,AnAge
Lanius excubitor,Aves,Passeriformes,Laniidae,72.4,0.0724,12,AnAge
Lanius ludovicianus,Aves,Passeriformes,Laniidae,46,0.046,12.5,AnAge
Lanius senator,Aves,Passeriformes,Laniidae,36,0.036,5.7,AnAge
Leiothrix lutea,Aves,Passeriformes,Leiothrichidae,21.5,0.0215,15,AnAge
Turdoides squamiceps,Aves,Passeriformes,Leiothrichidae,73.5,0.0735,13.5,AnAge
Turdoides striata,Aves,Passeriformes,Leiothrichidae,66,0.066,16.5,AnAge
Locustella fluviatilis,Aves,Passeriformes,Locustellidae,16.1,0.0161,6.9,AnAge
Locustella luscinioides,Aves,Passeriformes,Locustellidae,13.9,0.0139,9.8,AnAge
Locustella naevia,Aves,Passeriformes,Locustellidae,13.3,0.0133,5.9,AnAge
Megalurus gramineus,Aves,Passeriformes,Locustellidae,14.3,0.0143,3.3,AnAge
Megalurus timoriensis,Aves,Passeriformes,Locustellidae,24.775,0.024775,3.2,AnAge
Machaerirhynchus flaviventer,Aves,Passeriformes,Machaerirhynchidae,10.5,0.0105,12,AnAge
Amytornis barbatus,Aves,Passeriformes,Maluridae,18.2,0.0182,3,AnAge
Malurus amabilis,Aves,Passeriformes,Maluridae,8.65,0.00865,12,AnAge
Malurus coronatus,Aves,Passeriformes,Maluridae,11.1,0.0111,5.5,AnAge
Malurus cyaneus,Aves,Passeriformes,Maluridae,10.4,0.0104,10.5,AnAge
Malurus elegans,Aves,Passeriformes,Maluridae,9.75,0.00975,10,AnAge
Malurus lamberti,Aves,Passeriformes,Maluridae,8.15,0.00815,11,AnAge
Malurus leucopterus,Aves,Passeriformes,Maluridae,7.4,0.0074,6,AnAge
Malurus melanocephalus,Aves,Passeriformes,Maluridae,7.9,0.0079,7.7,AnAge
Malurus pulcherrimus,Aves,Passeriformes,Maluridae,9.2,0.0092,6.4,AnAge
Malurus splendens,Aves,Passeriformes,Maluridae,9.3125,0.0093125,11,AnAge
Stipiturus malachurus,Aves,Passeriformes,Maluridae,7.525,0.007525,3.7,AnAge
Acanthagenys rufogularis,Aves,Passeriformes,Meliphagidae,47.8,0.0478,13.6,AnAge
Acanthorhynchus superciliosus,Aves,Passeriformes,Meliphagidae,9.75,0.00975,10.7,AnAge
Acanthorhynchus tenuirostris,Aves,Passeriformes,Meliphagidae,9.7875,0.0097875,15.5,AnAge
Anthochaera carunculata,Aves,Passeriformes,Meliphagidae,102.55,0.10255,13.3,AnAge
Anthochaera chrysoptera,Aves,Passeriformes,Meliphagidae,66.075,0.066075,7.1,AnAge
Anthochaera lunulata,Aves,Passeriformes,Meliphagidae,63.8,0.0638,11.5,AnAge
Anthochaera paradoxa,Aves,Passeriformes,Meliphagidae,145.9,0.1459,9.8,AnAge
Conopophila albogularis,Aves,Passeriformes,Meliphagidae,11.4,0.0114,3.7,AnAge
Conopophila rufogularis,Aves,Passeriformes,Meliphagidae,10.8,0.0108,9.8,AnAge
Entomyzon cyanotis,Aves,Passeriformes,Meliphagidae,101.425,0.101425,9.1,AnAge
Lichenostomus chrysops,Aves,Passeriformes,Meliphagidae,17.3,0.0173,12.6,AnAge
Lichenostomus cratitius,Aves,Passeriformes,Meliphagidae,20.4,0.0204,13.7,AnAge
Lichenostomus fasciogularis,Aves,Passeriformes,Meliphagidae,26.9,0.0269,4.5,AnAge
Lichenostomus flavescens,Aves,Passeriformes,Meliphagidae,12.4,0.0124,6.5,AnAge
Lichenostomus flavicollis,Aves,Passeriformes,Meliphagidae,29,0.029,5,AnAge
Lichenostomus flavus,Aves,Passeriformes,Meliphagidae,21.4,0.0214,4.2,AnAge
Lichenostomus frenatus,Aves,Passeriformes,Meliphagidae,34.2,0.0342,4.9,AnAge
Lichenostomus fuscus,Aves,Passeriformes,Meliphagidae,17.8,0.0178,17.6,AnAge
Lichenostomus leucotis,Aves,Passeriformes,Meliphagidae,24,0.024,12.8,AnAge
Lichenostomus melanops,Aves,Passeriformes,Meliphagidae,31.85,0.03185,15.3,AnAge
Lichenostomus ornatus,Aves,Passeriformes,Meliphagidae,17.6,0.0176,9.1,AnAge
Lichenostomus penicillatus,Aves,Passeriformes,Meliphagidae,19.4,0.0194,15.9,AnAge
Lichenostomus unicolor,Aves,Passeriformes,Meliphagidae,30.8,0.0308,12.2,AnAge
Lichenostomus virescens,Aves,Passeriformes,Meliphagidae,23.4,0.0234,10.5,AnAge
Lichmera indistincta,Aves,Passeriformes,Meliphagidae,10.8,0.0108,13.2,AnAge
Manorina flavigula,Aves,Passeriformes,Meliphagidae,52.6,0.0526,12.1,AnAge
Manorina melanocephala,Aves,Passeriformes,Meliphagidae,60.575,0.060575,12.4,AnAge
Manorina melanophrys,Aves,Passeriformes,Meliphagidae,29.725,0.029725,13.6,AnAge
Meliphaga gracilis,Aves,Passeriformes,Meliphagidae,14.75,0.01475,12,AnAge
Meliphaga lewinii,Aves,Passeriformes,Meliphagidae,34.4,0.0344,15.9,AnAge
Meliphaga notata,Aves,Passeriformes,Meliphagidae,26.325,0.026325,11.2,AnAge
Melithreptus affinis,Aves,Passeriformes,Meliphagidae,15,0.015,8.7,AnAge
Melithreptus albogularis,Aves,Passeriformes,Meliphagidae,10.9,0.0109,10.5,AnAge
Melithreptus brevirostris,Aves,Passeriformes,Meliphagidae,12.825,0.012825,12.2,AnAge
Melithreptus gularis,Aves,Passeriformes,Meliphagidae,19.5,0.0195,10,AnAge
Melithreptus lunatus,Aves,Passeriformes,Meliphagidae,13.85,0.01385,12.3,AnAge
Melithreptus validirostris,Aves,Passeriformes,Meliphagidae,24.85,0.02485,5.4,AnAge
Myzomela erythrocephala,Aves,Passeriformes,Meliphagidae,7.75,0.00775,7.1,AnAge
Myzomela obscura,Aves,Passeriformes,Meliphagidae,12.25,0.01225,12,AnAge
Myzomela sanguinolenta,Aves,Passeriformes,Meliphagidae,8.1,0.0081,10,AnAge
Philemon citreogularis,Aves,Passeriformes,Meliphagidae,62.25,0.06225,10.6,AnAge
Philemon corniculatus,Aves,Passeriformes,Meliphagidae,103.375,0.103375,9.8,AnAge
Phylidonyris niger,Aves,Passeriformes,Meliphagidae,18,0.018,11.6,AnAge
Phylidonyris novaehollandiae,Aves,Passeriformes,Meliphagidae,18.5,0.0185,22.9,AnAge
Phylidonyris pyrrhopterus,Aves,Passeriformes,Meliphagidae,15.525,0.015525,9.9,AnAge
Plectorhyncha lanceolata,Aves,Passeriformes,Meliphagidae,39.75,0.03975,4.4,AnAge
Xanthotis flaviventer,Aves,Passeriformes,Meliphagidae,37.625,0.037625,9,AnAge
Xanthotis macleayanus,Aves,Passeriformes,Meliphagidae,29.425,0.029425,8,AnAge
Menura novaehollandiae,Aves,Passeriformes,Menuridae,979.95,0.97995,17.9,AnAge
Dumetella carolinensis,Aves,Passeriformes,Mimidae,34.5,0.0345,17.9,AnAge
Margarops fuscatus,Aves,Passeriformes,Mimidae,98.6,0.0986,17,AnAge
Mimus polyglottos,Aves,Passeriformes,Mimidae,53,0.053,20,AnAge
Toxostoma bendirei,Aves,Passeriformes,Mimidae,62.2,0.0622,9.5,AnAge
Toxostoma crissale,Aves,Passeriformes,Mimidae,62.7,0.0627,4.8,AnAge
Toxostoma curvirostre,Aves,Passeriformes,Mimidae,80.65,0.08065,10.8,AnAge
Toxostoma lecontei,Aves,Passeriformes,Mimidae,61.82,0.06182,5.7,AnAge
Toxostoma longirostre,Aves,Passeriformes,Mimidae,67.65,0.06765,7.8,AnAge
Toxostoma redivivum,Aves,Passeriformes,Mimidae,84.4,0.0844,6.9,AnAge
Toxostoma rufum,Aves,Passeriformes,Mimidae,67,0.067,12.8,AnAge
Arses kaupi,Aves,Passeriformes,Monarchidae,13.6,0.0136,4,AnAge
Chasiempis sandwichensis,Aves,Passeriformes,Monarchidae,15,0.015,17.8,AnAge
Grallina cyanoleuca,Aves,Passeriformes,Monarchidae,79.9,0.0799,12.1,AnAge
Monarcha melanopsis,Aves,Passeriformes,Monarchidae,23,0.023,5.2,AnAge
Myiagra alecto,Aves,Passeriformes,Monarchidae,24.6,0.0246,5.2,AnAge
Myiagra rubecula,Aves,Passeriformes,Monarchidae,12.65,0.01265,6.2,AnAge
Myiagra ruficollis,Aves,Passeriformes,Monarchidae,10.225,0.010225,8.6,AnAge
Anthus cervinus,Aves,Passeriformes,Motacillidae,20.9,0.0209,4.5,AnAge
Anthus petrosus,Aves,Passeriformes,Motacillidae,22.4,0.0224,10.9,AnAge
Anthus pratensis,Aves,Passeriformes,Motacillidae,18.9,0.0189,13.1,AnAge
Anthus rubescens,Aves,Passeriformes,Motacillidae,20.8,0.0208,5.1,AnAge
Anthus spinoletta,Aves,Passeriformes,Motacillidae,21.2,0.0212,8.8,AnAge
Anthus trivialis,Aves,Passeriformes,Motacillidae,19.7,0.0197,8.8,AnAge
Motacilla alba,Aves,Passeriformes,Motacillidae,18,0.018,13.7,AnAge
Motacilla cinerea,Aves,Passeriformes,Motacillidae,17.2,0.0172,8,AnAge
Motacilla flava,Aves,Passeriformes,Motacillidae,14.7,0.0147,8.8,AnAge
Copsychus malabaricus,Aves,Passeriformes,Muscicapidae,29.35,0.02935,7,AnAge
Erithacus rubecula,Aves,Passeriformes,Muscicapidae,17.6,0.0176,19.3,AnAge
Erythropygia galactotes,Aves,Passeriformes,Muscicapidae,20.3,0.0203,7,AnAge
Ficedula albicollis,Aves,Passeriformes,Muscicapidae,12.7,0.0127,9.8,AnAge
Ficedula hypoleuca,Aves,Passeriformes,Muscicapidae,11.7,0.0117,15,AnAge
Luscinia luscinia,Aves,Passeriformes,Muscicapidae,23.8,0.0238,8.9,AnAge
Luscinia megarhynchos,Aves,Passeriformes,Muscicapidae,19.7,0.0197,10.9,AnAge
Luscinia svecica,Aves,Passeriformes,Muscicapidae,17.3,0.0173,11.4,AnAge
Muscicapa striata,Aves,Passeriformes,Muscicapidae,14.4,0.0144,11.8,AnAge
Oenanthe hispanica,Aves,Passeriformes,Muscicapidae,15.1,0.0151,4.9,AnAge
Oenanthe oenanthe,Aves,Passeriformes,Muscicapidae,25,0.025,10.1,AnAge
Phoenicurus ochruros,Aves,Passeriformes,Muscicapidae,16.5,0.0165,10.2,AnAge
Phoenicurus phoenicurus,Aves,Passeriformes,Muscicapidae,14.6,0.0146,10.2,AnAge
Saxicola rubetra,Aves,Passeriformes,Muscicapidae,16.6,0.0166,6.9,AnAge
Saxicola torquatus,Aves,Passeriformes,Muscicapidae,10.3,0.0103,8.8,AnAge
Cinnyris asiaticus,Aves,Passeriformes,Nectariniidae,8.1,0.0081,22,AnAge
Daphoenositta chrysoptera,Aves,Passeriformes,Neosittidae,11.7,0.0117,6.9,AnAge
Nesospingus speculiferus,Aves,Passeriformes,Nesospingidae,35.2,0.0352,4,AnAge
Oreoica gutturalis,Aves,Passeriformes,Oreoicidae,63.125,0.063125,5,AnAge
Oriolus chinensis,Aves,Passeriformes,Oriolidae,82.6,0.0826,29,AnAge
Oriolus oriolus,Aves,Passeriformes,Oriolidae,79,0.079,14.8,AnAge
Oriolus sagittatus,Aves,Passeriformes,Oriolidae,96.6,0.0966,7.1,AnAge
Oriolus xanthornus,Aves,Passeriformes,Oriolidae,56.3,0.0563,15.5,AnAge
Sphecotheres viridis,Aves,Passeriformes,Oriolidae,121.5,0.1215,18,AnAge
Orthonyx spaldingii,Aves,Passeriformes,Orthonychidae,145.1,0.1451,16.5,AnAge
Colluricincla harmonica,Aves,Passeriformes,Pachycephalidae,67.625,0.067625,14.8,AnAge
Colluricincla megarhyncha,Aves,Passeriformes,Pachycephalidae,34.05,0.03405,19.3,AnAge
Falcunculus frontatus,Aves,Passeriformes,Pachycephalidae,28.1,0.0281,11.9,AnAge
Pachycephala inornata,Aves,Passeriformes,Pachycephalidae,30.75,0.03075,11,AnAge
Pachycephala lanioides,Aves,Passeriformes,Pachycephalidae,39.5,0.0395,15.7,AnAge
Pachycephala olivacea,Aves,Passeriformes,Pachycephalidae,41.2,0.0412,7.8,AnAge
Pachycephala pectoralis,Aves,Passeriformes,Pachycephalidae,32.7,0.0327,18,AnAge
Pachycephala rufiventris,Aves,Passeriformes,Pachycephalidae,23.125,0.023125,15.2,AnAge
Pachycephala simplex,Aves,Passeriformes,Pachycephalidae,17.5,0.0175,9.7,AnAge
Panurus biarmicus,Aves,Passeriformes,Panuridae,13.8,0.0138,7.1,AnAge
Paradisaea apoda,Aves,Passeriformes,Paradisaeidae,172,0.172,12.1,AnAge
Ptiloris magnificus,Aves,Passeriformes,Paradisaeidae,161,0.161,12,AnAge
Ptiloris victoriae,Aves,Passeriformes,Paradisaeidae,86.5,0.0865,8.9,AnAge
Pardalotus punctatus,Aves,Passeriformes,Pardalotidae,8.875,0.008875,4,AnAge
Pardalotus quadragintus,Aves,Passeriformes,Pardalotidae,10.7,0.0107,3.5,AnAge
Pardalotus striatus,Aves,Passeriformes,Pardalotidae,11.775,0.011775,6,AnAge
Baeolophus bicolor,Aves,Passeriformes,Paridae,21,0.021,13.3,AnAge
Baeolophus inornatus,Aves,Passeriformes,Paridae,15.9,0.0159,9,AnAge
Baeolophus wollweberi,Aves,Passeriformes,Paridae,10.4,0.0104,6.6,AnAge
Cyanistes caeruleus,Aves,Passeriformes,Paridae,10.3,0.0103,14.6,AnAge
Lophophanes cristatus,Aves,Passeriformes,Paridae,11.1,0.0111,11.6,AnAge
Parus major,Aves,Passeriformes,Paridae,17.9,0.0179,15.4,AnAge
Periparus ater,Aves,Passeriformes,Paridae,9.2,0.0092,9.5,AnAge
Poecile atricapillus,Aves,Passeriformes,Paridae,10.3,0.0103,12.4,AnAge
Poecile carolinensis,Aves,Passeriformes,Paridae,10.25,0.01025,10.9,AnAge
Poecile cinctus,Aves,Passeriformes,Paridae,12.5,0.0125,9,AnAge
Poecile gambeli,Aves,Passeriformes,Paridae,11.5,0.0115,10.1,AnAge
Poecile hudsonicus,Aves,Passeriformes,Paridae,10,0.01,7,AnAge
Poecile montanus,Aves,Passeriformes,Paridae,11.1,0.0111,11.3,AnAge
Poecile palustris,Aves,Passeriformes,Paridae,11.2,0.0112,13.2,AnAge
Poecile rufescens,Aves,Passeriformes,Paridae,9.8,0.0098,9.5,AnAge
Poecile sclateri,Aves,Passeriformes,Paridae,11,0.011,10.1,AnAge
Cardellina canadensis,Aves,Passeriformes,Parulidae,10,0.01,8,AnAge
Cardellina pusilla,Aves,Passeriformes,Parulidae,7,0.007,8.9,AnAge
Cardellina rubrifrons,Aves,Passeriformes,Parulidae,9.8,0.0098,3,AnAge
Geothlypis formosa,Aves,Passeriformes,Parulidae,14,0.014,6.9,AnAge
Geothlypis philadelphia,Aves,Passeriformes,Parulidae,10,0.01,7.9,AnAge
Geothlypis tolmiei,Aves,Passeriformes,Parulidae,10.4,0.0104,9,AnAge
Geothlypis trichas,Aves,Passeriformes,Parulidae,10.6,0.0106,11.5,AnAge
Helmitheros vermivorum,Aves,Passeriformes,Parulidae,12.5,0.0125,8.1,AnAge
Icteria virens,Aves,Passeriformes,Parulidae,26,0.026,8.9,AnAge
Leiothlypis celata,Aves,Passeriformes,Parulidae,9.3,0.0093,8.6,AnAge
Leiothlypis luciae,Aves,Passeriformes,Parulidae,6.6,0.0066,5.8,AnAge
Leiothlypis peregrina,Aves,Passeriformes,Parulidae,8.5,0.0085,6.4,AnAge
Leiothlypis ruficapilla,Aves,Passeriformes,Parulidae,7.5,0.0075,10.2,AnAge
Leiothlypis virginiae,Aves,Passeriformes,Parulidae,8.2,0.0082,6.2,AnAge
Limnothlypis swainsonii,Aves,Passeriformes,Parulidae,13.5,0.0135,9.9,AnAge
Mniotilta varia,Aves,Passeriformes,Parulidae,8.2,0.0082,12.2,AnAge
Myioborus pictus,Aves,Passeriformes,Parulidae,9.75,0.00975,6.6,AnAge
Parkesia motacilla,Aves,Passeriformes,Parulidae,22.5,0.0225,11.9,AnAge
Parkesia noveboracensis,Aves,Passeriformes,Parulidae,18.7,0.0187,8.9,AnAge
Protonotaria citrea,Aves,Passeriformes,Parulidae,12.8,0.0128,8.1,AnAge
Seiurus aurocapilla,Aves,Passeriformes,Parulidae,19,0.019,11,AnAge
Setophaga adelaidae,Aves,Passeriformes,Parulidae,7,0.007,10.6,AnAge
Setophaga americana,Aves,Passeriformes,Parulidae,7,0.007,7,AnAge
Setophaga caerulescens,Aves,Passeriformes,Parulidae,9.4,0.0094,10,AnAge
Setophaga castanea,Aves,Passeriformes,Parulidae,11.5,0.0115,4.9,AnAge
Setophaga cerulea,Aves,Passeriformes,Parulidae,8.625,0.008625,6,AnAge
Setophaga chrysoparia,Aves,Passeriformes,Parulidae,10.2,0.0102,11,AnAge
Setophaga citrina,Aves,Passeriformes,Parulidae,12,0.012,8.2,AnAge
Setophaga coronata,Aves,Passeriformes,Parulidae,11.5,0.0115,10,AnAge
Setophaga discolor,Aves,Passeriformes,Parulidae,7,0.007,10.3,AnAge
Setophaga dominica,Aves,Passeriformes,Parulidae,9.8,0.0098,6.1,AnAge
Setophaga fusca,Aves,Passeriformes,Parulidae,9,0.009,8.2,AnAge
Setophaga kirtlandii,Aves,Passeriformes,Parulidae,15.5,0.0155,9,AnAge
Setophaga magnolia,Aves,Passeriformes,Parulidae,7.5,0.0075,8,AnAge
Setophaga occidentalis,Aves,Passeriformes,Parulidae,10,0.01,9.1,AnAge
Setophaga palmarum,Aves,Passeriformes,Parulidae,9.8,0.0098,6.6,AnAge
Setophaga pensylvanica,Aves,Passeriformes,Parulidae,9,0.009,6.9,AnAge
Setophaga petechia,Aves,Passeriformes,Parulidae,9.8,0.0098,11,AnAge
Setophaga pinus,Aves,Passeriformes,Parulidae,12,0.012,10.2,AnAge
Setophaga ruticilla,Aves,Passeriformes,Parulidae,8.5,0.0085,10.1,AnAge
Setophaga striata,Aves,Passeriformes,Parulidae,15,0.015,8.1,AnAge
Setophaga townsendi,Aves,Passeriformes,Parulidae,8.85,0.00885,10.7,AnAge
Setophaga virens,Aves,Passeriformes,Parulidae,9,0.009,6,AnAge
Vermivora chrysoptera,Aves,Passeriformes,Parulidae,8.8,0.0088,7.9,AnAge
Vermivora cyanoptera,Aves,Passeriformes,Parulidae,7.8,0.0078,9,AnAge
Aimophila ruficeps,Aves,Passeriformes,Passerellidae,18.8,0.0188,5.1,AnAge
Ammodramus savannarum,Aves,Passeriformes,Passerellidae,13.8,0.0138,9.1,AnAge
Amphispiza bilineata,Aves,Passeriformes,Passerellidae,11.6,0.0116,6,AnAge
Arremonops rufivirgatus,Aves,Passeriformes,Passerellidae,22.4,0.0224,8.2,AnAge
Artemisiospiza belli,Aves,Passeriformes,Passerellidae,17.1,0.0171,9.1,AnAge
Calamospiza melanocorys,Aves,Passeriformes,Passerellidae,32.6,0.0326,4.8,AnAge
Chondestes grammacus,Aves,Passeriformes,Passerellidae,27.1,0.0271,7.8,AnAge
Junco hyemalis,Aves,Passeriformes,Passerellidae,18,0.018,11.3,AnAge
Junco phaeonotus,Aves,Passeriformes,Passerellidae,20,0.02,6.6,AnAge
Melospiza georgiana,Aves,Passeriformes,Passerellidae,14.9,0.0149,7.8,AnAge
Melospiza lincolnii,Aves,Passeriformes,Passerellidae,17.35,0.01735,7.6,AnAge
Melospiza melodia,Aves,Passeriformes,Passerellidae,19.1,0.0191,11.3,AnAge
Melozone aberti,Aves,Passeriformes,Passerellidae,46.6,0.0466,8.6,AnAge
Melozone crissalis,Aves,Passeriformes,Passerellidae,47,0.047,12.8,AnAge
Melozone fusca,Aves,Passeriformes,Passerellidae,43.7,0.0437,12.8,AnAge
Passerculus sandwichensis,Aves,Passeriformes,Passerellidae,15.9,0.0159,18,AnAge
Passerella iliaca,Aves,Passeriformes,Passerellidae,35.5,0.0355,10.3,AnAge
Peucaea aestivalis,Aves,Passeriformes,Passerellidae,19.6,0.0196,3.9,AnAge
Pipilo chlorurus,Aves,Passeriformes,Passerellidae,28.88,0.02888,7.7,AnAge
Pipilo erythrophthalmus,Aves,Passeriformes,Passerellidae,39.4,0.0394,12.3,AnAge
Pipilo maculatus,Aves,Passeriformes,Passerellidae,40.4,0.0404,11,AnAge
Pooecetes gramineus,Aves,Passeriformes,Passerellidae,21.5,0.0215,7.9,AnAge
Spizella breweri,Aves,Passeriformes,Passerellidae,11,0.011,6.2,AnAge
Spizella pallida,Aves,Passeriformes,Passerellidae,11.45,0.01145,6.9,AnAge
Spizella passerina,Aves,Passeriformes,Passerellidae,11.9,0.0119,11.8,AnAge
Spizella pusilla,Aves,Passeriformes,Passerellidae,12.5,0.0125,10.3,AnAge
Spizelloides arborea,Aves,Passeriformes,Passerellidae,16.6,0.0166,10.8,AnAge
Zonotrichia albicollis,Aves,Passeriformes,Passerellidae,20.2,0.0202,14.9,AnAge
Zonotrichia atricapilla,Aves,Passeriformes,Passerellidae,31.55,0.03155,10.5,AnAge
Zonotrichia leucophrys,Aves,Passeriformes,Passerellidae,26.1,0.0261,13.3,AnAge
Zonotrichia querula,Aves,Passeriformes,Passerellidae,33.3,0.0333,11.7,AnAge
Passer domesticus,Aves,Passeriformes,Passeridae,25.3,0.0253,23,AnAge
Passer hispaniolensis,Aves,Passeriformes,Passeridae,24.2,0.0242,11.2,AnAge
Passer montanus,Aves,Passeriformes,Passeridae,17.5,0.0175,13.1,AnAge
Petronia petronia,Aves,Passeriformes,Passeridae,30.2,0.0302,7,AnAge
Drymodes brunneopygia,Aves,Passeriformes,Petroicidae,33.95,0.03395,9.7,AnAge
Eopsaltria australis,Aves,Passeriformes,Petroicidae,20.25,0.02025,14.7,AnAge
Eopsaltria georgiana,Aves,Passeriformes,Petroicidae,19.15,0.01915,18.3,AnAge
Eopsaltria griseogularis,Aves,Passeriformes,Petroicidae,19.875,0.019875,8.8,AnAge
Melanodryas cucullata,Aves,Passeriformes,Petroicidae,21.575,0.021575,9.6,AnAge
Melanodryas vittata,Aves,Passeriformes,Petroicidae,26.6,0.0266,4.7,AnAge
Microeca fascinans,Aves,Passeriformes,Petroicidae,14.7583,0.0147583,5.3,AnAge
Microeca flavigaster,Aves,Passeriformes,Petroicidae,12,0.012,4.1,AnAge
Petroica goodenovii,Aves,Passeriformes,Petroicidae,8.875,0.008875,5.5,AnAge
Petroica phoenicea,Aves,Passeriformes,Petroicidae,13,0.013,10.9,AnAge
Petroica rosea,Aves,Passeriformes,Petroicidae,8.2,0.0082,6.1,AnAge
Poecilodryas superciliosa,Aves,Passeriformes,Petroicidae,19.9,0.0199,9,AnAge
Tregellasia capito,Aves,Passeriformes,Petroicidae,13.9,0.0139,13.2,AnAge
Tregellasia leucops,Aves,Passeriformes,Petroicidae,15.975,0.015975,18,AnAge
Phylloscopus collybita,Aves,Passeriformes,Phylloscopidae,8.2,0.0082,8,AnAge
Phylloscopus sibillatrix,Aves,Passeriformes,Phylloscopidae,9.2,0.0092,10.2,AnAge
Phylloscopus trochilus,Aves,Passeriformes,Phylloscopidae,10.7,0.0107,11.8,AnAge
Chiroxiphia pareola,Aves,Passeriformes,Pipridae,16.9,0.0169,14,AnAge
Pitta versicolor,Aves,Passeriformes,Pittidae,90.75,0.09075,6,AnAge
Bubalornis albirostris,Aves,Passeriformes,Ploceidae,61.9,0.0619,20,AnAge
Ploceus cucullatus,Aves,Passeriformes,Ploceidae,36.2,0.0362,24,AnAge
Quelea quelea,Aves,Passeriformes,Ploceidae,17.5,0.0175,10,AnAge
Polioptila caerulea,Aves,Passeriformes,Polioptilidae,6.5,0.0065,4.2,AnAge
Polioptila californica,Aves,Passeriformes,Polioptilidae,6,0.006,8,AnAge
Pomatostomus halli,Aves,Passeriformes,Pomatostomidae,41.8,0.0418,3.9,AnAge
Pomatostomus ruficeps,Aves,Passeriformes,Pomatostomidae,57.8,0.0578,8.3,AnAge
Pomatostomus superciliosus,Aves,Passeriformes,Pomatostomidae,43.2,0.0432,14.4,AnAge
Pomatostomus temporalis,Aves,Passeriformes,Pomatostomidae,71,0.071,13.3,AnAge
Prunella collaris,Aves,Passeriformes,Prunellidae,39.775,0.039775,7.7,AnAge
Prunella modularis,Aves,Passeriformes,Prunellidae,16.8,0.0168,20.8,AnAge
Psophodes olivaceus,Aves,Passeriformes,Psophodidae,68,0.068,12.3,AnAge
Ailuroedus crassirostris,Aves,Passeriformes,Ptilonorhynchidae,207,0.207,14.9,AnAge
Ailuroedus melanotis,Aves,Passeriformes,Ptilonorhynchidae,202,0.202,10.4,AnAge
Ptilonorhynchus violaceus,Aves,Passeriformes,Ptilonorhynchidae,213,0.213,25.1,AnAge
Scenopoeetes dentirostris,Aves,Passeriformes,Ptilonorhynchidae,167.25,0.16725,22,AnAge
Sericulus chrysocephalus,Aves,Passeriformes,Ptilonorhynchidae,100,0.1,17.2,AnAge
Pycnonotus jocosus,Aves,Passeriformes,Pycnonotidae,27.7,0.0277,11.1,AnAge
Pycnonotus xanthopygos,Aves,Passeriformes,Pycnonotidae,38.1,0.0381,8.8,AnAge
Regulus calendula,Aves,Passeriformes,Regulidae,6.75,0.00675,5.6,AnAge
Regulus regulus,Aves,Passeriformes,Regulidae,5.5,0.0055,7,AnAge
Regulus satrapa,Aves,Passeriformes,Regulidae,5.5,0.0055,6.3,AnAge
Auriparus flaviceps,Aves,Passeriformes,Remizidae,6.8,0.0068,5.6,AnAge
Remiz pendulinus,Aves,Passeriformes,Remizidae,9.3,0.0093,7.2,AnAge
Rhipidura leucophrys,Aves,Passeriformes,Rhipiduridae,27,0.027,9.4,AnAge
Rhipidura rufifrons,Aves,Passeriformes,Rhipiduridae,10.2,0.0102,9.1,AnAge
Sitta canadensis,Aves,Passeriformes,Sittidae,11.2,0.0112,7.5,AnAge
Sitta carolinensis,Aves,Passeriformes,Sittidae,20.5,0.0205,9.8,AnAge
Sitta europaea,Aves,Passeriformes,Sittidae,20.4,0.0204,12.9,AnAge
Sitta pusilla,Aves,Passeriformes,Sittidae,10.8,0.0108,5.8,AnAge
Sitta pygmaea,Aves,Passeriformes,Sittidae,10.7,0.0107,8.2,AnAge
Acridotheres cristatellus,Aves,Passeriformes,Sturnidae,109.4,0.1094,13,AnAge
Lamprotornis caudatus,Aves,Passeriformes,Sturnidae,121,0.121,17.8,AnAge
Lamprotornis hildebrandti,Aves,Passeriformes,Sturnidae,55.8,0.0558,16.9,AnAge
Lamprotornis superbus,Aves,Passeriformes,Sturnidae,64.9,0.0649,25,AnAge
Leucopsar rothschildi,Aves,Passeriformes,Sturnidae,95,0.095,25,AnAge
Sturnus vulgaris,Aves,Passeriformes,Sturnidae,75,0.075,22.9,AnAge
Chamaea fasciata,Aves,Passeriformes,Sylviidae,14.7,0.0147,12.6,AnAge
Sylvia atricapilla,Aves,Passeriformes,Sylviidae,16.7,0.0167,13.8,AnAge
Sylvia borin,Aves,Passeriformes,Sylviidae,24.8,0.0248,24,AnAge
Sylvia communis,Aves,Passeriformes,Sylviidae,17.7,0.0177,9,AnAge
Sylvia curruca,Aves,Passeriformes,Sylviidae,10.6,0.0106,9,AnAge
Sylvia melanocephala,Aves,Passeriformes,Sylviidae,11.7,0.0117,8.3,AnAge
Sylvia nisoria,Aves,Passeriformes,Sylviidae,22.5,0.0225,11.9,AnAge
Cercomacra tyrannina,Aves,Passeriformes,Thamnophilidae,16.3,0.0163,13,AnAge
Formicivora acutirostris,Aves,Passeriformes,Thamnophilidae,9.8,0.0098,16.2,AnAge
Hylophylax naevioides,Aves,Passeriformes,Thamnophilidae,17.8,0.0178,14,AnAge
Camarhynchus parvulus,Aves,Passeriformes,Thraupidae,13.2,0.0132,15,AnAge
Camarhynchus pauper,Aves,Passeriformes,Thraupidae,16,0.016,12,AnAge
Coereba flaveola,Aves,Passeriformes,Thraupidae,10.1,0.0101,8.6,AnAge
Cyanerpes caeruleus,Aves,Passeriformes,Thraupidae,12,0.012,17,AnAge
Eucometis penicillata,Aves,Passeriformes,Thraupidae,27,0.027,10,AnAge
Geospiza fuliginosa,Aves,Passeriformes,Thraupidae,14.5,0.0145,15,AnAge
Loxigilla portoricensis,Aves,Passeriformes,Thraupidae,32.1,0.0321,15.6,AnAge
Sporophila torqueola,Aves,Passeriformes,Thraupidae,8.7,0.0087,11.7,AnAge
Thraupis episcopus,Aves,Passeriformes,Thraupidae,35,0.035,9.5,AnAge
Campylorhynchus brunneicapillus,Aves,Passeriformes,Troglodytidae,38.9,0.0389,7.3,AnAge
Thryomanes bewickii,Aves,Passeriformes,Troglodytidae,9.8,0.0098,8,AnAge
Thryothorus ludovicianus,Aves,Passeriformes,Troglodytidae,17.5,0.0175,9.2,AnAge
Troglodytes aedon,Aves,Passeriformes,Troglodytidae,9.7,0.0097,9,AnAge
Troglodytes troglodytes,Aves,Passeriformes,Troglodytidae,9,0.009,7,AnAge
Catharus bicknelli,Aves,Passeriformes,Turdidae,27.5,0.0275,11.9,AnAge
Catharus fuscescens,Aves,Passeriformes,Turdidae,28.8,0.0288,10.1,AnAge
Catharus guttatus,Aves,Passeriformes,Turdidae,27.8,0.0278,10.8,AnAge
Catharus minimus,Aves,Passeriformes,Turdidae,24.8,0.0248,7.3,AnAge
Catharus ustulatus,Aves,Passeriformes,Turdidae,27.9,0.0279,11,AnAge
Hylocichla mustelina,Aves,Passeriformes,Turdidae,43.3,0.0433,10.2,AnAge
Ixoreus naevius,Aves,Passeriformes,Turdidae,78.5,0.0785,5.6,AnAge
Sialia currucoides,Aves,Passeriformes,Turdidae,29.6,0.0296,9,AnAge
Sialia mexicana,Aves,Passeriformes,Turdidae,27.5,0.0275,8.7,AnAge
Sialia sialis,Aves,Passeriformes,Turdidae,30.5,0.0305,10.5,AnAge
Turdus grayi,Aves,Passeriformes,Turdidae,74,0.074,9.6,AnAge
Turdus iliacus,Aves,Passeriformes,Turdidae,58,0.058,18.8,AnAge
Turdus merula,Aves,Passeriformes,Turdidae,103.2,0.1032,21.8,AnAge
Turdus migratorius,Aves,Passeriformes,Turdidae,75.5,0.0755,17,AnAge
Turdus philomelos,Aves,Passeriformes,Turdidae,62.8,0.0628,17.7,AnAge
Turdus pilaris,Aves,Passeriformes,Turdidae,106,0.106,18.1,AnAge
Turdus plumbeus,Aves,Passeriformes,Turdidae,75.3,0.0753,14.6,AnAge
Turdus torquatus,Aves,Passeriformes,Turdidae,109,0.109,9.1,AnAge
Turdus viscivorus,Aves,Passeriformes,Turdidae,117.5,0.1175,21.2,AnAge
Zoothera heinei,Aves,Passeriformes,Turdidae,111,0.111,1,AnAge
Zoothera lunulata,Aves,Passeriformes,Turdidae,129.5,0.1295,0.6,AnAge
Camptostoma imberbe,Aves,Passeriformes,Tyrannidae,7.4,0.0074,5.8,AnAge
Contopus cooperi,Aves,Passeriformes,Tyrannidae,32.8,0.0328,11.1,AnAge
Contopus sordidulus,Aves,Passeriformes,Tyrannidae,12.8,0.0128,8.1,AnAge
Contopus virens,Aves,Passeriformes,Tyrannidae,13.9,0.0139,8.2,AnAge
Elaenia martinica,Aves,Passeriformes,Tyrannidae,20.9,0.0209,13.6,AnAge
Empidonax alnorum,Aves,Passeriformes,Tyrannidae,13.5,0.0135,9.1,AnAge
Empidonax difficilis,Aves,Passeriformes,Tyrannidae,11,0.011,6.9,AnAge
Empidonax hammondii,Aves,Passeriformes,Tyrannidae,10.4,0.0104,7,AnAge
Empidonax minimus,Aves,Passeriformes,Tyrannidae,10,0.01,8,AnAge
Empidonax oberholseri,Aves,Passeriformes,Tyrannidae,10.95,0.01095,9,AnAge
Empidonax traillii,Aves,Passeriformes,Tyrannidae,12.6,0.0126,11,AnAge
Empidonax virescens,Aves,Passeriformes,Tyrannidae,12.3,0.0123,12.1,AnAge
Myiarchus antillarum,Aves,Passeriformes,Tyrannidae,23.4,0.0234,13.6,AnAge
Myiarchus apicalis,Aves,Passeriformes,Tyrannidae,29.2,0.0292,6,AnAge
Myiarchus cinerascens,Aves,Passeriformes,Tyrannidae,28.5,0.0285,11.9,AnAge
Myiarchus crinitus,Aves,Passeriformes,Tyrannidae,33.9,0.0339,14.9,AnAge
Myiarchus tyrannulus,Aves,Passeriformes,Tyrannidae,35,0.035,11,AnAge
Pyrocephalus rubinus,Aves,Passeriformes,Tyrannidae,12.87,0.01287,5.5,AnAge
Sayornis nigricans,Aves,Passeriformes,Tyrannidae,18.25,0.01825,8,AnAge
Sayornis phoebe,Aves,Passeriformes,Tyrannidae,21.6,0.0216,10.3,AnAge
Tyrannus tyrannus,Aves,Passeriformes,Tyrannidae,35.7,0.0357,11.1,AnAge
Tyrannus verticalis,Aves,Passeriformes,Tyrannidae,40.7,0.0407,6.9,AnAge
Vireo atricapilla,Aves,Passeriformes,Vireonidae,8.65,0.00865,12,AnAge
Vireo bellii,Aves,Passeriformes,Vireonidae,10,0.01,9.1,AnAge
Vireo flavifrons,Aves,Passeriformes,Vireonidae,18,0.018,6.1,AnAge
Vireo gilvus,Aves,Passeriformes,Vireonidae,15,0.015,13.1,AnAge
Vireo griseus,Aves,Passeriformes,Vireonidae,12,0.012,10.9,AnAge
Vireo huttoni,Aves,Passeriformes,Vireonidae,11.3,0.0113,13.5,AnAge
Vireo latimeri,Aves,Passeriformes,Vireonidae,12,0.012,16.8,AnAge
Vireo olivaceus,Aves,Passeriformes,Vireonidae,17,0.017,10.2,AnAge
Vireo philadelphicus,Aves,Passeriformes,Vireonidae,12,0.012,9.8,AnAge
Vireo solitarius,Aves,Passeriformes,Vireonidae,16,0.016,7.4,AnAge
Zosterops japonicus,Aves,Passeriformes,Zosteropidae,11.25,0.01125,5.1,AnAge
Zosterops lateralis,Aves,Passeriformes,Zosteropidae,12.7,0.0127,18.7,AnAge
Zosterops luteus,Aves,Passeriformes,Zosteropidae,9.775,0.009775,8.7,AnAge
Ardea alba,Aves,Pelecaniformes,Ardeidae,873.5,0.8735,22.8,AnAge
Ardea cinerea,Aves,Pelecaniformes,Ardeidae,1443,1.443,37.5,AnAge
Ardea cocoi,Aves,Pelecaniformes,Ardeidae,1937.7,1.9377,24.4,AnAge
Ardea goliath,Aves,Pelecaniformes,Ardeidae,4468,4.468,22.9,AnAge
Ardea herodias,Aves,Pelecaniformes,Ardeidae,1870,1.87,24.5,AnAge
Ardea purpurea,Aves,Pelecaniformes,Ardeidae,1065.5,1.0655,25.4,AnAge
Botaurus lentiginosus,Aves,Pelecaniformes,Ardeidae,600,0.6,8.3,AnAge
Botaurus stellaris,Aves,Pelecaniformes,Ardeidae,1324.5,1.3245,11.3,AnAge
Bubulcus ibis,Aves,Pelecaniformes,Ardeidae,390,0.39,23,AnAge
Butorides virescens,Aves,Pelecaniformes,Ardeidae,175,0.175,11.6,AnAge
Egretta caerulea,Aves,Pelecaniformes,Ardeidae,339.5,0.3395,13.9,AnAge
Egretta garzetta,Aves,Pelecaniformes,Ardeidae,312,0.312,22.3,AnAge
Egretta rufescens,Aves,Pelecaniformes,Ardeidae,614,0.614,22,AnAge
Egretta sacra,Aves,Pelecaniformes,Ardeidae,510.25,0.51025,15,AnAge
Egretta thula,Aves,Pelecaniformes,Ardeidae,314,0.314,22.8,AnAge
Egretta tricolor,Aves,Pelecaniformes,Ardeidae,309.9,0.3099,17.7,AnAge
Ixobrychus minutus,Aves,Pelecaniformes,Ardeidae,101,0.101,7.8,AnAge
Nycticorax nycticorax,Aves,Pelecaniformes,Ardeidae,800,0.8,21.1,AnAge
Balaeniceps rex,Aves,Pelecaniformes,Balaenicipitidae,5984,5.984,35.7,AnAge
Pelecanus conspicillatus,Aves,Pelecaniformes,Pelecanidae,5452.5,5.4525,26.1,AnAge
Pelecanus crispus,Aves,Pelecaniformes,Pelecanidae,9550,9.55,35.3,AnAge
Pelecanus erythrorhynchos,Aves,Pelecaniformes,Pelecanidae,6129,6.129,54,AnAge
Pelecanus occidentalis,Aves,Pelecaniformes,Pelecanidae,3115.8,3.1158,43,AnAge
Pelecanus onocrotalus,Aves,Pelecaniformes,Pelecanidae,9520,9.52,51,AnAge
Bostrychia hagedash,Aves,Pelecaniformes,Threskiornithidae,1238,1.238,16,AnAge
Eudocimus albus,Aves,Pelecaniformes,Threskiornithidae,940,0.94,27.6,AnAge
Eudocimus ruber,Aves,Pelecaniformes,Threskiornithidae,615,0.615,33.2,AnAge
Geronticus eremita,Aves,Pelecaniformes,Threskiornithidae,1202,1.202,32.9,AnAge
Nipponia nippon,Aves,Pelecaniformes,Threskiornithidae,1900,1.9,25.8,AnAge
Phimosus infuscatus,Aves,Pelecaniformes,Threskiornithidae,559,0.559,20,AnAge
Platalea ajaja,Aves,Pelecaniformes,Threskiornithidae,1036.97,1.03697,28,AnAge
Platalea alba,Aves,Pelecaniformes,Threskiornithidae,1521,1.521,17.9,AnAge
Platalea flavipes,Aves,Pelecaniformes,Threskiornithidae,1747.5,1.7475,28.6,AnAge
Platalea leucorodia,Aves,Pelecaniformes,Threskiornithidae,1868,1.868,30.1,AnAge
Platalea minor,Aves,Pelecaniformes,Threskiornithidae,1228,1.228,15,AnAge
Platalea regia,Aves,Pelecaniformes,Threskiornithidae,1795.25,1.79525,36.2,AnAge
Plegadis chihi,Aves,Pelecaniformes,Threskiornithidae,487.5,0.4875,20.4,AnAge
Plegadis falcinellus,Aves,Pelecaniformes,Threskiornithidae,431.2,0.4312,26.8,AnAge
Plegadis ridgwayi,Aves,Pelecaniformes,Threskiornithidae,584,0.584,18,AnAge
Theristicus caudatus,Aves,Pelecaniformes,Threskiornithidae,1726,1.726,22,AnAge
Theristicus melanopis,Aves,Pelecaniformes,Threskiornithidae,1200,1.2,34.5,AnAge
Threskiornis aethiopicus,Aves,Pelecaniformes,Threskiornithidae,1530,1.53,37,AnAge
Threskiornis melanocephalus,Aves,Pelecaniformes,Threskiornithidae,1530,1.53,28.2,AnAge
Threskiornis molucca,Aves,Pelecaniformes,Threskiornithidae,1806,1.806,33.2,AnAge
Threskiornis spinicollis,Aves,Pelecaniformes,Threskiornithidae,1351.5,1.3515,39.4,AnAge
Phaethon aethereus,Aves,Phaethontiformes,Phaethontidae,750,0.75,17.6,AnAge
Phaethon rubricauda,Aves,Phaethontiformes,Phaethontidae,593.2,0.5932,32.7,AnAge
Phoeniconaias minor,Aves,Phoenicopteriformes,Phoenicopteridae,1500,1.5,41,AnAge
Phoenicopterus chilensis,Aves,Phoenicopteriformes,Phoenicopteridae,2277,2.277,36.7,AnAge
Phoenicopterus roseus,Aves,Phoenicopteriformes,Phoenicopteridae,2500,2.5,58.8,AnAge
Colaptes auratus,Aves,Piciformes,Picidae,120,0.12,12.5,AnAge
Dendrocopos leucotos,Aves,Piciformes,Picidae,117,0.117,15.9,AnAge
Dendrocopos major,Aves,Piciformes,Picidae,75.1,0.0751,12.7,AnAge
Dendrocopos medius,Aves,Piciformes,Picidae,59,0.059,9.3,AnAge
Dendrocopos minor,Aves,Piciformes,Picidae,19.8,0.0198,9.8,AnAge
Dendrocopos syriacus,Aves,Piciformes,Picidae,76.8,0.0768,10.9,AnAge
Dryocopus martius,Aves,Piciformes,Picidae,321,0.321,14,AnAge
Dryocopus pileatus,Aves,Piciformes,Picidae,364,0.364,13,AnAge
Jynx torquilla,Aves,Piciformes,Picidae,35,0.035,10,AnAge
Melanerpes carolinus,Aves,Piciformes,Picidae,72.5,0.0725,20.7,AnAge
Melanerpes erythrocephalus,Aves,Piciformes,Picidae,75,0.075,10,AnAge
Melanerpes formicivorus,Aves,Piciformes,Picidae,73,0.073,17.2,AnAge
Melanerpes uropygialis,Aves,Piciformes,Picidae,65,0.065,11,AnAge
Picoides borealis,Aves,Piciformes,Picidae,56,0.056,16.1,AnAge
Picoides nuttallii,Aves,Piciformes,Picidae,37.4,0.0374,7.8,AnAge
Picoides pubescens,Aves,Piciformes,Picidae,21.7,0.0217,11.9,AnAge
Picoides tridactylus,Aves,Piciformes,Picidae,65.7,0.0657,11.2,AnAge
Picoides villosus,Aves,Piciformes,Picidae,62,0.062,15.9,AnAge
Picus viridis,Aves,Piciformes,Picidae,176,0.176,15.2,AnAge
Sphyrapicus nuchalis,Aves,Piciformes,Picidae,48.5,0.0485,4.9,AnAge
Sphyrapicus ruber,Aves,Piciformes,Picidae,55,0.055,4.8,AnAge
Sphyrapicus varius,Aves,Piciformes,Picidae,45,0.045,7.8,AnAge
Ramphastos toco,Aves,Piciformes,Ramphastidae,540,0.54,16.2,AnAge
Aechmophorus occidentalis,Aves,Podicipediformes,Podicipedidae,1475.5,1.4755,14,AnAge
Podiceps cristatus,Aves,Podicipediformes,Podicipedidae,738.7,0.7387,19.2,AnAge
Podiceps grisegena,Aves,Podicipediformes,Podicipedidae,1100,1.1,11,AnAge
Podiceps nigricollis,Aves,Podicipediformes,Podicipedidae,392,0.392,13.1,AnAge
Tachybaptus ruficollis,Aves,Podicipediformes,Podicipedidae,174,0.174,17.5,AnAge
Diomedea antipodensis,Aves,Procellariiformes,Diomedeidae,7790,7.79,30.3,AnAge
Diomedea epomophora,Aves,Procellariiformes,Diomedeidae,9000,9,58,AnAge
Diomedea exulans,Aves,Procellariiformes,Diomedeidae,8130,8.13,50,AnAge
Phoebastria immutabilis,Aves,Procellariiformes,Diomedeidae,2522,2.522,70,AnAge
Phoebastria irrorata,Aves,Procellariiformes,Diomedeidae,3395,3.395,40,AnAge
Phoebastria nigripes,Aves,Procellariiformes,Diomedeidae,2800,2.8,42.1,AnAge
Phoebetria palpebrata,Aves,Procellariiformes,Diomedeidae,2825,2.825,28.1,AnAge
Thalassarche carteri,Aves,Procellariiformes,Diomedeidae,2115,2.115,27.7,AnAge
Thalassarche cauta,Aves,Procellariiformes,Diomedeidae,4012.5,4.0125,30.9,AnAge
Thalassarche chlororhynchos,Aves,Procellariiformes,Diomedeidae,3890,3.89,37,AnAge
Thalassarche chrysostoma,Aves,Procellariiformes,Diomedeidae,3753,3.753,47.2,AnAge
Thalassarche impavida,Aves,Procellariiformes,Diomedeidae,3440,3.44,34.2,AnAge
Thalassarche melanophris,Aves,Procellariiformes,Diomedeidae,3232,3.232,43.7,AnAge
Hydrobates pelagicus,Aves,Procellariiformes,Hydrobatidae,25.2,0.0252,33.8,AnAge
Oceanodroma castro,Aves,Procellariiformes,Hydrobatidae,42,0.042,36,AnAge
Oceanodroma furcata,Aves,Procellariiformes,Hydrobatidae,45.2,0.0452,18,AnAge
Oceanodroma homochroa,Aves,Procellariiformes,Hydrobatidae,36.9,0.0369,31,AnAge
Oceanodroma leucorhoa,Aves,Procellariiformes,Hydrobatidae,44.6,0.0446,36,AnAge
Pelagodroma marina,Aves,Procellariiformes,Hydrobatidae,47.2,0.0472,19.8,AnAge
Bulweria bulwerii,Aves,Procellariiformes,Procellariidae,87,0.087,22.9,AnAge
Calonectris diomedea,Aves,Procellariiformes,Procellariidae,535,0.535,24.8,AnAge
Daption capense,Aves,Procellariiformes,Procellariidae,408.6,0.4086,28.5,AnAge
Fulmarus glacialis,Aves,Procellariiformes,Procellariidae,908,0.908,51,AnAge
Fulmarus glacialoides,Aves,Procellariiformes,Procellariidae,795,0.795,45,AnAge
Macronectes giganteus,Aves,Procellariiformes,Procellariidae,3697.5,3.6975,47,AnAge
Macronectes halli,Aves,Procellariiformes,Procellariidae,4313,4.313,35.4,AnAge
Pachyptila turtur,Aves,Procellariiformes,Procellariidae,138.05,0.13805,16.5,AnAge
Pagodroma nivea,Aves,Procellariiformes,Procellariidae,268,0.268,46,AnAge
Procellaria parkinsoni,Aves,Procellariiformes,Procellariidae,702.5,0.7025,17,AnAge
Pterodroma alba,Aves,Procellariiformes,Procellariidae,259,0.259,11.3,AnAge
Pterodroma arminjoniana,Aves,Procellariiformes,Procellariidae,383.75,0.38375,21.8,AnAge
Pterodroma hypoleuca,Aves,Procellariiformes,Procellariidae,168.6,0.1686,30.8,AnAge
Pterodroma leucoptera,Aves,Procellariiformes,Procellariidae,147.5,0.1475,32.7,AnAge
Pterodroma macroptera,Aves,Procellariiformes,Procellariidae,578.5,0.5785,14.9,AnAge
Pterodroma sandwichensis,Aves,Procellariiformes,Procellariidae,434,0.434,13.1,AnAge
Pterodroma solandri,Aves,Procellariiformes,Procellariidae,471,0.471,16.6,AnAge
Puffinus carneipes,Aves,Procellariiformes,Procellariidae,690,0.69,30.2,AnAge
Puffinus griseus,Aves,Procellariiformes,Procellariidae,740,0.74,34,AnAge
Puffinus pacificus,Aves,Procellariiformes,Procellariidae,337.8,0.3378,29,AnAge
Puffinus puffinus,Aves,Procellariiformes,Procellariidae,434,0.434,50.9,AnAge
Puffinus tenuirostris,Aves,Procellariiformes,Procellariidae,499.4,0.4994,39.9,AnAge
Thalassoica antarctica,Aves,Procellariiformes,Procellariidae,687.5,0.6875,15,AnAge
Agapornis fischeri,Aves,Psittaciformes,Psittacidae,48.3,0.0483,12.6,AnAge
Agapornis lilianae,Aves,Psittaciformes,Psittacidae,37.3,0.0373,19.2,AnAge
Agapornis pullarius,Aves,Psittaciformes,Psittacidae,43,0.043,18,AnAge
Agapornis taranta,Aves,Psittaciformes,Psittacidae,57.5,0.0575,14.6,AnAge
Alisterus scapularis,Aves,Psittaciformes,Psittacidae,232.5,0.2325,26.6,AnAge
Amazona aestiva,Aves,Psittaciformes,Psittacidae,451,0.451,49,AnAge
Amazona albifrons,Aves,Psittaciformes,Psittacidae,215,0.215,25.3,AnAge
Amazona amazonica,Aves,Psittaciformes,Psittacidae,370,0.37,30,AnAge
Amazona auropalliata,Aves,Psittaciformes,Psittacidae,432.16,0.43216,49,AnAge
Amazona autumnalis,Aves,Psittaciformes,Psittacidae,416,0.416,27,AnAge
Amazona festiva,Aves,Psittaciformes,Psittacidae,430,0.43,24.5,AnAge
Amazona finschi,Aves,Psittaciformes,Psittacidae,302,0.302,25.8,AnAge
Amazona guildingii,Aves,Psittaciformes,Psittacidae,646,0.646,28,AnAge
Amazona ochrocephala,Aves,Psittaciformes,Psittacidae,430,0.43,56,AnAge
Amazona rhodocorytha,Aves,Psittaciformes,Psittacidae,511.5,0.5115,44,AnAge
Anodorhynchus hyacinthinus,Aves,Psittaciformes,Psittacidae,1330,1.33,38.8,AnAge
Anodorhynchus leari,Aves,Psittaciformes,Psittacidae,940,0.94,38.3,AnAge
Aprosmictus erythropterus,Aves,Psittaciformes,Psittacidae,136,0.136,24.4,AnAge
Ara ambiguus,Aves,Psittaciformes,Psittacidae,1300,1.3,29,AnAge
Ara ararauna,Aves,Psittaciformes,Psittacidae,1030,1.03,43,AnAge
Ara chloropterus,Aves,Psittaciformes,Psittacidae,1220,1.22,50.1,AnAge
Ara glaucogularis,Aves,Psittaciformes,Psittacidae,784,0.784,22,AnAge
Ara macao,Aves,Psittaciformes,Psittacidae,1040,1.04,33,AnAge
Ara militaris,Aves,Psittaciformes,Psittacidae,1134,1.134,46,AnAge
Ara rubrogenys,Aves,Psittaciformes,Psittacidae,470,0.47,23,AnAge
Ara severus,Aves,Psittaciformes,Psittacidae,343,0.343,28.5,AnAge
Aratinga acuticaudata,Aves,Psittaciformes,Psittacidae,171,0.171,31,AnAge
Aratinga auricapillus,Aves,Psittaciformes,Psittacidae,130,0.13,20.9,AnAge
Aratinga canicularis,Aves,Psittaciformes,Psittacidae,85,0.085,16.2,AnAge
Aratinga erythrogenys,Aves,Psittaciformes,Psittacidae,151,0.151,26.2,AnAge
Aratinga holochlora,Aves,Psittaciformes,Psittacidae,138,0.138,21.8,AnAge
Barnardius zonarius,Aves,Psittaciformes,Psittacidae,137,0.137,17.9,AnAge
Bolborhynchus orbygnesius,Aves,Psittaciformes,Psittacidae,43.1,0.0431,9.2,AnAge
Brotogeris chiriri,Aves,Psittaciformes,Psittacidae,61.6,0.0616,19,AnAge
Brotogeris pyrrhoptera,Aves,Psittaciformes,Psittacidae,64,0.064,11.3,AnAge
Brotogeris sanctithomae,Aves,Psittaciformes,Psittacidae,59,0.059,13.2,AnAge
Brotogeris tirica,Aves,Psittaciformes,Psittacidae,63,0.063,11,AnAge
Brotogeris versicolurus,Aves,Psittaciformes,Psittacidae,71.6,0.0716,10.3,AnAge
Cacatua alba,Aves,Psittaciformes,Psittacidae,570,0.57,26.9,AnAge
Cacatua ducorpsii,Aves,Psittaciformes,Psittacidae,394,0.394,30.5,AnAge
Cacatua galerita,Aves,Psittaciformes,Psittacidae,776.1,0.7761,57,AnAge
Cacatua goffiniana,Aves,Psittaciformes,Psittacidae,275,0.275,26,AnAge
Cacatua haematuropygia,Aves,Psittaciformes,Psittacidae,288,0.288,17.3,AnAge
Cacatua leadbeateri,Aves,Psittaciformes,Psittacidae,390,0.39,83,AnAge
Cacatua moluccensis,Aves,Psittaciformes,Psittacidae,830,0.83,65.8,AnAge
Cacatua ophthalmica,Aves,Psittaciformes,Psittacidae,492,0.492,31.9,AnAge
Cacatua pastinator,Aves,Psittaciformes,Psittacidae,637,0.637,26.3,AnAge
Cacatua sanguinea,Aves,Psittaciformes,Psittacidae,350,0.35,46.9,AnAge
Cacatua sulphurea,Aves,Psittaciformes,Psittacidae,340,0.34,49.7,AnAge
Cacatua tenuirostris,Aves,Psittaciformes,Psittacidae,567,0.567,43,AnAge
Callocephalon fimbriatum,Aves,Psittaciformes,Psittacidae,256,0.256,27.5,AnAge
Calyptorhynchus banksii,Aves,Psittaciformes,Psittacidae,723.7,0.7237,45.4,AnAge
Calyptorhynchus baudinii,Aves,Psittaciformes,Psittacidae,620,0.62,47,AnAge
Calyptorhynchus funereus,Aves,Psittaciformes,Psittacidae,678.5,0.6785,41,AnAge
Calyptorhynchus latirostris,Aves,Psittaciformes,Psittacidae,622.925,0.622925,34.4,AnAge
Chalcopsitta atra,Aves,Psittaciformes,Psittacidae,260,0.26,17.5,AnAge
Chalcopsitta sintillata,Aves,Psittaciformes,Psittacidae,190,0.19,19.7,AnAge
Charmosyna papou,Aves,Psittaciformes,Psittacidae,83,0.083,11.3,AnAge
Conuropsis carolinensis,Aves,Psittaciformes,Psittacidae,100,0.1,30,AnAge
Coracopsis nigra,Aves,Psittaciformes,Psittacidae,193.5,0.1935,34.1,AnAge
Coracopsis vasa,Aves,Psittaciformes,Psittacidae,525,0.525,53.9,AnAge
Cyanoliseus patagonus,Aves,Psittaciformes,Psittacidae,278,0.278,19.5,AnAge
Cyanopsitta spixii,Aves,Psittaciformes,Psittacidae,200,0.2,27,AnAge
Cyanoramphus auriceps,Aves,Psittaciformes,Psittacidae,46,0.046,9.3,AnAge
Cyanoramphus novaezelandiae,Aves,Psittaciformes,Psittacidae,92.6,0.0926,12.4,AnAge
Deroptyus accipitrinus,Aves,Psittaciformes,Psittacidae,246,0.246,21.8,AnAge
Diopsittaca nobilis,Aves,Psittaciformes,Psittacidae,151,0.151,22.9,AnAge
Eclectus roratus,Aves,Psittaciformes,Psittacidae,440,0.44,28.5,AnAge
Enicognathus leptorhynchus,Aves,Psittaciformes,Psittacidae,193,0.193,15.3,AnAge
Eolophus roseicapilla,Aves,Psittaciformes,Psittacidae,268.7,0.2687,40,AnAge
Eos bornea,Aves,Psittaciformes,Psittacidae,156,0.156,24.7,AnAge
Eos cyanogenia,Aves,Psittaciformes,Psittacidae,167,0.167,18.1,AnAge
Eunymphicus cornutus,Aves,Psittaciformes,Psittacidae,130,0.13,19.7,AnAge
Forpus coelestis,Aves,Psittaciformes,Psittacidae,26.2,0.0262,10.4,AnAge
Forpus cyanopygius,Aves,Psittaciformes,Psittacidae,33.5,0.0335,10.5,AnAge
Forpus passerinus,Aves,Psittaciformes,Psittacidae,24,0.024,11.6,AnAge
Forpus xanthops,Aves,Psittaciformes,Psittacidae,27.05,0.02705,10.5,AnAge
Glossopsitta concinna,Aves,Psittaciformes,Psittacidae,70.8,0.0708,21.3,AnAge
Glossopsitta porphyrocephala,Aves,Psittaciformes,Psittacidae,44,0.044,12,AnAge
Graydidascalus brachyurus,Aves,Psittaciformes,Psittacidae,159,0.159,13.2,AnAge
Guaruba guarouba,Aves,Psittaciformes,Psittacidae,250,0.25,23.2,AnAge
Loriculus galgulus,Aves,Psittaciformes,Psittacidae,28,0.028,14.3,AnAge
Loriculus philippensis,Aves,Psittaciformes,Psittacidae,34.9,0.0349,10.1,AnAge
Loriculus vernalis,Aves,Psittaciformes,Psittacidae,35.7,0.0357,10.1,AnAge
Lorius domicella,Aves,Psittaciformes,Psittacidae,182,0.182,26,AnAge
Lorius garrulus,Aves,Psittaciformes,Psittacidae,143,0.143,26.6,AnAge
Lorius lory,Aves,Psittaciformes,Psittacidae,177,0.177,18.5,AnAge
Melopsittacus undulatus,Aves,Psittaciformes,Psittacidae,25.2,0.0252,21,AnAge
Myiopsitta monachus,Aves,Psittaciformes,Psittacidae,80.4,0.0804,22.1,AnAge
Nandayus nenday,Aves,Psittaciformes,Psittacidae,128,0.128,18.7,AnAge
Neophema chrysostoma,Aves,Psittaciformes,Psittacidae,46.1,0.0461,21,AnAge
Neophema pulchella,Aves,Psittaciformes,Psittacidae,41.4,0.0414,21,AnAge
Neophema splendida,Aves,Psittaciformes,Psittacidae,38.6,0.0386,14,AnAge
Neopsephotus bourkii,Aves,Psittaciformes,Psittacidae,45,0.045,12.6,AnAge
Nestor notabilis,Aves,Psittaciformes,Psittacidae,867.5,0.8675,47,AnAge
Northiella haematogaster,Aves,Psittaciformes,Psittacidae,86.2,0.0862,15.3,AnAge
Nymphicus hollandicus,Aves,Psittaciformes,Psittacidae,90,0.09,35,AnAge
Pezoporus wallicus,Aves,Psittaciformes,Psittacidae,75.7,0.0757,7.4,AnAge
Pionites leucogaster,Aves,Psittaciformes,Psittacidae,155,0.155,26,AnAge
Pionites melanocephalus,Aves,Psittaciformes,Psittacidae,149,0.149,22.6,AnAge
Pionopsitta pileata,Aves,Psittaciformes,Psittacidae,119,0.119,16.8,AnAge
Pionus maximiliani,Aves,Psittaciformes,Psittacidae,293,0.293,16.2,AnAge
Pionus menstruus,Aves,Psittaciformes,Psittacidae,251,0.251,20.6,AnAge
Platycercus elegans,Aves,Psittaciformes,Psittacidae,124.5,0.1245,26.8,AnAge
Platycercus eximius,Aves,Psittaciformes,Psittacidae,104,0.104,27.4,AnAge
Platycercus icterotis,Aves,Psittaciformes,Psittacidae,63.3,0.0633,13.2,AnAge
Platycercus venustus,Aves,Psittaciformes,Psittacidae,89.5,0.0895,19.1,AnAge
Poicephalus cryptoxanthus,Aves,Psittaciformes,Psittacidae,140,0.14,32.1,AnAge
Poicephalus gulielmi,Aves,Psittaciformes,Psittacidae,275,0.275,21,AnAge
Poicephalus meyeri,Aves,Psittaciformes,Psittacidae,117.5,0.1175,34.2,AnAge
Poicephalus robustus,Aves,Psittaciformes,Psittacidae,344,0.344,29.7,AnAge
Poicephalus rueppellii,Aves,Psittaciformes,Psittacidae,116,0.116,34.3,AnAge
Poicephalus rufiventris,Aves,Psittaciformes,Psittacidae,120,0.12,33.4,AnAge
Poicephalus senegalus,Aves,Psittaciformes,Psittacidae,155,0.155,40,AnAge
Polytelis alexandrae,Aves,Psittaciformes,Psittacidae,104,0.104,23.9,AnAge
Polytelis anthopeplus,Aves,Psittaciformes,Psittacidae,170,0.17,13.8,AnAge
Polytelis swainsonii,Aves,Psittaciformes,Psittacidae,153,0.153,15.1,AnAge
Primolius maracana,Aves,Psittaciformes,Psittacidae,256,0.256,31,AnAge
Probosciger aterrimus,Aves,Psittaciformes,Psittacidae,841,0.841,56.3,AnAge
Prosopeia splendens,Aves,Psittaciformes,Psittacidae,237.25,0.23725,20.1,AnAge
Psephotus dissimilis,Aves,Psittaciformes,Psittacidae,55,0.055,18,AnAge
Psephotus haematonotus,Aves,Psittaciformes,Psittacidae,61.4,0.0614,12.2,AnAge
Psephotus varius,Aves,Psittaciformes,Psittacidae,61.5,0.0615,11.8,AnAge
Pseudeos fuscata,Aves,Psittaciformes,Psittacidae,149,0.149,13.4,AnAge
Psilopsiagon aymara,Aves,Psittaciformes,Psittacidae,30,0.03,8.5,AnAge
Psittacula alexandri,Aves,Psittaciformes,Psittacidae,147,0.147,23.3,AnAge
Psittacula cyanocephala,Aves,Psittaciformes,Psittacidae,66,0.066,18.8,AnAge
Psittacula eupatria,Aves,Psittaciformes,Psittacidae,255,0.255,30,AnAge
Psittacula krameri,Aves,Psittaciformes,Psittacidae,128,0.128,34,AnAge
Psittaculirostris desmarestii,Aves,Psittaciformes,Psittacidae,117,0.117,14.9,AnAge
Psittaculirostris edwardsii,Aves,Psittaciformes,Psittacidae,118,0.118,12,AnAge
Psittaculirostris salvadorii,Aves,Psittaciformes,Psittacidae,118,0.118,12,AnAge
Psittacus erithacus,Aves,Psittaciformes,Psittacidae,333,0.333,49.7,AnAge
Psittrichas fulgidus,Aves,Psittaciformes,Psittacidae,865,0.865,25,AnAge
Purpureicephalus spurius,Aves,Psittaciformes,Psittacidae,116,0.116,15.3,AnAge
Pyrrhura leucotis,Aves,Psittaciformes,Psittacidae,56.7,0.0567,18.5,AnAge
Pyrrhura perlata,Aves,Psittaciformes,Psittacidae,87,0.087,14.3,AnAge
Rhynchopsitta pachyrhyncha,Aves,Psittaciformes,Psittacidae,360,0.36,33,AnAge
Strigops habroptila,Aves,Psittaciformes,Psittacidae,1750,1.75,60,AnAge
Tanygnathus megalorynchos,Aves,Psittaciformes,Psittacidae,325,0.325,23,AnAge
Tanygnathus sumatranus,Aves,Psittaciformes,Psittacidae,270.5,0.2705,14.4,AnAge
Trichoglossus chlorolepidotus,Aves,Psittaciformes,Psittacidae,87,0.087,33.8,AnAge
Trichoglossus euteles,Aves,Psittaciformes,Psittacidae,73.7,0.0737,16,AnAge
Trichoglossus haematodus,Aves,Psittaciformes,Psittacidae,115.1,0.1151,20.6,AnAge
Trichoglossus johnstoniae,Aves,Psittaciformes,Psittacidae,55.2,0.0552,17.8,AnAge
Triclaria malachitacea,Aves,Psittaciformes,Psittacidae,90,0.09,11.9,AnAge
Vini peruviana,Aves,Psittaciformes,Psittacidae,29,0.029,18.4,AnAge
Aptenodytes patagonicus,Aves,Sphenisciformes,Spheniscidae,13270,13.27,27,AnAge
Eudyptes schlegeli,Aves,Sphenisciformes,Spheniscidae,4500,4.5,15.8,AnAge
Eudyptula minor,Aves,Sphenisciformes,Spheniscidae,1105,1.105,42.2,AnAge
Pygoscelis papua,Aves,Sphenisciformes,Spheniscidae,5950,5.95,41,AnAge
Spheniscus demersus,Aves,Sphenisciformes,Spheniscidae,3135,3.135,27.3,AnAge
Spheniscus magellanicus,Aves,Sphenisciformes,Spheniscidae,4000,4,30,AnAge
Spheniscus mendiculus,Aves,Sphenisciformes,Spheniscidae,1932.5,1.9325,17.7,AnAge
Aegolius acadicus,Aves,Strigiformes,Strigidae,124,0.124,17.5,AnAge
Aegolius funereus,Aves,Strigiformes,Strigidae,120,0.12,15.9,AnAge
Asio flammeus,Aves,Strigiformes,Strigidae,406,0.406,21.8,AnAge
Asio otus,Aves,Strigiformes,Strigidae,252,0.252,27.8,AnAge
Athene cunicularia,Aves,Strigiformes,Strigidae,150,0.15,11,AnAge
Athene noctua,Aves,Strigiformes,Strigidae,169,0.169,11.1,AnAge
Bubo bubo,Aves,Strigiformes,Strigidae,2686,2.686,68,AnAge
Bubo scandiacus,Aves,Strigiformes,Strigidae,2026,2.026,28,AnAge
Bubo virginianus,Aves,Strigiformes,Strigidae,1450,1.45,29,AnAge
Glaucidium passerinum,Aves,Strigiformes,Strigidae,65.5,0.0655,6,AnAge
Megascops asio,Aves,Strigiformes,Strigidae,166,0.166,20.7,AnAge
Megascops kennicottii,Aves,Strigiformes,Strigidae,205,0.205,19,AnAge
Micrathene whitneyi,Aves,Strigiformes,Strigidae,45.9,0.0459,14,AnAge
Ninox novaeseelandiae,Aves,Strigiformes,Strigidae,195,0.195,15.9,AnAge
Ninox strenua,Aves,Strigiformes,Strigidae,1324.93,1.32493,6.1,AnAge
Otus flammeolus,Aves,Strigiformes,Strigidae,55.5,0.0555,8.1,AnAge
Otus scops,Aves,Strigiformes,Strigidae,92,0.092,6.9,AnAge
Pulsatrix perspicillata,Aves,Strigiformes,Strigidae,770,0.77,25,AnAge
Strix aluco,Aves,Strigiformes,Strigidae,520,0.52,22.4,AnAge
Strix nebulosa,Aves,Strigiformes,Strigidae,1120,1.12,16.1,AnAge
Strix occidentalis,Aves,Strigiformes,Strigidae,571,0.571,25,AnAge
Strix uralensis,Aves,Strigiformes,Strigidae,784.5,0.7845,23.8,AnAge
Strix varia,Aves,Strigiformes,Strigidae,715,0.715,34,AnAge
Surnia ulula,Aves,Strigiformes,Strigidae,320,0.32,16.2,AnAge
Tyto alba,Aves,Strigiformes,Tytonidae,580,0.58,34,AnAge
Struthio camelus,Aves,Struthioniformes,Struthionidae,100000,100,50,AnAge
Anhinga anhinga,Aves,Suliformes,Anhingidae,1040,1.04,16.4,AnAge
Anhinga melanogaster,Aves,Suliformes,Anhingidae,1486.6,1.4866,16,AnAge
Anhinga novaehollandiae,Aves,Suliformes,Anhingidae,1518,1.518,22.3,AnAge
Fregata andrewsi,Aves,Suliformes,Fregatidae,1550,1.55,25.6,AnAge
Fregata ariel,Aves,Suliformes,Fregatidae,806,0.806,27.6,AnAge
Fregata magnificens,Aves,Suliformes,Fregatidae,1078,1.078,34,AnAge
Fregata minor,Aves,Suliformes,Fregatidae,1400,1.4,43,AnAge
Microcarbo melanoleucos,Aves,Suliformes,Phalacrocoracidae,750,0.75,13.1,AnAge
Phalacrocorax aristotelis,Aves,Suliformes,Phalacrocoracidae,1773,1.773,30.6,AnAge
Phalacrocorax auritus,Aves,Suliformes,Phalacrocoracidae,1330,1.33,22.5,AnAge
Phalacrocorax brasilianus,Aves,Suliformes,Phalacrocoracidae,1550,1.55,12.6,AnAge
Phalacrocorax carbo,Aves,Suliformes,Phalacrocoracidae,3628.8,3.6288,32.1,AnAge
Phalacrocorax fuscescens,Aves,Suliformes,Phalacrocoracidae,1420,1.42,41.6,AnAge
Phalacrocorax pelagicus,Aves,Suliformes,Phalacrocoracidae,2041.2,2.0412,17.8,AnAge
Phalacrocorax penicillatus,Aves,Suliformes,Phalacrocoracidae,2426,2.426,18,AnAge
Phalacrocorax varius,Aves,Suliformes,Phalacrocoracidae,1715,1.715,46.4,AnAge
Morus bassanus,Aves,Suliformes,Sulidae,2950,2.95,37.4,AnAge
Morus serrator,Aves,Suliformes,Sulidae,2350,2.35,33,AnAge
Sula dactylatra,Aves,Suliformes,Sulidae,1289,1.289,25.5,AnAge
Sula granti,Aves,Suliformes,Sulidae,1754,1.754,21,AnAge
Sula leucogaster,Aves,Suliformes,Sulidae,1134,1.134,28.5,AnAge
Sula nebouxii,Aves,Suliformes,Sulidae,1530,1.53,18,AnAge
Sula sula,Aves,Suliformes,Sulidae,1017,1.017,23,AnAge
Tinamus solitarius,Aves,Tinamiformes,Tinamidae,1390.5,1.3905,15,AnAge
Caspiomyzon wagneri,Cephalaspidomorphi,Petromyzontiformes,Petromyzontidae,113.3,0.1133,4,AnAge
Entosphenus tridentatus,Cephalaspidomorphi,Petromyzontiformes,Petromyzontidae,275,0.275,9,AnAge
Lampetra fluviatilis,Cephalaspidomorphi,Petromyzontiformes,Petromyzontidae,82.5,0.0825,10,AnAge
Petromyzon marinus,Cephalaspidomorphi,Petromyzontiformes,Petromyzontidae,1375,1.375,9,AnAge
Carcharhinus acronotus,Chondrichthyes,Carcharhiniformes,Carcharhinidae,10395,10.395,19,AnAge
Carcharhinus amblyrhynchos,Chondrichthyes,Carcharhiniformes,Carcharhinidae,18535,18.535,25,AnAge
Carcharhinus brachyurus,Chondrichthyes,Carcharhiniformes,Carcharhinidae,167530,167.53,34.5,AnAge
Carcharhinus brevipinna,Chondrichthyes,Carcharhiniformes,Carcharhinidae,49335,49.335,19,AnAge
Carcharhinus falciformis,Chondrichthyes,Carcharhiniformes,Carcharhinidae,190300,190.3,23,AnAge
Carcharhinus galapagensis,Chondrichthyes,Carcharhiniformes,Carcharhinidae,47025,47.025,24,AnAge
Carcharhinus leucas,Chondrichthyes,Carcharhiniformes,Carcharhinidae,174075,174.075,32,AnAge
Carcharhinus limbatus,Chondrichthyes,Carcharhiniformes,Carcharhinidae,67540,67.54,12,AnAge
Carcharhinus longimanus,Chondrichthyes,Carcharhiniformes,Carcharhinidae,92070,92.07,22,AnAge
Carcharhinus obscurus,Chondrichthyes,Carcharhiniformes,Carcharhinidae,190575,190.575,35,AnAge
Carcharhinus plumbeus,Chondrichthyes,Carcharhiniformes,Carcharhinidae,65000,65,32,AnAge
Carcharhinus signatus,Chondrichthyes,Carcharhiniformes,Carcharhinidae,42185,42.185,31.7,AnAge
Carcharhinus sorrah,Chondrichthyes,Carcharhiniformes,Carcharhinidae,15400,15.4,8,AnAge
Carcharhinus tilstoni,Chondrichthyes,Carcharhiniformes,Carcharhinidae,28600,28.6,12,AnAge
Galeocerdo cuvier,Chondrichthyes,Carcharhiniformes,Carcharhinidae,444070,444.07,50,AnAge
Negaprion brevirostris,Chondrichthyes,Carcharhiniformes,Carcharhinidae,101035,101.035,20,AnAge
Prionace glauca,Chondrichthyes,Carcharhiniformes,Carcharhinidae,113245,113.245,20,AnAge
Rhizoprionodon acutus,Chondrichthyes,Carcharhiniformes,Carcharhinidae,2750,2.75,8,AnAge
Rhizoprionodon terraenovae,Chondrichthyes,Carcharhiniformes,Carcharhinidae,3987.5,3.9875,10.2,AnAge
Triaenodon obesus,Chondrichthyes,Carcharhiniformes,Carcharhinidae,10065,10.065,25,AnAge
Scyliorhinus canicula,Chondrichthyes,Carcharhiniformes,Scyliorhinidae,726,0.726,12,AnAge
Sphyrna lewini,Chondrichthyes,Carcharhiniformes,Sphyrnidae,83820,83.82,35,AnAge
Sphyrna tiburo,Chondrichthyes,Carcharhiniformes,Sphyrnidae,5940,5.94,6.5,AnAge
Furgaleus macki,Chondrichthyes,Carcharhiniformes,Triakidae,7095,7.095,11.5,AnAge
Galeorhinus galeus,Chondrichthyes,Carcharhiniformes,Triakidae,24585,24.585,55,AnAge
Mustelus antarcticus,Chondrichthyes,Carcharhiniformes,Triakidae,16940,16.94,16,AnAge
Mustelus canis,Chondrichthyes,Carcharhiniformes,Triakidae,6710,6.71,16,AnAge
Mustelus manazo,Chondrichthyes,Carcharhiniformes,Triakidae,3146,3.146,10,AnAge
Triakis semifasciata,Chondrichthyes,Carcharhiniformes,Triakidae,10110,10.11,30,AnAge
Callorhinchus capensis,Chondrichthyes,Chimaeriformes,Callorhinchidae,2887.5,2.8875,12,AnAge
Chimaera monstrosa,Chondrichthyes,Chimaeriformes,Chimaeridae,1375,1.375,29.4,AnAge
Notorynchus cepedianus,Chondrichthyes,Hexanchiformes,Notorynchidae,58850,58.85,49,AnAge
Alopias superciliosus,Chondrichthyes,Lamniformes,Alopiidae,200090,200.09,21,AnAge
Cetorhinus maximus,Chondrichthyes,Lamniformes,Cetorhinidae,2200000,2200,32,AnAge
Carcharodon carcharias,Chondrichthyes,Lamniformes,Lamnidae,1870000,1870,50,AnAge
Isurus oxyrinchus,Chondrichthyes,Lamniformes,Lamnidae,278190,278.19,25,AnAge
Lamna ditropis,Chondrichthyes,Lamniformes,Lamnidae,96250,96.25,20,AnAge
Lamna nasus,Chondrichthyes,Lamniformes,Lamnidae,126500,126.5,30,AnAge
Carcharias taurus,Chondrichthyes,Lamniformes,Odontaspididae,87340,87.34,12,AnAge
Dasyatis americana,Chondrichthyes,Myliobatiformes,Dasyatidae,74580,74.58,18,AnAge
Manta birostris,Chondrichthyes,Myliobatiformes,Mobulidae,1650000,1650,20,AnAge
Aetobatus flagellum,Chondrichthyes,Myliobatiformes,Myliobatidae,7645,7.645,16,AnAge
Myliobatis californica,Chondrichthyes,Myliobatiformes,Myliobatidae,45155,45.155,24,AnAge
Ginglymostoma cirratum,Chondrichthyes,Orectolobiformes,Ginglymostomatidae,60280,60.28,25,AnAge
Rhincodon typus,Chondrichthyes,Orectolobiformes,Rhincodontidae,18700000,18700,54,AnAge
Pristis perotteti,Chondrichthyes,Pristiformes,Pristidae,325050,325.05,30,AnAge
Bathyraja parmifera,Chondrichthyes,Rajiformes,Arhynchobatidae,10010,10.01,17,AnAge
Amblyraja radiata,Chondrichthyes,Rajiformes,Rajidae,2337.5,2.3375,16,AnAge
Dipturus batis,Chondrichthyes,Rajiformes,Rajidae,53405,53.405,50,AnAge
Raja binoculata,Chondrichthyes,Rajiformes,Rajidae,50050,50.05,26,AnAge
Raja brachyura,Chondrichthyes,Rajiformes,Rajidae,7865,7.865,8,AnAge
Raja clavata,Chondrichthyes,Rajiformes,Rajidae,9900,9.9,12,AnAge
Raja microocellata,Chondrichthyes,Rajiformes,Rajidae,2475,2.475,9,AnAge
Rhinobatos productus,Chondrichthyes,Rhinobatiformes,Rhinobatidae,5362.5,5.3625,16,AnAge
Etmopterus spinax,Chondrichthyes,Squaliformes,Etmopteridae,467.5,0.4675,7,AnAge
Squalus acanthias,Chondrichthyes,Squaliformes,Squalidae,5005,5.005,75,AnAge
Torpedo marmorata,Chondrichthyes,Torpediniformes,Torpedinidae,1650,1.65,20,AnAge
Acipenser brevirostrum,Chondrostei,Acipenseriformes,Acipenseridae,9325,9.325,67,AnAge
Acipenser fulvescens,Chondrostei,Acipenseriformes,Acipenseridae,70000,70,152,AnAge
Acipenser gueldenstaedtii,Chondrostei,Acipenseriformes,Acipenseridae,63250,63.25,46,AnAge
Acipenser oxyrinchus,Chondrostei,Acipenseriformes,Acipenseridae,202400,202.4,60,AnAge
Acipenser ruthenus,Chondrostei,Acipenseriformes,Acipenseridae,8800,8.8,46.1,AnAge
Acipenser schrenckii,Chondrostei,Acipenseriformes,Acipenseridae,104500,104.5,60,AnAge
Acipenser stellatus,Chondrostei,Acipenseriformes,Acipenseridae,44000,44,27,AnAge
Acipenser sturio,Chondrostei,Acipenseriformes,Acipenseridae,220000,220,100,AnAge
Acipenser transmontanus,Chondrostei,Acipenseriformes,Acipenseridae,448800,448.8,104,AnAge
Huso dauricus,Chondrostei,Acipenseriformes,Acipenseridae,550000,550,55,AnAge
Huso huso,Chondrostei,Acipenseriformes,Acipenseridae,1139600,1139.6,118,AnAge
Pseudoscaphirhynchus hermanni,Chondrostei,Acipenseriformes,Acipenseridae,27.775,0.027775,6,AnAge
Polyodon spathula,Chondrostei,Acipenseriformes,Polyodontidae,49885,49.885,55,AnAge
Latimeria chalumnae,Coelacanthi,Coelacanthiformes,Latimeriidae,52250,52.25,48,AnAge
Amia calva,Holostei,Amiiformes,Amiidae,5362.5,5.3625,30,AnAge
Lepisosteus oculatus,Holostei,Lepisosteiformes,Lepisosteidae,2442,2.442,18,AnAge
Lepisosteus osseus,Holostei,Lepisosteiformes,Lepisosteidae,12540,12.54,36,AnAge
Lepisosteus platostomus,Holostei,Lepisosteiformes,Lepisosteidae,1430,1.43,20,AnAge
Echinops telfairi,Mammalia,Afrosoricida,Tenrecidae,116.4,0.1164,19,AnAge
Hemicentetes semispinosus,Mammalia,Afrosoricida,Tenrecidae,116.4,0.1164,2.7,AnAge
Microgale dobsoni,Mammalia,Afrosoricida,Tenrecidae,44.6,0.0446,5.6,AnAge
Microgale talazaci,Mammalia,Afrosoricida,Tenrecidae,44,0.044,5.8,AnAge
Setifer setosus,Mammalia,Afrosoricida,Tenrecidae,427.6,0.4276,14.1,AnAge
Tenrec ecaudatus,Mammalia,Afrosoricida,Tenrecidae,650,0.65,8.7,AnAge
Antilocapra americana,Mammalia,Artiodactyla,Antilocapridae,34779.3,34.7793,17,AnAge
Addax nasomaculatus,Mammalia,Artiodactyla,Bovidae,92500,92.5,28,AnAge
Aepyceros melampus,Mammalia,Artiodactyla,Bovidae,52500,52.5,25.6,AnAge
Alcelaphus buselaphus,Mammalia,Artiodactyla,Bovidae,159000,159,22.5,AnAge
Ammotragus lervia,Mammalia,Artiodactyla,Bovidae,92500,92.5,21.7,AnAge
Antidorcas marsupialis,Mammalia,Artiodactyla,Bovidae,39000,39,19.8,AnAge
Antilope cervicapra,Mammalia,Artiodactyla,Bovidae,37500,37.5,23.9,AnAge
Bison bison,Mammalia,Artiodactyla,Bovidae,630000,630,33.5,AnAge
Bison bonasus,Mammalia,Artiodactyla,Bovidae,610000,610,26.4,AnAge
Bos frontalis,Mammalia,Artiodactyla,Bovidae,825000,825,26.2,AnAge
Bos grunniens,Mammalia,Artiodactyla,Bovidae,667000,667,26.3,AnAge
Bos javanicus,Mammalia,Artiodactyla,Bovidae,700000,700,27.1,AnAge
Bos taurus,Mammalia,Artiodactyla,Bovidae,347000,347,20,AnAge
Boselaphus tragocamelus,Mammalia,Artiodactyla,Bovidae,180000,180,21.7,AnAge
Bubalus bubalis,Mammalia,Artiodactyla,Bovidae,725000,725,34.9,AnAge
Bubalus depressicornis,Mammalia,Artiodactyla,Bovidae,155000,155,36.1,AnAge
Bubalus quarlesi,Mammalia,Artiodactyla,Bovidae,150000,150,29.2,AnAge
Budorcas taxicolor,Mammalia,Artiodactyla,Bovidae,180000,180,21.9,AnAge
Capra caucasica,Mammalia,Artiodactyla,Bovidae,70000,70,19.3,AnAge
Capra cylindricornis,Mammalia,Artiodactyla,Bovidae,50000,50,20.2,AnAge
Capra falconeri,Mammalia,Artiodactyla,Bovidae,41000,41,19.1,AnAge
Capra hircus,Mammalia,Artiodactyla,Bovidae,61000,61,20.8,AnAge
Capra ibex,Mammalia,Artiodactyla,Bovidae,82500,82.5,21,AnAge
Capra nubiana,Mammalia,Artiodactyla,Bovidae,46250,46.25,22.4,AnAge
Capra sibirica,Mammalia,Artiodactyla,Bovidae,130000,130,22.3,AnAge
Capricornis crispus,Mammalia,Artiodactyla,Bovidae,80000,80,24,AnAge
Capricornis sumatraensis,Mammalia,Artiodactyla,Bovidae,95000,95,18.5,AnAge
Cephalophus dorsalis,Mammalia,Artiodactyla,Bovidae,11600,11.6,17.5,AnAge
Cephalophus jentinki,Mammalia,Artiodactyla,Bovidae,70000.3,70.0003,21,AnAge
Cephalophus natalensis,Mammalia,Artiodactyla,Bovidae,10000,10,15.2,AnAge
Cephalophus niger,Mammalia,Artiodactyla,Bovidae,18100,18.1,14.8,AnAge
Cephalophus nigrifrons,Mammalia,Artiodactyla,Bovidae,13900,13.9,17.9,AnAge
Cephalophus rufilatus,Mammalia,Artiodactyla,Bovidae,13000,13,15.2,AnAge
Cephalophus silvicultor,Mammalia,Artiodactyla,Bovidae,62000,62,22.5,AnAge
Cephalophus weynsi,Mammalia,Artiodactyla,Bovidae,10000,10,15.2,AnAge
Connochaetes gnou,Mammalia,Artiodactyla,Bovidae,132250,132.25,21.8,AnAge
Connochaetes taurinus,Mammalia,Artiodactyla,Bovidae,196500,196.5,24.3,AnAge
Damaliscus lunatus,Mammalia,Artiodactyla,Bovidae,110000,110,35,AnAge
Damaliscus pygargus,Mammalia,Artiodactyla,Bovidae,84500,84.5,23,AnAge
Eudorcas rufifrons,Mammalia,Artiodactyla,Bovidae,15011,15.011,14.5,AnAge
Eudorcas thomsonii,Mammalia,Artiodactyla,Bovidae,25000,25,20,AnAge
Gazella cuvieri,Mammalia,Artiodactyla,Bovidae,17500,17.5,17.9,AnAge
Gazella dorcas,Mammalia,Artiodactyla,Bovidae,14500,14.5,23.7,AnAge
Gazella gazella,Mammalia,Artiodactyla,Bovidae,23250,23.25,18.3,AnAge
Gazella leptoceros,Mammalia,Artiodactyla,Bovidae,48500,48.5,14.6,AnAge
Gazella saudiya,Mammalia,Artiodactyla,Bovidae,32185.7,32.1857,21,AnAge
Gazella subgutturosa,Mammalia,Artiodactyla,Bovidae,48500,48.5,16.3,AnAge
Hemitragus hylocrius,Mammalia,Artiodactyla,Bovidae,75000,75,17.3,AnAge
Hemitragus jemlahicus,Mammalia,Artiodactyla,Bovidae,35200,35.2,24,AnAge
Hippotragus equinus,Mammalia,Artiodactyla,Bovidae,225000,225,25.9,AnAge
Hippotragus niger,Mammalia,Artiodactyla,Bovidae,225000,225,22.2,AnAge
Kobus ellipsiprymnus,Mammalia,Artiodactyla,Bovidae,100000,100,30,AnAge
Kobus kob,Mammalia,Artiodactyla,Bovidae,105000,105,21.9,AnAge
Kobus leche,Mammalia,Artiodactyla,Bovidae,94800,94.8,27,AnAge
Kobus megaceros,Mammalia,Artiodactyla,Bovidae,90000,90,21.1,AnAge
Litocranius walleri,Mammalia,Artiodactyla,Bovidae,43500,43.5,17.3,AnAge
Madoqua guentheri,Mammalia,Artiodactyla,Bovidae,4550,4.55,17.5,AnAge
Madoqua kirkii,Mammalia,Artiodactyla,Bovidae,4290,4.29,17.3,AnAge
Naemorhedus baileyi,Mammalia,Artiodactyla,Bovidae,28863,28.863,19,AnAge
Naemorhedus caudatus,Mammalia,Artiodactyla,Bovidae,27000,27,20.3,AnAge
Naemorhedus goral,Mammalia,Artiodactyla,Bovidae,31750,31.75,17.6,AnAge
Nanger dama,Mammalia,Artiodactyla,Bovidae,73000,73,19.3,AnAge
Nanger granti,Mammalia,Artiodactyla,Bovidae,67000,67,23,AnAge
Nanger soemmerringii,Mammalia,Artiodactyla,Bovidae,48500,48.5,15.5,AnAge
Neotragus moschatus,Mammalia,Artiodactyla,Bovidae,6500,6.5,13.5,AnAge
Neotragus pygmaeus,Mammalia,Artiodactyla,Bovidae,2250,2.25,11.1,AnAge
Oreamnos americanus,Mammalia,Artiodactyla,Bovidae,32000,32,20.8,AnAge
Oreotragus oreotragus,Mammalia,Artiodactyla,Bovidae,12000,12,25.9,AnAge
Oryx dammah,Mammalia,Artiodactyla,Bovidae,177500,177.5,27.5,AnAge
Oryx gazella,Mammalia,Artiodactyla,Bovidae,170000,170,23.8,AnAge
Oryx leucoryx,Mammalia,Artiodactyla,Bovidae,121350,121.35,20.8,AnAge
Ourebia ourebi,Mammalia,Artiodactyla,Bovidae,17000,17,15.9,AnAge
Ovibos moschatus,Mammalia,Artiodactyla,Bovidae,315000,315,27.4,AnAge
Ovis ammon,Mammalia,Artiodactyla,Bovidae,160000,160,16.8,AnAge
Ovis aries,Mammalia,Artiodactyla,Bovidae,80000,80,22.8,AnAge
Ovis canadensis,Mammalia,Artiodactyla,Bovidae,67030.8,67.0308,20.6,AnAge
Ovis dalli,Mammalia,Artiodactyla,Bovidae,73100,73.1,19.6,AnAge
Philantomba maxwellii,Mammalia,Artiodactyla,Bovidae,7000,7,18.3,AnAge
Philantomba monticola,Mammalia,Artiodactyla,Bovidae,4200,4.2,15.9,AnAge
Procapra gutturosa,Mammalia,Artiodactyla,Bovidae,30000,30,12,AnAge
Pseudois nayaur,Mammalia,Artiodactyla,Bovidae,55000,55,20.9,AnAge
Raphicerus campestris,Mammalia,Artiodactyla,Bovidae,9600,9.6,9.3,AnAge
Redunca arundinum,Mammalia,Artiodactyla,Bovidae,58000,58,16.8,AnAge
Redunca fulvorufula,Mammalia,Artiodactyla,Bovidae,30000,30,15,AnAge
Rupicapra rupicapra,Mammalia,Artiodactyla,Bovidae,37500,37.5,17.6,AnAge
Sylvicapra grimmia,Mammalia,Artiodactyla,Bovidae,18500,18.5,15.4,AnAge
Syncerus caffer,Mammalia,Artiodactyla,Bovidae,700000,700,32.8,AnAge
Taurotragus derbianus,Mammalia,Artiodactyla,Bovidae,680000,680,20.3,AnAge
Taurotragus oryx,Mammalia,Artiodactyla,Bovidae,141404,141.404,26.1,AnAge
Tetracerus quadricornis,Mammalia,Artiodactyla,Bovidae,19000,19,17.4,AnAge
Tragelaphus angasii,Mammalia,Artiodactyla,Bovidae,120000,120,23,AnAge
Tragelaphus eurycerus,Mammalia,Artiodactyla,Bovidae,307500,307.5,22,AnAge
Tragelaphus imberbis,Mammalia,Artiodactyla,Bovidae,82500,82.5,19.8,AnAge
Tragelaphus scriptus,Mammalia,Artiodactyla,Bovidae,60000,60,15.3,AnAge
Tragelaphus spekii,Mammalia,Artiodactyla,Bovidae,87500,87.5,22.6,AnAge
Tragelaphus strepsiceros,Mammalia,Artiodactyla,Bovidae,217500,217.5,23.5,AnAge
Camelus bactrianus,Mammalia,Artiodactyla,Camelidae,475000,475,35.4,AnAge
Camelus dromedarius,Mammalia,Artiodactyla,Camelidae,407000,407,28.4,AnAge
Lama glama,Mammalia,Artiodactyla,Camelidae,115000,115,28.9,AnAge
Lama guanicoe,Mammalia,Artiodactyla,Camelidae,127500,127.5,33.7,AnAge
Vicugna pacos,Mammalia,Artiodactyla,Camelidae,62000,62,25.8,AnAge
Vicugna vicugna,Mammalia,Artiodactyla,Camelidae,50000,50,31.6,AnAge
Axis axis,Mammalia,Artiodactyla,Cervidae,36000,36,20.8,AnAge
Axis calamianensis,Mammalia,Artiodactyla,Cervidae,40500,40.5,17.2,AnAge
Axis kuhlii,Mammalia,Artiodactyla,Cervidae,55000,55,17.8,AnAge
Axis porcinus,Mammalia,Artiodactyla,Cervidae,43000,43,22.9,AnAge
Capreolus capreolus,Mammalia,Artiodactyla,Cervidae,21500,21.5,17.5,AnAge
Cervus elaphus,Mammalia,Artiodactyla,Cervidae,67000,67,31.5,AnAge
Cervus nippon,Mammalia,Artiodactyla,Cervidae,42000,42,26.3,AnAge
Dama dama,Mammalia,Artiodactyla,Cervidae,70000,70,27,AnAge
Elaphodus cephalophus,Mammalia,Artiodactyla,Cervidae,33500,33.5,22.7,AnAge
Elaphurus davidianus,Mammalia,Artiodactyla,Cervidae,186500,186.5,27.5,AnAge
Hydropotes inermis,Mammalia,Artiodactyla,Cervidae,11500,11.5,13.9,AnAge
Mazama americana,Mammalia,Artiodactyla,Cervidae,33000,33,17.1,AnAge
Mazama gouazoubira,Mammalia,Artiodactyla,Cervidae,17000,17,14.8,AnAge
Muntiacus muntjak,Mammalia,Artiodactyla,Cervidae,21000,21,18.8,AnAge
Muntiacus reevesi,Mammalia,Artiodactyla,Cervidae,18000,18,23.2,AnAge
Odocoileus hemionus,Mammalia,Artiodactyla,Cervidae,57000,57,22,AnAge
Odocoileus virginianus,Mammalia,Artiodactyla,Cervidae,61862.5,61.8625,23,AnAge
Ozotoceros bezoarticus,Mammalia,Artiodactyla,Cervidae,32500,32.5,21.9,AnAge
Przewalskium albirostre,Mammalia,Artiodactyla,Cervidae,135000,135,21.3,AnAge
Pudu puda,Mammalia,Artiodactyla,Cervidae,10000,10,18.3,AnAge
Rangifer tarandus,Mammalia,Artiodactyla,Cervidae,85000,85,21.8,AnAge
Rucervus duvaucelii,Mammalia,Artiodactyla,Cervidae,170000,170,24.5,AnAge
Rucervus eldii,Mammalia,Artiodactyla,Cervidae,122500,122.5,20.5,AnAge
Rusa alfredi,Mammalia,Artiodactyla,Cervidae,46475,46.475,18.5,AnAge
Rusa timorensis,Mammalia,Artiodactyla,Cervidae,63000,63,21.1,AnAge
Rusa unicolor,Mammalia,Artiodactyla,Cervidae,185000,185,26.4,AnAge
Giraffa camelopardalis,Mammalia,Artiodactyla,Giraffidae,800000,800,39.5,AnAge
Okapia johnstoni,Mammalia,Artiodactyla,Giraffidae,225000,225,33.5,AnAge
Hexaprotodon liberiensis,Mammalia,Artiodactyla,Hippopotamidae,215000,215,42.3,AnAge
Hippopotamus amphibius,Mammalia,Artiodactyla,Hippopotamidae,3750000,3750,61.2,AnAge
Babyrousa babyrussa,Mammalia,Artiodactyla,Suidae,71500,71.5,22.9,AnAge
Phacochoerus africanus,Mammalia,Artiodactyla,Suidae,100000,100,30,AnAge
Potamochoerus porcus,Mammalia,Artiodactyla,Suidae,88000,88,22,AnAge
Sus barbatus,Mammalia,Artiodactyla,Suidae,102750,102.75,16.2,AnAge
Sus salvanius,Mammalia,Artiodactyla,Suidae,8000,8,14,AnAge
Sus scrofa,Mammalia,Artiodactyla,Suidae,135000,135,27,AnAge
Sus verrucosus,Mammalia,Artiodactyla,Suidae,76000,76,17,AnAge
Pecari tajacu,Mammalia,Artiodactyla,Tayassuidae,20500,20.5,31.5,AnAge
Tayassu pecari,Mammalia,Artiodactyla,Tayassuidae,22000,22,28.5,AnAge
Moschiola meminna,Mammalia,Artiodactyla,Tragulidae,2450,2.45,14.5,AnAge
Tragulus javanicus,Mammalia,Artiodactyla,Tragulidae,1615.5,1.6155,14,AnAge
Tragulus napu,Mammalia,Artiodactyla,Tragulidae,6500,6.5,16.7,AnAge
Ailurus fulgens,Mammalia,Carnivora,Ailuridae,5740,5.74,19,AnAge
Atelocynus microtis,Mammalia,Carnivora,Canidae,9500,9.5,11.9,AnAge
Canis adustus,Mammalia,Carnivora,Canidae,10250,10.25,13.7,AnAge
Canis aureus,Mammalia,Carnivora,Canidae,11000,11,18.8,AnAge
Canis familiaris,Mammalia,Carnivora,Canidae,40000,40,27,AnAge
Canis latrans,Mammalia,Carnivora,Canidae,10148.9,10.1489,21.8,AnAge
Canis lupus,Mammalia,Carnivora,Canidae,26625,26.625,20.6,AnAge
Canis mesomelas,Mammalia,Carnivora,Canidae,7720,7.72,16.7,AnAge
Cerdocyon thous,Mammalia,Carnivora,Canidae,5444,5.444,12.7,AnAge
Chrysocyon brachyurus,Mammalia,Carnivora,Canidae,21500,21.5,16.8,AnAge
Cuon alpinus,Mammalia,Carnivora,Canidae,15750,15.75,16.1,AnAge
Lycalopex culpaeus,Mammalia,Carnivora,Canidae,13000,13,13.1,AnAge
Lycalopex griseus,Mammalia,Carnivora,Canidae,3990,3.99,10.9,AnAge
Lycalopex gymnocercus,Mammalia,Carnivora,Canidae,8500,8.5,13.7,AnAge
Lycalopex sechurae,Mammalia,Carnivora,Canidae,4000,4,9.9,AnAge
Lycalopex vetulus,Mammalia,Carnivora,Canidae,5350,5.35,12.6,AnAge
Lycaon pictus,Mammalia,Carnivora,Canidae,8750,8.75,17,AnAge
Nyctereutes procyonoides,Mammalia,Carnivora,Canidae,6500,6.5,16.6,AnAge
Otocyon megalotis,Mammalia,Carnivora,Canidae,4150,4.15,17,AnAge
Speothos venaticus,Mammalia,Carnivora,Canidae,6000,6,14.1,AnAge
Urocyon cinereoargenteus,Mammalia,Carnivora,Canidae,4750,4.75,16.2,AnAge
Vulpes corsac,Mammalia,Carnivora,Canidae,2700,2.7,13,AnAge
Vulpes lagopus,Mammalia,Carnivora,Canidae,3600,3.6,16.3,AnAge
Vulpes macrotis,Mammalia,Carnivora,Canidae,1769,1.769,15.8,AnAge
Vulpes pallida,Mammalia,Carnivora,Canidae,2800,2.8,16,AnAge
Vulpes rueppellii,Mammalia,Carnivora,Canidae,3200,3.2,14.3,AnAge
Vulpes velox,Mammalia,Carnivora,Canidae,1769,1.769,15.9,AnAge
Vulpes vulpes,Mammalia,Carnivora,Canidae,4580.3,4.5803,21.3,AnAge
Vulpes zerda,Mammalia,Carnivora,Canidae,1159.2,1.1592,16.3,AnAge
Cryptoprocta ferox,Mammalia,Carnivora,Eupleridae,9500,9.5,23.1,AnAge
Fossa fossana,Mammalia,Carnivora,Eupleridae,2260,2.26,21.4,AnAge
Galidia elegans,Mammalia,Carnivora,Eupleridae,800,0.8,26,AnAge
Acinonyx jubatus,Mammalia,Carnivora,Felidae,38446.1,38.4461,20.5,AnAge
Caracal caracal,Mammalia,Carnivora,Felidae,16000,16,20.3,AnAge
Catopuma temminckii,Mammalia,Carnivora,Felidae,13500,13.5,23,AnAge
Felis catus,Mammalia,Carnivora,Felidae,3900,3.9,30,AnAge
Felis chaus,Mammalia,Carnivora,Felidae,10000,10,20,AnAge
Felis manul,Mammalia,Carnivora,Felidae,3500,3.5,15.9,AnAge
Felis margarita,Mammalia,Carnivora,Felidae,2750,2.75,13.9,AnAge
Felis nigripes,Mammalia,Carnivora,Felidae,2125,2.125,15.6,AnAge
Felis silvestris,Mammalia,Carnivora,Felidae,5500,5.5,19,AnAge
Leopardus colocolo,Mammalia,Carnivora,Felidae,2950,2.95,19.6,AnAge
Leopardus geoffroyi,Mammalia,Carnivora,Felidae,4000,4,23,AnAge
Leopardus pardalis,Mammalia,Carnivora,Felidae,10500,10.5,28.2,AnAge
Leopardus tigrinus,Mammalia,Carnivora,Felidae,2250,2.25,21.9,AnAge
Leopardus wiedii,Mammalia,Carnivora,Felidae,3600,3.6,24,AnAge
Leptailurus serval,Mammalia,Carnivora,Felidae,1012,1.012,22.4,AnAge
Lynx canadensis,Mammalia,Carnivora,Felidae,10100,10.1,26.8,AnAge
Lynx lynx,Mammalia,Carnivora,Felidae,23000,23,26,AnAge
Lynx rufus,Mammalia,Carnivora,Felidae,9400,9.4,32.3,AnAge
Neofelis nebulosa,Mammalia,Carnivora,Felidae,19500,19.5,19.8,AnAge
Panthera leo,Mammalia,Carnivora,Felidae,98000,98,28,AnAge
Panthera onca,Mammalia,Carnivora,Felidae,50400,50.4,28,AnAge
Panthera pardus,Mammalia,Carnivora,Felidae,53750,53.75,27.3,AnAge
Panthera tigris,Mammalia,Carnivora,Felidae,137900,137.9,26.3,AnAge
Prionailurus bengalensis,Mammalia,Carnivora,Felidae,5000,5,17,AnAge
Prionailurus planiceps,Mammalia,Carnivora,Felidae,6750,6.75,14,AnAge
Prionailurus rubiginosus,Mammalia,Carnivora,Felidae,1350,1.35,17.9,AnAge
Prionailurus viverrinus,Mammalia,Carnivora,Felidae,10650,10.65,17.2,AnAge
Profelis aurata,Mammalia,Carnivora,Felidae,10650,10.65,21,AnAge
Puma concolor,Mammalia,Carnivora,Felidae,37200,37.2,27,AnAge
Puma yagouaroundi,Mammalia,Carnivora,Felidae,8400,8.4,18.6,AnAge
Uncia uncia,Mammalia,Carnivora,Felidae,50000,50,21.2,AnAge
Atilax paludinosus,Mammalia,Carnivora,Herpestidae,3300,3.3,20.8,AnAge
Bdeogale nigripes,Mammalia,Carnivora,Herpestidae,2000,2,15.8,AnAge
Crossarchus obscurus,Mammalia,Carnivora,Herpestidae,790,0.79,13.3,AnAge
Cynictis penicillata,Mammalia,Carnivora,Herpestidae,598.5,0.5985,15.2,AnAge
Galerella pulverulenta,Mammalia,Carnivora,Herpestidae,650,0.65,11.7,AnAge
Galerella sanguinea,Mammalia,Carnivora,Herpestidae,519.6,0.5196,12.6,AnAge
Helogale parvula,Mammalia,Carnivora,Herpestidae,274.8,0.2748,20,AnAge
Herpestes edwardsi,Mammalia,Carnivora,Herpestidae,1000,1,12.3,AnAge
Herpestes javanicus,Mammalia,Carnivora,Herpestidae,611,0.611,16.6,AnAge
Herpestes smithii,Mammalia,Carnivora,Herpestidae,1702.5,1.7025,17.8,AnAge
Herpestes urva,Mammalia,Carnivora,Herpestidae,1863.2,1.8632,13.3,AnAge
Herpestes vitticollis,Mammalia,Carnivora,Herpestidae,2250,2.25,12.8,AnAge
Ichneumia albicauda,Mammalia,Carnivora,Herpestidae,3500,3.5,14.8,AnAge
Mungos mungo,Mammalia,Carnivora,Herpestidae,1331.5,1.3315,17.4,AnAge
Suricata suricatta,Mammalia,Carnivora,Herpestidae,850,0.85,20.6,AnAge
Crocuta crocuta,Mammalia,Carnivora,Hyaenidae,63000,63,41.1,AnAge
Hyaena brunnea,Mammalia,Carnivora,Hyaenidae,42250,42.25,31.9,AnAge
Hyaena hyaena,Mammalia,Carnivora,Hyaenidae,34300,34.3,25,AnAge
Proteles cristata,Mammalia,Carnivora,Hyaenidae,7902.6,7.9026,20,AnAge
Conepatus chinga,Mammalia,Carnivora,Mephitidae,3400,3.4,10,AnAge
Conepatus leuconotus,Mammalia,Carnivora,Mephitidae,1900,1.9,10.2,AnAge
Mephitis mephitis,Mammalia,Carnivora,Mephitidae,3500,3.5,13.9,AnAge
Spilogale putorius,Mammalia,Carnivora,Mephitidae,624,0.624,10.5,AnAge
Aonyx capensis,Mammalia,Carnivora,Mustelidae,23500,23.5,14.2,AnAge
Aonyx cinereus,Mammalia,Carnivora,Mustelidae,3000,3,23,AnAge
Arctonyx collaris,Mammalia,Carnivora,Mustelidae,10500,10.5,15.8,AnAge
Eira barbara,Mammalia,Carnivora,Mustelidae,2950,2.95,22.3,AnAge
Enhydra lutris,Mammalia,Carnivora,Mustelidae,26832.8,26.8328,27,AnAge
Galictis cuja,Mammalia,Carnivora,Mustelidae,1000,1,10.2,AnAge
Galictis vittata,Mammalia,Carnivora,Mustelidae,2300,2.3,12.5,AnAge
Gulo gulo,Mammalia,Carnivora,Mustelidae,12700,12.7,19.5,AnAge
Hydrictis maculicollis,Mammalia,Carnivora,Mustelidae,4000,4,22.9,AnAge
Ictonyx striatus,Mammalia,Carnivora,Mustelidae,910,0.91,14,AnAge
Lontra canadensis,Mammalia,Carnivora,Mustelidae,9000,9,27,AnAge
Lutra lutra,Mammalia,Carnivora,Mustelidae,10000,10,18.2,AnAge
Martes americana,Mammalia,Carnivora,Mustelidae,966.5,0.9665,17.8,AnAge
Martes flavigula,Mammalia,Carnivora,Mustelidae,2500,2.5,16,AnAge
Martes foina,Mammalia,Carnivora,Mustelidae,1700,1.7,18.2,AnAge
Martes martes,Mammalia,Carnivora,Mustelidae,920,0.92,18.2,AnAge
Martes pennanti,Mammalia,Carnivora,Mustelidae,3175,3.175,14.3,AnAge
Martes zibellina,Mammalia,Carnivora,Mustelidae,1066.7,1.0667,18.4,AnAge
Meles meles,Mammalia,Carnivora,Mustelidae,11050,11.05,18.6,AnAge
Mellivora capensis,Mammalia,Carnivora,Mustelidae,10000,10,31.3,AnAge
Melogale moschata,Mammalia,Carnivora,Mustelidae,672,0.672,19,AnAge
Mustela erminea,Mammalia,Carnivora,Mustelidae,125.5,0.1255,12.5,AnAge
Mustela eversmanii,Mammalia,Carnivora,Mustelidae,1350,1.35,9.1,AnAge
Mustela frenata,Mammalia,Carnivora,Mustelidae,225,0.225,8.8,AnAge
Mustela lutreola,Mammalia,Carnivora,Mustelidae,590,0.59,8.4,AnAge
Mustela nigripes,Mammalia,Carnivora,Mustelidae,1021,1.021,9.4,AnAge
Mustela nivalis,Mammalia,Carnivora,Mustelidae,46.9,0.0469,9.1,AnAge
Mustela putorius,Mammalia,Carnivora,Mustelidae,809,0.809,11.1,AnAge
Mustela sibirica,Mammalia,Carnivora,Mustelidae,565,0.565,8.8,AnAge
Neovison vison,Mammalia,Carnivora,Mustelidae,660,0.66,11.4,AnAge
Pteronura brasiliensis,Mammalia,Carnivora,Mustelidae,24000,24,17.3,AnAge
Taxidea taxus,Mammalia,Carnivora,Mustelidae,9000,9,25,AnAge
Vormela peregusna,Mammalia,Carnivora,Mustelidae,542.5,0.5425,8.8,AnAge
Nandinia binotata,Mammalia,Carnivora,Nandiniidae,4270,4.27,21,AnAge
Arctocephalus australis,Mammalia,Carnivora,Otariidae,110000,110,30.6,AnAge
Arctocephalus pusillus,Mammalia,Carnivora,Otariidae,127551,127.551,32.1,AnAge
Eumetopias jubatus,Mammalia,Carnivora,Otariidae,415000,415,32.8,AnAge
Neophoca cinerea,Mammalia,Carnivora,Otariidae,190000,190,24.1,AnAge
Otaria flavescens,Mammalia,Carnivora,Otariidae,207500,207.5,29,AnAge
Zalophus californianus,Mammalia,Carnivora,Otariidae,180000,180,35.7,AnAge
Halichoerus grypus,Mammalia,Carnivora,Phocidae,268000,268,42.9,AnAge
Phoca vitulina,Mammalia,Carnivora,Phocidae,27400,27.4,47.6,AnAge
Pusa hispida,Mammalia,Carnivora,Phocidae,90000,90,46,AnAge
Pusa sibirica,Mammalia,Carnivora,Phocidae,90000,90,56,AnAge
Bassaricyon alleni,Mammalia,Carnivora,Procyonidae,1235,1.235,25.2,AnAge
Bassaricyon gabbii,Mammalia,Carnivora,Procyonidae,1235,1.235,21.8,AnAge
Bassariscus astutus,Mammalia,Carnivora,Procyonidae,1015,1.015,19,AnAge
Bassariscus sumichrasti,Mammalia,Carnivora,Procyonidae,1280,1.28,24,AnAge
Nasua narica,Mammalia,Carnivora,Procyonidae,3670,3.67,26.4,AnAge
Nasua nasua,Mammalia,Carnivora,Procyonidae,3924.3,3.9243,23.7,AnAge
Potos flavus,Mammalia,Carnivora,Procyonidae,2318,2.318,38.4,AnAge
Procyon cancrivorus,Mammalia,Carnivora,Procyonidae,1160,1.16,19,AnAge
Procyon lotor,Mammalia,Carnivora,Procyonidae,4842.2,4.8422,21,AnAge
Ailuropoda melanoleuca,Mammalia,Carnivora,Ursidae,117500,117.5,36.8,AnAge
Helarctos malayanus,Mammalia,Carnivora,Ursidae,46000,46,35.9,AnAge
Melursus ursinus,Mammalia,Carnivora,Ursidae,66957,66.957,33.3,AnAge
Tremarctos ornatus,Mammalia,Carnivora,Ursidae,109250,109.25,39,AnAge
Ursus americanus,Mammalia,Carnivora,Ursidae,154250,154.25,34,AnAge
Ursus arctos,Mammalia,Carnivora,Ursidae,277500,277.5,40,AnAge
Ursus maritimus,Mammalia,Carnivora,Ursidae,475000,475,43.8,AnAge
Ursus thibetanus,Mammalia,Carnivora,Ursidae,103750,103.75,39.2,AnAge
Arctictis binturong,Mammalia,Carnivora,Viverridae,14280,14.28,27,AnAge
Arctogalidia trivirgata,Mammalia,Carnivora,Viverridae,2010,2.01,16.1,AnAge
Civettictis civetta,Mammalia,Carnivora,Viverridae,13666.7,13.6667,28,AnAge
Genetta genetta,Mammalia,Carnivora,Viverridae,1866.7,1.8667,22.7,AnAge
Genetta maculata,Mammalia,Carnivora,Viverridae,2225,2.225,20,AnAge
Genetta tigrina,Mammalia,Carnivora,Viverridae,1699,1.699,21.3,AnAge
Hemigalus derbyanus,Mammalia,Carnivora,Viverridae,2400,2.4,16,AnAge
Paguma larvata,Mammalia,Carnivora,Viverridae,4300,4.3,27.4,AnAge
Paradoxurus hermaphroditus,Mammalia,Carnivora,Viverridae,3282.6,3.2826,24.5,AnAge
Viverra civettina,Mammalia,Carnivora,Viverridae,12061,12.061,15.4,AnAge
Viverra tangalunga,Mammalia,Carnivora,Viverridae,7350,7.35,15,AnAge
Viverra zibetha,Mammalia,Carnivora,Viverridae,10000,10,21.7,AnAge
Balaena mysticetus,Mammalia,Cetacea,Balaenidae,1e+08,100000,211,AnAge
Eubalaena australis,Mammalia,Cetacea,Balaenidae,45000000,45000,70,AnAge
Eubalaena glacialis,Mammalia,Cetacea,Balaenidae,23000000,23000,67,AnAge
Balaenoptera acutorostrata,Mammalia,Cetacea,Balaenopteridae,7500000,7500,50,AnAge
Balaenoptera borealis,Mammalia,Cetacea,Balaenopteridae,20000000,20000,74,AnAge
Balaenoptera edeni,Mammalia,Cetacea,Balaenopteridae,16000000,16000,72,AnAge
Balaenoptera musculus,Mammalia,Cetacea,Balaenopteridae,1.36e+08,136000,110,AnAge
Balaenoptera physalus,Mammalia,Cetacea,Balaenopteridae,70000000,70000,114,AnAge
Megaptera novaeangliae,Mammalia,Cetacea,Balaenopteridae,30000000,30000,95,AnAge
Delphinus delphis,Mammalia,Cetacea,Delphinidae,80000,80,25,AnAge
Globicephala macrorhynchus,Mammalia,Cetacea,Delphinidae,2200000,2200,63,AnAge
Globicephala melas,Mammalia,Cetacea,Delphinidae,1060000,1060,60,AnAge
Grampus griseus,Mammalia,Cetacea,Delphinidae,425000,425,42.5,AnAge
Lagenorhynchus acutus,Mammalia,Cetacea,Delphinidae,208000,208,27,AnAge
Lagenorhynchus obliquidens,Mammalia,Cetacea,Delphinidae,103000,103,46,AnAge
Orcaella brevirostris,Mammalia,Cetacea,Delphinidae,190000,190,30,AnAge
Orcinus orca,Mammalia,Cetacea,Delphinidae,3987500,3987.5,90,AnAge
Peponocephala electra,Mammalia,Cetacea,Delphinidae,206000,206,47,AnAge
Pseudorca crassidens,Mammalia,Cetacea,Delphinidae,748000,748,62.5,AnAge
Stenella attenuata,Mammalia,Cetacea,Delphinidae,112500,112.5,46,AnAge
Stenella coeruleoalba,Mammalia,Cetacea,Delphinidae,112500,112.5,57.5,AnAge
Steno bredanensis,Mammalia,Cetacea,Delphinidae,114000,114,32,AnAge
Tursiops truncatus,Mammalia,Cetacea,Delphinidae,200000,200,51.6,AnAge
Eschrichtius robustus,Mammalia,Cetacea,Eschrichtiidae,28500000,28500,77,AnAge
Berardius bairdii,Mammalia,Cetacea,Hyperoodontidae,11380000,11380,84,AnAge
Hyperoodon ampullatus,Mammalia,Cetacea,Hyperoodontidae,6500000,6500,37,AnAge
Mesoplodon europaeus,Mammalia,Cetacea,Hyperoodontidae,5600000,5600,48,AnAge
Ziphius cavirostris,Mammalia,Cetacea,Hyperoodontidae,2701000,2701,62,AnAge
Inia geoffrensis,Mammalia,Cetacea,Iniidae,84000,84,31.3,AnAge
Kogia breviceps,Mammalia,Cetacea,Kogiidae,424600,424.6,17,AnAge
Lipotes vexillifer,Mammalia,Cetacea,Lipotidae,83500,83.5,24,AnAge
Delphinapterus leucas,Mammalia,Cetacea,Monodontidae,1430000,1430,40,AnAge
Monodon monoceros,Mammalia,Cetacea,Monodontidae,1250000,1250,50,AnAge
Neophocaena phocaenoides,Mammalia,Cetacea,Phocoenidae,32500,32.5,33,AnAge
Phocoena phocoena,Mammalia,Cetacea,Phocoenidae,28500,28.5,20.4,AnAge
Phocoenoides dalli,Mammalia,Cetacea,Phocoenidae,120000,120,22,AnAge
Physeter macrocephalus,Mammalia,Cetacea,Physeteridae,28500000,28500,77,AnAge
Saccopteryx bilineata,Mammalia,Chiroptera,Emballonuridae,7.8,0.0078,6,AnAge
Taphozous georgianus,Mammalia,Chiroptera,Emballonuridae,24.43,0.02443,4,AnAge
Taphozous hilli,Mammalia,Chiroptera,Emballonuridae,21.99,0.02199,8.8,AnAge
Hipposideros fulvus,Mammalia,Chiroptera,Hipposideridae,7,0.007,13,AnAge
Macroderma gigas,Mammalia,Chiroptera,Megadermatidae,126,0.126,22.6,AnAge
Megaderma lyra,Mammalia,Chiroptera,Megadermatidae,38.6,0.0386,14,AnAge
Miniopterus schreibersii,Mammalia,Chiroptera,Miniopteridae,10.9,0.0109,22,AnAge
Molossus molossus,Mammalia,Chiroptera,Molossidae,14,0.014,5.6,AnAge
Tadarida brasiliensis,Mammalia,Chiroptera,Molossidae,13.3,0.0133,12,AnAge
Tadarida teniotis,Mammalia,Chiroptera,Molossidae,35,0.035,13,AnAge
Mystacina tuberculata,Mammalia,Chiroptera,Mystacinidae,23.5,0.0235,7.6,AnAge
Noctilio leporinus,Mammalia,Chiroptera,Noctilionidae,61,0.061,11.8,AnAge
Anoura geoffroyi,Mammalia,Chiroptera,Phyllostomidae,15.2,0.0152,10,AnAge
Artibeus jamaicensis,Mammalia,Chiroptera,Phyllostomidae,46.1,0.0461,19.2,AnAge
Carollia perspicillata,Mammalia,Chiroptera,Phyllostomidae,14.9,0.0149,17,AnAge
Desmodus rotundus,Mammalia,Chiroptera,Phyllostomidae,29.4,0.0294,29.2,AnAge
Diphylla ecaudata,Mammalia,Chiroptera,Phyllostomidae,28,0.028,8,AnAge
Glossophaga soricina,Mammalia,Chiroptera,Phyllostomidae,9.6,0.0096,11,AnAge
Leptonycteris curasoae,Mammalia,Chiroptera,Phyllostomidae,25,0.025,10.1,AnAge
Macrotus californicus,Mammalia,Chiroptera,Phyllostomidae,11.7,0.0117,17,AnAge
Macrotus waterhousii,Mammalia,Chiroptera,Phyllostomidae,16,0.016,10.4,AnAge
Phyllostomus discolor,Mammalia,Chiroptera,Phyllostomidae,33.5,0.0335,9,AnAge
Phyllostomus hastatus,Mammalia,Chiroptera,Phyllostomidae,84.2,0.0842,18,AnAge
Platyrrhinus lineatus,Mammalia,Chiroptera,Phyllostomidae,21.9,0.0219,13,AnAge
Sturnira lilium,Mammalia,Chiroptera,Phyllostomidae,21.4,0.0214,12,AnAge
Cynopterus brachyotis,Mammalia,Chiroptera,Pteropodidae,37.2,0.0372,10.1,AnAge
Cynopterus sphinx,Mammalia,Chiroptera,Pteropodidae,75,0.075,10,AnAge
Dobsonia moluccensis,Mammalia,Chiroptera,Pteropodidae,312.4,0.3124,12.3,AnAge
Eidolon helvum,Mammalia,Chiroptera,Pteropodidae,306.25,0.30625,21.8,AnAge
Epomophorus gambianus,Mammalia,Chiroptera,Pteropodidae,80,0.08,7.8,AnAge
Epomophorus wahlbergi,Mammalia,Chiroptera,Pteropodidae,80,0.08,10.1,AnAge
Haplonycteris fischeri,Mammalia,Chiroptera,Pteropodidae,18,0.018,10,AnAge
Pteropus alecto,Mammalia,Chiroptera,Pteropodidae,672.1,0.6721,20.3,AnAge
Pteropus dasymallus,Mammalia,Chiroptera,Pteropodidae,435,0.435,24,AnAge
Pteropus giganteus,Mammalia,Chiroptera,Pteropodidae,562.2,0.5622,44,AnAge
Pteropus hypomelanus,Mammalia,Chiroptera,Pteropodidae,520.8,0.5208,20.3,AnAge
Pteropus livingstonii,Mammalia,Chiroptera,Pteropodidae,696.5,0.6965,15,AnAge
Pteropus lylei,Mammalia,Chiroptera,Pteropodidae,316.7,0.3167,20.4,AnAge
Pteropus niger,Mammalia,Chiroptera,Pteropodidae,456.3,0.4563,19.4,AnAge
Pteropus poliocephalus,Mammalia,Chiroptera,Pteropodidae,598,0.598,23.6,AnAge
Pteropus pselaphon,Mammalia,Chiroptera,Pteropodidae,321.49,0.32149,16.7,AnAge
Pteropus pumilus,Mammalia,Chiroptera,Pteropodidae,194.2,0.1942,17.2,AnAge
Pteropus rodricensis,Mammalia,Chiroptera,Pteropodidae,254.5,0.2545,28,AnAge
Pteropus scapulatus,Mammalia,Chiroptera,Pteropodidae,362,0.362,15.8,AnAge
Pteropus vampyrus,Mammalia,Chiroptera,Pteropodidae,1024.3,1.0243,20.9,AnAge
Rousettus aegyptiacus,Mammalia,Chiroptera,Pteropodidae,146,0.146,22.9,AnAge
Rousettus lanosus,Mammalia,Chiroptera,Pteropodidae,103,0.103,18.7,AnAge
Rousettus leschenaultii,Mammalia,Chiroptera,Pteropodidae,108.25,0.10825,14,AnAge
Rhinolophus euryale,Mammalia,Chiroptera,Rhinolophidae,8.2,0.0082,13,AnAge
Rhinolophus ferrumequinum,Mammalia,Chiroptera,Rhinolophidae,22.875,0.022875,30.5,AnAge
Rhinolophus hipposideros,Mammalia,Chiroptera,Rhinolophidae,4.6,0.0046,29.4,AnAge
Antrozous pallidus,Mammalia,Chiroptera,Vespertilionidae,22,0.022,14.8,AnAge
Barbastella barbastellus,Mammalia,Chiroptera,Vespertilionidae,10.25,0.01025,23,AnAge
Chalinolobus gouldii,Mammalia,Chiroptera,Vespertilionidae,15.87,0.01587,7.8,AnAge
Chalinolobus morio,Mammalia,Chiroptera,Vespertilionidae,8.91,0.00891,9.6,AnAge
Corynorhinus townsendii,Mammalia,Chiroptera,Vespertilionidae,14.25,0.01425,20.5,AnAge
Eptesicus fuscus,Mammalia,Chiroptera,Vespertilionidae,13.3,0.0133,19,AnAge
Eptesicus nilssonii,Mammalia,Chiroptera,Vespertilionidae,13,0.013,20,AnAge
Eptesicus serotinus,Mammalia,Chiroptera,Vespertilionidae,18.2,0.0182,21,AnAge
Falsistrellus tasmaniensis,Mammalia,Chiroptera,Vespertilionidae,22.54,0.02254,6,AnAge
Lasionycteris noctivagans,Mammalia,Chiroptera,Vespertilionidae,10,0.01,12,AnAge
Lasiurus cinereus,Mammalia,Chiroptera,Vespertilionidae,24,0.024,14,AnAge
Myotis adversus,Mammalia,Chiroptera,Vespertilionidae,10.41,0.01041,8,AnAge
Myotis bechsteinii,Mammalia,Chiroptera,Vespertilionidae,10.5,0.0105,21,AnAge
Myotis blythii,Mammalia,Chiroptera,Vespertilionidae,23,0.023,33,AnAge
Myotis brandtii,Mammalia,Chiroptera,Vespertilionidae,7,0.007,41,AnAge
Myotis dasycneme,Mammalia,Chiroptera,Vespertilionidae,15,0.015,20.5,AnAge
Myotis daubentonii,Mammalia,Chiroptera,Vespertilionidae,8.5,0.0085,28,AnAge
Myotis emarginatus,Mammalia,Chiroptera,Vespertilionidae,11,0.011,22.7,AnAge
Myotis evotis,Mammalia,Chiroptera,Vespertilionidae,7.4,0.0074,22,AnAge
Myotis grisescens,Mammalia,Chiroptera,Vespertilionidae,9.25,0.00925,16.5,AnAge
Myotis keenii,Mammalia,Chiroptera,Vespertilionidae,7.4,0.0074,19,AnAge
Myotis leibii,Mammalia,Chiroptera,Vespertilionidae,5.6,0.0056,12,AnAge
Myotis lucifugus,Mammalia,Chiroptera,Vespertilionidae,5.8,0.0058,34,AnAge
Myotis myotis,Mammalia,Chiroptera,Vespertilionidae,28.55,0.02855,37.1,AnAge
Myotis mystacinus,Mammalia,Chiroptera,Vespertilionidae,5.3,0.0053,24,AnAge
Myotis nattereri,Mammalia,Chiroptera,Vespertilionidae,7.5,0.0075,23.7,AnAge
Myotis nigricans,Mammalia,Chiroptera,Vespertilionidae,3.7,0.0037,7,AnAge
Myotis sodalis,Mammalia,Chiroptera,Vespertilionidae,7.7,0.0077,20,AnAge
Myotis thysanodes,Mammalia,Chiroptera,Vespertilionidae,6,0.006,18.3,AnAge
Myotis velifer,Mammalia,Chiroptera,Vespertilionidae,11.9,0.0119,11.3,AnAge
Myotis vivesi,Mammalia,Chiroptera,Vespertilionidae,25,0.025,10,AnAge
Myotis volans,Mammalia,Chiroptera,Vespertilionidae,7,0.007,21,AnAge
Myotis yumanensis,Mammalia,Chiroptera,Vespertilionidae,5,0.005,14,AnAge
Nyctalus leisleri,Mammalia,Chiroptera,Vespertilionidae,16,0.016,16,AnAge
Nyctalus noctula,Mammalia,Chiroptera,Vespertilionidae,27.75,0.02775,12,AnAge
Nycticeius humeralis,Mammalia,Chiroptera,Vespertilionidae,9.75,0.00975,6,AnAge
Nyctophilus geoffroyi,Mammalia,Chiroptera,Vespertilionidae,8,0.008,7.3,AnAge
Nyctophilus gouldi,Mammalia,Chiroptera,Vespertilionidae,11.32,0.01132,4,AnAge
Perimyotis subflavus,Mammalia,Chiroptera,Vespertilionidae,7.5,0.0075,14.8,AnAge
Pipistrellus kuhlii,Mammalia,Chiroptera,Vespertilionidae,6,0.006,8,AnAge
Pipistrellus nathusii,Mammalia,Chiroptera,Vespertilionidae,10,0.01,11,AnAge
Pipistrellus pipistrellus,Mammalia,Chiroptera,Vespertilionidae,5,0.005,16.6,AnAge
Plecotus auritus,Mammalia,Chiroptera,Vespertilionidae,10.2,0.0102,30,AnAge
Plecotus austriacus,Mammalia,Chiroptera,Vespertilionidae,12,0.012,25.5,AnAge
Scotorepens balstoni,Mammalia,Chiroptera,Vespertilionidae,11.7,0.0117,9.7,AnAge
Scotorepens orion,Mammalia,Chiroptera,Vespertilionidae,11.765,0.011765,11.1,AnAge
Vespadelus darlingtoni,Mammalia,Chiroptera,Vespertilionidae,6.06,0.00606,8,AnAge
Vespadelus pumilus,Mammalia,Chiroptera,Vespertilionidae,5.4,0.0054,5,AnAge
Vespadelus regulus,Mammalia,Chiroptera,Vespertilionidae,5.05,0.00505,8,AnAge
Vespadelus vulturnus,Mammalia,Chiroptera,Vespertilionidae,3.77,0.00377,9.1,AnAge
Vespertilio murinus,Mammalia,Chiroptera,Vespertilionidae,18.7,0.0187,14.5,AnAge
Chaetophractus vellerosus,Mammalia,Cingulata,Dasypodidae,1110,1.11,16.2,AnAge
Chaetophractus villosus,Mammalia,Cingulata,Dasypodidae,4540,4.54,25.2,AnAge
Dasypus novemcinctus,Mammalia,Cingulata,Dasypodidae,3413.7,3.4137,22.3,AnAge
Dasypus septemcinctus,Mammalia,Cingulata,Dasypodidae,1475,1.475,16.8,AnAge
Euphractus sexcinctus,Mammalia,Cingulata,Dasypodidae,8190,8.19,22.1,AnAge
Priodontes maximus,Mammalia,Cingulata,Dasypodidae,45190,45.19,15,AnAge
Tolypeutes matacus,Mammalia,Cingulata,Dasypodidae,1160,1.16,36.8,AnAge
Zaedyus pichiy,Mammalia,Cingulata,Dasypodidae,1740,1.74,12.5,AnAge
Antechinomys laniger,Mammalia,Dasyuromorphia,Dasyuridae,25.8,0.0258,3.5,AnAge
Antechinus agilis,Mammalia,Dasyuromorphia,Dasyuridae,18,0.018,4.7,AnAge
Antechinus bellus,Mammalia,Dasyuromorphia,Dasyuridae,34,0.034,3.4,AnAge
Antechinus flavipes,Mammalia,Dasyuromorphia,Dasyuridae,46.5,0.0465,3.9,AnAge
Antechinus stuartii,Mammalia,Dasyuromorphia,Dasyuridae,25,0.025,5.4,AnAge
Antechinus swainsonii,Mammalia,Dasyuromorphia,Dasyuridae,66.9,0.0669,3.3,AnAge
Dasycercus cristicauda,Mammalia,Dasyuromorphia,Dasyuridae,91,0.091,7.4,AnAge
Dasyuroides byrnei,Mammalia,Dasyuromorphia,Dasyuridae,100,0.1,8,AnAge
Dasyurus geoffroii,Mammalia,Dasyuromorphia,Dasyuridae,1326.7,1.3267,6.2,AnAge
Dasyurus hallucatus,Mammalia,Dasyuromorphia,Dasyuridae,571,0.571,5.9,AnAge
Dasyurus maculatus,Mammalia,Dasyuromorphia,Dasyuridae,1782,1.782,6.8,AnAge
Dasyurus viverrinus,Mammalia,Dasyuromorphia,Dasyuridae,945.3,0.9453,6.8,AnAge
Parantechinus apicalis,Mammalia,Dasyuromorphia,Dasyuridae,70,0.07,5.5,AnAge
Phascogale calura,Mammalia,Dasyuromorphia,Dasyuridae,43,0.043,4.7,AnAge
Phascogale tapoatafa,Mammalia,Dasyuromorphia,Dasyuridae,153.7,0.1537,5.9,AnAge
Planigale maculata,Mammalia,Dasyuromorphia,Dasyuridae,10.6,0.0106,5.8,AnAge
Planigale tenuirostris,Mammalia,Dasyuromorphia,Dasyuridae,7.1,0.0071,5.2,AnAge
Pseudantechinus macdonnellensis,Mammalia,Dasyuromorphia,Dasyuridae,43.1,0.0431,7,AnAge
Sarcophilus harrisii,Mammalia,Dasyuromorphia,Dasyuridae,6126.8,6.1268,13,AnAge
Sminthopsis crassicaudata,Mammalia,Dasyuromorphia,Dasyuridae,16,0.016,5,AnAge
Sminthopsis griseoventer,Mammalia,Dasyuromorphia,Dasyuridae,17.5,0.0175,3.6,AnAge
Sminthopsis macroura,Mammalia,Dasyuromorphia,Dasyuridae,20.6,0.0206,4.9,AnAge
Sminthopsis virginiae,Mammalia,Dasyuromorphia,Dasyuridae,34,0.034,5.3,AnAge
Sminthopsis youngsoni,Mammalia,Dasyuromorphia,Dasyuridae,10,0.01,5.3,AnAge
Myrmecobius fasciatus,Mammalia,Dasyuromorphia,Myrmecobiidae,438.2,0.4382,11,AnAge
Caluromys derbianus,Mammalia,Didelphimorphia,Didelphidae,342.7,0.3427,8.7,AnAge
Caluromys philander,Mammalia,Didelphimorphia,Didelphidae,350,0.35,8.9,AnAge
Chironectes minimus,Mammalia,Didelphimorphia,Didelphidae,940.5,0.9405,3.1,AnAge
Didelphis aurita,Mammalia,Didelphimorphia,Didelphidae,850,0.85,4,AnAge
Didelphis marsupialis,Mammalia,Didelphimorphia,Didelphidae,1244.3,1.2443,4.2,AnAge
Didelphis virginiana,Mammalia,Didelphimorphia,Didelphidae,2846.6,2.8466,6.6,AnAge
Gracilinanus agilis,Mammalia,Didelphimorphia,Didelphidae,22,0.022,6.1,AnAge
Lutreolina crassicaudata,Mammalia,Didelphimorphia,Didelphidae,812,0.812,2.9,AnAge
Marmosa murina,Mammalia,Didelphimorphia,Didelphidae,26,0.026,3.6,AnAge
Marmosa robinsoni,Mammalia,Didelphimorphia,Didelphidae,122,0.122,5,AnAge
Marmosops noctivagus,Mammalia,Didelphimorphia,Didelphidae,21,0.021,4.5,AnAge
Metachirus nudicaudatus,Mammalia,Didelphimorphia,Didelphidae,336,0.336,3,AnAge
Monodelphis adusta,Mammalia,Didelphimorphia,Didelphidae,35,0.035,4.1,AnAge
Monodelphis brevicaudata,Mammalia,Didelphimorphia,Didelphidae,91.5,0.0915,3.9,AnAge
Monodelphis domestica,Mammalia,Didelphimorphia,Didelphidae,104,0.104,5.1,AnAge
Philander opossum,Mammalia,Didelphimorphia,Didelphidae,751,0.751,4.4,AnAge
Acrobates pygmaeus,Mammalia,Diprotodontia,Acrobatidae,14,0.014,8.8,AnAge
Burramys parvus,Mammalia,Diprotodontia,Burramyidae,44.3,0.0443,12,AnAge
Cercartetus nanus,Mammalia,Diprotodontia,Burramyidae,64.8,0.0648,10.3,AnAge
Dendrolagus dorianus,Mammalia,Diprotodontia,Macropodidae,9581,9.581,19,AnAge
Dendrolagus goodfellowi,Mammalia,Diprotodontia,Macropodidae,7400,7.4,23.6,AnAge
Dendrolagus inustus,Mammalia,Diprotodontia,Macropodidae,11400,11.4,23.8,AnAge
Dendrolagus matschiei,Mammalia,Diprotodontia,Macropodidae,6960,6.96,26.9,AnAge
Dendrolagus ursinus,Mammalia,Diprotodontia,Macropodidae,8000,8,20,AnAge
Dorcopsis luctuosa,Mammalia,Diprotodontia,Macropodidae,3570,3.57,13.9,AnAge
Dorcopsis muelleri,Mammalia,Diprotodontia,Macropodidae,5000,5,12.4,AnAge
Dorcopsulus macleayi,Mammalia,Diprotodontia,Macropodidae,2988,2.988,7.9,AnAge
Lagorchestes conspicillatus,Mammalia,Diprotodontia,Macropodidae,2660,2.66,8.8,AnAge
Lagorchestes hirsutus,Mammalia,Diprotodontia,Macropodidae,1310,1.31,13.2,AnAge
Macropus agilis,Mammalia,Diprotodontia,Macropodidae,16000,16,16.9,AnAge
Macropus antilopinus,Mammalia,Diprotodontia,Macropodidae,49500,49.5,19.8,AnAge
Macropus bernardus,Mammalia,Diprotodontia,Macropodidae,17500,17.5,11.8,AnAge
Macropus eugenii,Mammalia,Diprotodontia,Macropodidae,4796,4.796,15.1,AnAge
Macropus fuliginosus,Mammalia,Diprotodontia,Macropodidae,28250,28.25,23.2,AnAge
Macropus giganteus,Mammalia,Diprotodontia,Macropodidae,49500,49.5,25,AnAge
Macropus parma,Mammalia,Diprotodontia,Macropodidae,4250,4.25,15.9,AnAge
Macropus robustus,Mammalia,Diprotodontia,Macropodidae,29647.9,29.6479,22,AnAge
Macropus rufogriseus,Mammalia,Diprotodontia,Macropodidae,16200,16.2,15.2,AnAge
Macropus rufus,Mammalia,Diprotodontia,Macropodidae,28500,28.5,25,AnAge
Onychogalea fraenata,Mammalia,Diprotodontia,Macropodidae,5500,5.5,7.4,AnAge
Onychogalea unguifera,Mammalia,Diprotodontia,Macropodidae,5800,5.8,5.5,AnAge
Petrogale brachyotis,Mammalia,Diprotodontia,Macropodidae,3700,3.7,10.1,AnAge
Petrogale concinna,Mammalia,Diprotodontia,Macropodidae,1250,1.25,11.7,AnAge
Petrogale penicillata,Mammalia,Diprotodontia,Macropodidae,6000,6,14.3,AnAge
Petrogale xanthopus,Mammalia,Diprotodontia,Macropodidae,6000,6,14.4,AnAge
Setonix brachyurus,Mammalia,Diprotodontia,Macropodidae,2702.3,2.7023,13.8,AnAge
Thylogale billardierii,Mammalia,Diprotodontia,Macropodidae,5000,5,8.8,AnAge
Thylogale brunii,Mammalia,Diprotodontia,Macropodidae,4796,4.796,9.4,AnAge
Thylogale stigmatica,Mammalia,Diprotodontia,Macropodidae,4100,4.1,9.7,AnAge
Thylogale thetis,Mammalia,Diprotodontia,Macropodidae,3800,3.8,9,AnAge
Wallabia bicolor,Mammalia,Diprotodontia,Macropodidae,14625,14.625,16.8,AnAge
Dactylopsila trivirgata,Mammalia,Diprotodontia,Petauridae,318,0.318,9.6,AnAge
Gymnobelideus leadbeateri,Mammalia,Diprotodontia,Petauridae,166,0.166,14.1,AnAge
Petaurus australis,Mammalia,Diprotodontia,Petauridae,572.5,0.5725,15,AnAge
Petaurus breviceps,Mammalia,Diprotodontia,Petauridae,129.3,0.1293,17.8,AnAge
Petaurus norfolcensis,Mammalia,Diprotodontia,Petauridae,405,0.405,14.8,AnAge
Phalanger gymnotis,Mammalia,Diprotodontia,Phalangeridae,2400,2.4,18.9,AnAge
Spilocuscus maculatus,Mammalia,Diprotodontia,Phalangeridae,4250,4.25,17,AnAge
Trichosurus vulpecula,Mammalia,Diprotodontia,Phalangeridae,1993.5,1.9935,15.9,AnAge
Phascolarctos cinereus,Mammalia,Diprotodontia,Phascolarctidae,4732.4,4.7324,22.1,AnAge
Aepyprymnus rufescens,Mammalia,Diprotodontia,Potoroidae,2820,2.82,12.8,AnAge
Bettongia penicillata,Mammalia,Diprotodontia,Potoroidae,1018,1.018,18.8,AnAge
Potorous longipes,Mammalia,Diprotodontia,Potoroidae,1650,1.65,15.3,AnAge
Potorous tridactylus,Mammalia,Diprotodontia,Potoroidae,1045.5,1.0455,14.5,AnAge
Hemibelideus lemuroides,Mammalia,Diprotodontia,Pseudocheiridae,1040,1.04,5.4,AnAge
Pseudocheirus peregrinus,Mammalia,Diprotodontia,Pseudocheiridae,859.3,0.8593,10.1,AnAge
Lasiorhinus krefftii,Mammalia,Diprotodontia,Vombatidae,31000,31,30,AnAge
Lasiorhinus latifrons,Mammalia,Diprotodontia,Vombatidae,27348.2,27.3482,29.9,AnAge
Vombatus ursinus,Mammalia,Diprotodontia,Vombatidae,25500,25.5,30,AnAge
Atelerix albiventris,Mammalia,Erinaceomorpha,Erinaceidae,450,0.45,11.4,AnAge
Erinaceus amurensis,Mammalia,Erinaceomorpha,Erinaceidae,774.475,0.774475,8,AnAge
Erinaceus concolor,Mammalia,Erinaceomorpha,Erinaceidae,822.7,0.8227,7,AnAge
Erinaceus europaeus,Mammalia,Erinaceomorpha,Erinaceidae,1213.5,1.2135,11.7,AnAge
Hemiechinus auritus,Mammalia,Erinaceomorpha,Erinaceidae,398.5,0.3985,7.6,AnAge
Paraechinus aethiopicus,Mammalia,Erinaceomorpha,Erinaceidae,451.5,0.4515,6.3,AnAge
Paraechinus hypomelas,Mammalia,Erinaceomorpha,Erinaceidae,292,0.292,7,AnAge
Dendrohyrax arboreus,Mammalia,Hyracoidea,Procaviidae,3000,3,13.6,AnAge
Procavia capensis,Mammalia,Hyracoidea,Procaviidae,2458,2.458,14.8,AnAge
Lepus brachyurus,Mammalia,Lagomorpha,Leporidae,2519,2.519,13,AnAge
Lepus californicus,Mammalia,Lagomorpha,Leporidae,2300,2.3,11.8,AnAge
Lepus europaeus,Mammalia,Lagomorpha,Leporidae,4175,4.175,10.7,AnAge
Lepus timidus,Mammalia,Lagomorpha,Leporidae,3014.5,3.0145,18,AnAge
Oryctolagus cuniculus,Mammalia,Lagomorpha,Leporidae,2167.9,2.1679,13,AnAge
Sylvilagus audubonii,Mammalia,Lagomorpha,Leporidae,686.9,0.6869,7.8,AnAge
Sylvilagus floridanus,Mammalia,Lagomorpha,Leporidae,1150,1.15,9.8,AnAge
Sylvilagus nuttallii,Mammalia,Lagomorpha,Leporidae,760,0.76,7.4,AnAge
Sylvilagus palustris,Mammalia,Lagomorpha,Leporidae,1233,1.233,7.6,AnAge
Sylvilagus transitionalis,Mammalia,Lagomorpha,Leporidae,902.6,0.9026,9.3,AnAge
Ochotona hyperborea,Mammalia,Lagomorpha,Ochotonidae,120,0.12,9.4,AnAge
Ochotona princeps,Mammalia,Lagomorpha,Ochotonidae,109,0.109,7,AnAge
Elephantulus intufi,Mammalia,Macroscelidea,Macroscelididae,46.5,0.0465,9.3,AnAge
Elephantulus rozeti,Mammalia,Macroscelidea,Macroscelididae,49,0.049,7.2,AnAge
Elephantulus rufescens,Mammalia,Macroscelidea,Macroscelididae,53,0.053,7.9,AnAge
Macroscelides proboscideus,Mammalia,Macroscelidea,Macroscelididae,39,0.039,8.7,AnAge
Rhynchocyon chrysopygus,Mammalia,Macroscelidea,Macroscelididae,540,0.54,11,AnAge
Ornithorhynchus anatinus,Mammalia,Monotremata,Ornithorhynchidae,1030.3,1.0303,22.6,AnAge
Tachyglossus aculeatus,Mammalia,Monotremata,Tachyglossidae,2909,2.909,49.5,AnAge
Zaglossus bruijni,Mammalia,Monotremata,Tachyglossidae,11848.6,11.8486,41.2,AnAge
Echymipera rufescens,Mammalia,Peramelemorphia,Peramelidae,886.6,0.8866,3.1,AnAge
Isoodon auratus,Mammalia,Peramelemorphia,Peramelidae,428,0.428,6.7,AnAge
Isoodon macrourus,Mammalia,Peramelemorphia,Peramelidae,1551,1.551,6.8,AnAge
Isoodon obesulus,Mammalia,Peramelemorphia,Peramelidae,717,0.717,6.5,AnAge
Perameles bougainville,Mammalia,Peramelemorphia,Peramelidae,226,0.226,5.8,AnAge
Perameles gunnii,Mammalia,Peramelemorphia,Peramelidae,695,0.695,6.1,AnAge
Perameles nasuta,Mammalia,Peramelemorphia,Peramelidae,645,0.645,5.6,AnAge
Peroryctes raffrayana,Mammalia,Peramelemorphia,Peramelidae,675,0.675,3.2,AnAge
Macrotis lagotis,Mammalia,Peramelemorphia,Thylacomyidae,1245.5,1.2455,9.6,AnAge
Equus asinus,Mammalia,Perissodactyla,Equidae,177500,177.5,47,AnAge
Equus caballus,Mammalia,Perissodactyla,Equidae,300000,300,57,AnAge
Equus grevyi,Mammalia,Perissodactyla,Equidae,384000,384,31,AnAge
Equus hemionus,Mammalia,Perissodactyla,Equidae,230000,230,31.6,AnAge
Equus kiang,Mammalia,Perissodactyla,Equidae,275000,275,30.1,AnAge
Equus quagga,Mammalia,Perissodactyla,Equidae,280000,280,38,AnAge
Equus zebra,Mammalia,Perissodactyla,Equidae,296000,296,33.2,AnAge
Ceratotherium simum,Mammalia,Perissodactyla,Rhinocerotidae,2175000,2175,45,AnAge
Dicerorhinus sumatrensis,Mammalia,Perissodactyla,Rhinocerotidae,1260000,1260,32.8,AnAge
Diceros bicornis,Mammalia,Perissodactyla,Rhinocerotidae,1100000,1100,57,AnAge
Rhinoceros unicornis,Mammalia,Perissodactyla,Rhinocerotidae,1602330,1602.33,43.5,AnAge
Acrocodia indica,Mammalia,Perissodactyla,Tapiridae,250000,250,36.5,AnAge
Tapirella bairdii,Mammalia,Perissodactyla,Tapiridae,300000,300,29.6,AnAge
Tapirus pinchaque,Mammalia,Perissodactyla,Tapiridae,148950,148.95,28.5,AnAge
Tapirus terrestris,Mammalia,Perissodactyla,Tapiridae,250000,250,39.6,AnAge
Choloepus didactylus,Mammalia,Pilosa,Megalonychidae,6250,6.25,36.8,AnAge
Choloepus hoffmanni,Mammalia,Pilosa,Megalonychidae,4005.2,4.0052,41,AnAge
Myrmecophaga tridactyla,Mammalia,Pilosa,Myrmecophagidae,30600,30.6,31,AnAge
Tamandua mexicana,Mammalia,Pilosa,Myrmecophagidae,3884.2,3.8842,16,AnAge
Tamandua tetradactyla,Mammalia,Pilosa,Myrmecophagidae,3500,3.5,19,AnAge
Aotus azarae,Mammalia,Primates,Aotidae,1230,1.23,30,AnAge
Aotus lemurinus,Mammalia,Primates,Aotidae,874,0.874,33.8,AnAge
Aotus trivirgatus,Mammalia,Primates,Aotidae,914.5,0.9145,30.1,AnAge
Aotus vociferans,Mammalia,Primates,Aotidae,873,0.873,22.1,AnAge
Alouatta caraya,Mammalia,Primates,Atelidae,5462.5,5.4625,32.4,AnAge
Alouatta palliata,Mammalia,Primates,Atelidae,4670,4.67,24,AnAge
Alouatta seniculus,Mammalia,Primates,Atelidae,6543.2,6.5432,25,AnAge
Ateles belzebuth,Mammalia,Primates,Atelidae,7535,7.535,37,AnAge
Ateles chamek,Mammalia,Primates,Atelidae,6000,6,42.8,AnAge
Ateles fusciceps,Mammalia,Primates,Atelidae,7000,7,46,AnAge
Ateles geoffroyi,Mammalia,Primates,Atelidae,7267.5,7.2675,47.1,AnAge
Ateles marginatus,Mammalia,Primates,Atelidae,6000,6,44,AnAge
Ateles paniscus,Mammalia,Primates,Atelidae,7887.5,7.8875,46,AnAge
Brachyteles arachnoides,Mammalia,Primates,Atelidae,11170,11.17,40,AnAge
Lagothrix lagothricha,Mammalia,Primates,Atelidae,7650,7.65,32,AnAge
Callimico goeldii,Mammalia,Primates,Callitrichidae,555,0.555,22.2,AnAge
Callithrix geoffroyi,Mammalia,Primates,Callitrichidae,342,0.342,17.6,AnAge
Callithrix jacchus,Mammalia,Primates,Callitrichidae,190,0.19,22.8,AnAge
Callithrix kuhlii,Mammalia,Primates,Callitrichidae,342,0.342,20,AnAge
Callithrix penicillata,Mammalia,Primates,Callitrichidae,307,0.307,15.4,AnAge
Cebuella pygmaea,Mammalia,Primates,Callitrichidae,110.7,0.1107,18.6,AnAge
Leontocebus fuscicollis,Mammalia,Primates,Callitrichidae,456.5,0.4565,24.9,AnAge
Leontocebus nigricollis,Mammalia,Primates,Callitrichidae,519.2,0.5192,20.2,AnAge
Leontopithecus chrysomelas,Mammalia,Primates,Callitrichidae,535,0.535,21.3,AnAge
Leontopithecus chrysopygus,Mammalia,Primates,Callitrichidae,570,0.57,17.9,AnAge
Leontopithecus rosalia,Mammalia,Primates,Callitrichidae,654.5,0.6545,31.6,AnAge
Mico argentatus,Mammalia,Primates,Callitrichidae,343.2,0.3432,16.5,AnAge
Mico humeralifer,Mammalia,Primates,Callitrichidae,355.8,0.3558,15,AnAge
Saguinus bicolor,Mammalia,Primates,Callitrichidae,495.8,0.4958,19,AnAge
Saguinus geoffroyi,Mammalia,Primates,Callitrichidae,225,0.225,20.5,AnAge
Saguinus imperator,Mammalia,Primates,Callitrichidae,518.5,0.5185,23.7,AnAge
Saguinus labiatus,Mammalia,Primates,Callitrichidae,501.3,0.5013,20.5,AnAge
Saguinus leucopus,Mammalia,Primates,Callitrichidae,490,0.49,15.2,AnAge
Saguinus midas,Mammalia,Primates,Callitrichidae,553.8,0.5538,21,AnAge
Saguinus mystax,Mammalia,Primates,Callitrichidae,543.5,0.5435,20,AnAge
Saguinus oedipus,Mammalia,Primates,Callitrichidae,445.5,0.4455,26.2,AnAge
Cebus albifrons,Mammalia,Primates,Cebidae,2467.5,2.4675,40.4,AnAge
Cebus capucinus,Mammalia,Primates,Cebidae,2655,2.655,54,AnAge
Cebus olivaceus,Mammalia,Primates,Cebidae,2552.5,2.5525,47,AnAge
Saimiri boliviensis,Mammalia,Primates,Cebidae,615,0.615,30.3,AnAge
Saimiri sciureus,Mammalia,Primates,Cebidae,836.7,0.8367,30.2,AnAge
Sapajus apella,Mammalia,Primates,Cebidae,2642.5,2.6425,46,AnAge
Allenopithecus nigroviridis,Mammalia,Primates,Cercopithecidae,4702.5,4.7025,27,AnAge
Allochrocebus lhoesti,Mammalia,Primates,Cercopithecidae,4700,4.7,24.1,AnAge
Allochrocebus preussi,Mammalia,Primates,Cercopithecidae,5250,5.25,26,AnAge
Cercocebus agilis,Mammalia,Primates,Cercopithecidae,8000,8,31,AnAge
Cercocebus torquatus,Mammalia,Primates,Cercopithecidae,9492.5,9.4925,46,AnAge
Cercopithecus ascanius,Mammalia,Primates,Cercopithecidae,3705,3.705,31.2,AnAge
Cercopithecus campbelli,Mammalia,Primates,Cercopithecidae,3600,3.6,30,AnAge
Cercopithecus cephus,Mammalia,Primates,Cercopithecidae,3585,3.585,36,AnAge
Cercopithecus diana,Mammalia,Primates,Cercopithecidae,4550,4.55,35.1,AnAge
Cercopithecus erythrogaster,Mammalia,Primates,Cercopithecidae,3250,3.25,24,AnAge
Cercopithecus hamlyni,Mammalia,Primates,Cercopithecidae,4425,4.425,28.6,AnAge
Cercopithecus mitis,Mammalia,Primates,Cercopithecidae,8648.7,8.6487,37.8,AnAge
Cercopithecus mona,Mammalia,Primates,Cercopithecidae,4500,4.5,30,AnAge
Cercopithecus neglectus,Mammalia,Primates,Cercopithecidae,5945,5.945,30.8,AnAge
Cercopithecus nictitans,Mammalia,Primates,Cercopithecidae,5465,5.465,31,AnAge
Cercopithecus petaurista,Mammalia,Primates,Cercopithecidae,3650,3.65,29,AnAge
Cercopithecus pogonias,Mammalia,Primates,Cercopithecidae,3580,3.58,27,AnAge
Cercopithecus wolfi,Mammalia,Primates,Cercopithecidae,3390,3.39,24,AnAge
Chlorocebus aethiops,Mammalia,Primates,Cercopithecidae,5620,5.62,32,AnAge
Colobus angolensis,Mammalia,Primates,Cercopithecidae,8625,8.625,35.3,AnAge
Colobus guereza,Mammalia,Primates,Cercopithecidae,10623.6,10.6236,35,AnAge
Colobus polykomos,Mammalia,Primates,Cercopithecidae,9525,9.525,33.9,AnAge
Erythrocebus patas,Mammalia,Primates,Cercopithecidae,3000,3,30,AnAge
Lophocebus albigena,Mammalia,Primates,Cercopithecidae,9317.5,9.3175,36,AnAge
Macaca arctoides,Mammalia,Primates,Cercopithecidae,9275,9.275,29.2,AnAge
Macaca assamensis,Mammalia,Primates,Cercopithecidae,9100,9.1,31.4,AnAge
Macaca fascicularis,Mammalia,Primates,Cercopithecidae,6362.5,6.3625,39,AnAge
Macaca fuscata,Mammalia,Primates,Cercopithecidae,8882.5,8.8825,38.5,AnAge
Macaca maura,Mammalia,Primates,Cercopithecidae,5575,5.575,33,AnAge
Macaca mulatta,Mammalia,Primates,Cercopithecidae,8235,8.235,40,AnAge
Macaca nemestrina,Mammalia,Primates,Cercopithecidae,7912.5,7.9125,37.6,AnAge
Macaca nigra,Mammalia,Primates,Cercopithecidae,7965,7.965,34,AnAge
Macaca ochreata,Mammalia,Primates,Cercopithecidae,3950,3.95,29,AnAge
Macaca radiata,Mammalia,Primates,Cercopithecidae,6755,6.755,30,AnAge
Macaca silenus,Mammalia,Primates,Cercopithecidae,7875,7.875,40,AnAge
Macaca sinica,Mammalia,Primates,Cercopithecidae,4370,4.37,29.3,AnAge
Macaca sylvanus,Mammalia,Primates,Cercopithecidae,10875,10.875,30,AnAge
Macaca thibetana,Mammalia,Primates,Cercopithecidae,10300,10.3,27,AnAge
Macaca tonkeana,Mammalia,Primates,Cercopithecidae,11950,11.95,28.4,AnAge
Mandrillus leucophaeus,Mammalia,Primates,Cercopithecidae,18250,18.25,39,AnAge
Mandrillus sphinx,Mammalia,Primates,Cercopithecidae,23000,23,40,AnAge
Miopithecus talapoin,Mammalia,Primates,Cercopithecidae,1384.5,1.3845,27.7,AnAge
Nasalis larvatus,Mammalia,Primates,Cercopithecidae,14617.5,14.6175,25.1,AnAge
Papio hamadryas,Mammalia,Primates,Cercopithecidae,12670.8,12.6708,37.5,AnAge
Presbytis melalophos,Mammalia,Primates,Cercopithecidae,6540,6.54,20,AnAge
Pygathrix nemaeus,Mammalia,Primates,Cercopithecidae,9720,9.72,26,AnAge
Rhinopithecus roxellana,Mammalia,Primates,Cercopithecidae,14750,14.75,29.5,AnAge
Semnopithecus entellus,Mammalia,Primates,Cercopithecidae,13516.5,13.5165,29,AnAge
Semnopithecus johnii,Mammalia,Primates,Cercopithecidae,12000,12,34,AnAge
Semnopithecus vetulus,Mammalia,Primates,Cercopithecidae,7081.8,7.0818,26.1,AnAge
Theropithecus gelada,Mammalia,Primates,Cercopithecidae,16200,16.2,36,AnAge
Trachypithecus auratus,Mammalia,Primates,Cercopithecidae,9720,9.72,31.1,AnAge
Trachypithecus cristatus,Mammalia,Primates,Cercopithecidae,6185,6.185,28.3,AnAge
Trachypithecus francoisi,Mammalia,Primates,Cercopithecidae,7325,7.325,26.3,AnAge
Trachypithecus obscurus,Mammalia,Primates,Cercopithecidae,7080,7.08,33.9,AnAge
Trachypithecus phayrei,Mammalia,Primates,Cercopithecidae,8400,8.4,28.3,AnAge
Trachypithecus pileatus,Mammalia,Primates,Cercopithecidae,11450,11.45,25.2,AnAge
Cheirogaleus major,Mammalia,Primates,Cheirogaleidae,395,0.395,13.4,AnAge
Cheirogaleus medius,Mammalia,Primates,Cheirogaleidae,300,0.3,29,AnAge
Microcebus murinus,Mammalia,Primates,Cheirogaleidae,64.8,0.0648,18.2,AnAge
Mirza coquereli,Mammalia,Primates,Cheirogaleidae,311.2,0.3112,17.4,AnAge
Phaner furcifer,Mammalia,Primates,Cheirogaleidae,400,0.4,25,AnAge
Daubentonia madagascariensis,Mammalia,Primates,Daubentoniidae,2277.5,2.2775,32.3,AnAge
Galago moholi,Mammalia,Primates,Galagidae,170,0.17,16.6,AnAge
Galago senegalensis,Mammalia,Primates,Galagidae,171.5,0.1715,17.1,AnAge
Galagoides demidoff,Mammalia,Primates,Galagidae,62.4,0.0624,13.4,AnAge
Otolemur crassicaudatus,Mammalia,Primates,Galagidae,993.5,0.9935,22.7,AnAge
Otolemur garnettii,Mammalia,Primates,Galagidae,1314,1.314,20,AnAge
Gorilla gorilla,Mammalia,Primates,Hominidae,139842,139.842,60.1,AnAge
Homo sapiens,Mammalia,Primates,Hominidae,70000,70,122.5,AnAge
Pan paniscus,Mammalia,Primates,Hominidae,39925,39.925,55,AnAge
Pan troglodytes,Mammalia,Primates,Hominidae,44983.5,44.9835,68,AnAge
Pongo pygmaeus,Mammalia,Primates,Hominidae,64475,64.475,59,AnAge
Hoolock hoolock,Mammalia,Primates,Hylobatidae,6875,6.875,41,AnAge
Hylobates agilis,Mammalia,Primates,Hylobatidae,5925,5.925,49,AnAge
Hylobates klossii,Mammalia,Primates,Hylobatidae,5900,5.9,37,AnAge
Hylobates lar,Mammalia,Primates,Hylobatidae,6810,6.81,56,AnAge
Hylobates moloch,Mammalia,Primates,Hylobatidae,6207.5,6.2075,45,AnAge
Hylobates muelleri,Mammalia,Primates,Hylobatidae,5765,5.765,60,AnAge
Hylobates pileatus,Mammalia,Primates,Hylobatidae,5735,5.735,38,AnAge
Nomascus concolor,Mammalia,Primates,Hylobatidae,6852.5,6.8525,46.1,AnAge
Nomascus leucogenys,Mammalia,Primates,Hylobatidae,6000,6,44.1,AnAge
Symphalangus syndactylus,Mammalia,Primates,Hylobatidae,10900,10.9,43,AnAge
Propithecus diadema,Mammalia,Primates,Indriidae,5550,5.55,21,AnAge
Propithecus tattersalli,Mammalia,Primates,Indriidae,3545,3.545,20,AnAge
Propithecus verreauxi,Mammalia,Primates,Indriidae,3350,3.35,31,AnAge
Eulemur coronatus,Mammalia,Primates,Lemuridae,1645,1.645,27,AnAge
Eulemur fulvus,Mammalia,Primates,Lemuridae,2374.1,2.3741,35.5,AnAge
Eulemur macaco,Mammalia,Primates,Lemuridae,2467,2.467,37.5,AnAge
Eulemur mongoz,Mammalia,Primates,Lemuridae,1555,1.555,36.2,AnAge
Eulemur rubriventer,Mammalia,Primates,Lemuridae,2191.5,2.1915,31.7,AnAge
Hapalemur griseus,Mammalia,Primates,Lemuridae,1012.5,1.0125,23.3,AnAge
Lemur catta,Mammalia,Primates,Lemuridae,2555,2.555,37.3,AnAge
Prolemur simus,Mammalia,Primates,Lemuridae,1737.5,1.7375,17.6,AnAge
Varecia rubra,Mammalia,Primates,Lemuridae,3601.3,3.6013,37.5,AnAge
Varecia variegata,Mammalia,Primates,Lemuridae,3482.3,3.4823,40,AnAge
Arctocebus calabarensis,Mammalia,Primates,Lorisidae,206,0.206,13,AnAge
Loris tardigradus,Mammalia,Primates,Lorisidae,284,0.284,21.6,AnAge
Nycticebus coucang,Mammalia,Primates,Lorisidae,1128.6,1.1286,25.8,AnAge
Nycticebus pygmaeus,Mammalia,Primates,Lorisidae,419,0.419,19.3,AnAge
Perodicticus potto,Mammalia,Primates,Lorisidae,968.6,0.9686,32.4,AnAge
Cacajao calvus,Mammalia,Primates,Pitheciidae,3165,3.165,35.8,AnAge
Chiropotes albinasus,Mammalia,Primates,Pitheciidae,2910,2.91,20,AnAge
Chiropotes satanas,Mammalia,Primates,Pitheciidae,2942.5,2.9425,19.6,AnAge
Pithecia monachus,Mammalia,Primates,Pitheciidae,1780,1.78,25,AnAge
Pithecia pithecia,Mammalia,Primates,Pitheciidae,1480,1.48,36,AnAge
Plecturocebus cupreus,Mammalia,Primates,Pitheciidae,1120,1.12,26.4,AnAge
Plecturocebus donacophilus,Mammalia,Primates,Pitheciidae,795,0.795,25,AnAge
Plecturocebus moloch,Mammalia,Primates,Pitheciidae,804,0.804,26.2,AnAge
Carlito syrichta,Mammalia,Primates,Tarsiidae,113,0.113,16,AnAge
Cephalopachus bancanus,Mammalia,Primates,Tarsiidae,122.5,0.1225,16.3,AnAge
Elephas maximus,Mammalia,Proboscidea,Elephantidae,3672000,3672,79.6,AnAge
Loxodonta africana,Mammalia,Proboscidea,Elephantidae,4800000,4800,65,AnAge
Abrocoma bennettii,Mammalia,Rodentia,Abrocomidae,265.5,0.2655,2.3,AnAge
Cryptomys anselli,Mammalia,Rodentia,Bathyergidae,90,0.09,20.6,AnAge
Cryptomys damarensis,Mammalia,Rodentia,Bathyergidae,131.3,0.1313,15.5,AnAge
Cryptomys hottentotus,Mammalia,Rodentia,Bathyergidae,78.9,0.0789,11,AnAge
Cryptomys mechowii,Mammalia,Rodentia,Bathyergidae,250,0.25,20,AnAge
Georychus capensis,Mammalia,Rodentia,Bathyergidae,193,0.193,11.2,AnAge
Heterocephalus glaber,Mammalia,Rodentia,Bathyergidae,35.3,0.0353,31,AnAge
Calomyscus bailwardi,Mammalia,Rodentia,Calomyscidae,20.4,0.0204,9.4,AnAge
Capromys pilorides,Mammalia,Rodentia,Capromyidae,2630,2.63,13.8,AnAge
Geocapromys brownii,Mammalia,Rodentia,Capromyidae,2456,2.456,13.5,AnAge
Plagiodontia aedium,Mammalia,Rodentia,Capromyidae,1267,1.267,15.9,AnAge
Castor canadensis,Mammalia,Rodentia,Castoridae,20250,20.25,23.4,AnAge
Cavia aperea,Mammalia,Rodentia,Caviidae,341,0.341,6,AnAge
Cavia porcellus,Mammalia,Rodentia,Caviidae,639.1,0.6391,12,AnAge
Cavia tschudii,Mammalia,Rodentia,Caviidae,637.5,0.6375,6.3,AnAge
Dolichotis patagonum,Mammalia,Rodentia,Caviidae,12500,12.5,14.4,AnAge
Galea musteloides,Mammalia,Rodentia,Caviidae,322,0.322,3.5,AnAge
Galea spixii,Mammalia,Rodentia,Caviidae,450,0.45,4.6,AnAge
Hydrochoerus hydrochaeris,Mammalia,Rodentia,Caviidae,26385,26.385,15.1,AnAge
Kerodon rupestris,Mammalia,Rodentia,Caviidae,801,0.801,12.9,AnAge
Chinchilla lanigera,Mammalia,Rodentia,Chinchillidae,436.7,0.4367,17.2,AnAge
Lagidium viscacia,Mammalia,Rodentia,Chinchillidae,1540,1.54,19.5,AnAge
Lagostomus maximus,Mammalia,Rodentia,Chinchillidae,6794,6.794,10.8,AnAge
Alticola semicanus,Mammalia,Rodentia,Cricetidae,36,0.036,3.8,AnAge
Arvicola amphibius,Mammalia,Rodentia,Cricetidae,94.7,0.0947,2.5,AnAge
Baiomys taylori,Mammalia,Rodentia,Cricetidae,7.2,0.0072,3.3,AnAge
Cricetus cricetus,Mammalia,Rodentia,Cricetidae,365.3,0.3653,3.6,AnAge
Dicrostonyx groenlandicus,Mammalia,Rodentia,Cricetidae,56.8,0.0568,3.3,AnAge
Ellobius talpinus,Mammalia,Rodentia,Cricetidae,40,0.04,6.4,AnAge
Lagurus lagurus,Mammalia,Rodentia,Cricetidae,20.3,0.0203,3.8,AnAge
Lasiopodomys brandtii,Mammalia,Rodentia,Cricetidae,40.2,0.0402,4.1,AnAge
Lemmus lemmus,Mammalia,Rodentia,Cricetidae,80,0.08,3.3,AnAge
Lophiomys imhausi,Mammalia,Rodentia,Cricetidae,755,0.755,7.5,AnAge
Mesocricetus auratus,Mammalia,Rodentia,Cricetidae,108.2,0.1082,3.9,AnAge
Mesocricetus brandti,Mammalia,Rodentia,Cricetidae,174,0.174,4.4,AnAge
Microtus agrestis,Mammalia,Rodentia,Cricetidae,25,0.025,4.8,AnAge
Microtus arvalis,Mammalia,Rodentia,Cricetidae,21.9,0.0219,4.8,AnAge
Microtus guentheri,Mammalia,Rodentia,Cricetidae,43.8,0.0438,3.9,AnAge
Microtus ochrogaster,Mammalia,Rodentia,Cricetidae,48.2,0.0482,5.3,AnAge
Microtus pinetorum,Mammalia,Rodentia,Cricetidae,24.8,0.0248,3.8,AnAge
Myodes glareolus,Mammalia,Rodentia,Cricetidae,21.5,0.0215,4.9,AnAge
Myodes rutilus,Mammalia,Rodentia,Cricetidae,20,0.02,2.1,AnAge
Neotoma albigula,Mammalia,Rodentia,Cricetidae,177.6,0.1776,9.5,AnAge
Neotoma floridana,Mammalia,Rodentia,Cricetidae,291,0.291,8.6,AnAge
Neotoma lepida,Mammalia,Rodentia,Cricetidae,112.5,0.1125,10.5,AnAge
Nyctomys sumichrasti,Mammalia,Rodentia,Cricetidae,50,0.05,5.7,AnAge
Ochrotomys nuttalli,Mammalia,Rodentia,Cricetidae,19.5,0.0195,8.4,AnAge
Onychomys leucogaster,Mammalia,Rodentia,Cricetidae,32.5,0.0325,5.6,AnAge
Onychomys torridus,Mammalia,Rodentia,Cricetidae,19.1,0.0191,4.6,AnAge
Peromyscus californicus,Mammalia,Rodentia,Cricetidae,47,0.047,5.5,AnAge
Peromyscus crinitus,Mammalia,Rodentia,Cricetidae,20.5,0.0205,7.7,AnAge
Peromyscus eremicus,Mammalia,Rodentia,Cricetidae,21,0.021,7.4,AnAge
Peromyscus guatemalensis,Mammalia,Rodentia,Cricetidae,40,0.04,5.7,AnAge
Peromyscus leucopus,Mammalia,Rodentia,Cricetidae,22.3,0.0223,7.9,AnAge
Peromyscus maniculatus,Mammalia,Rodentia,Cricetidae,20.5,0.0205,8.3,AnAge
Peromyscus polionotus,Mammalia,Rodentia,Cricetidae,12,0.012,5.5,AnAge
Peromyscus truei,Mammalia,Rodentia,Cricetidae,33.1,0.0331,5.4,AnAge
Phodopus sungorus,Mammalia,Rodentia,Cricetidae,31.3,0.0313,3.9,AnAge
Podomys floridanus,Mammalia,Rodentia,Cricetidae,30.8,0.0308,7.4,AnAge
Reithrodon auritus,Mammalia,Rodentia,Cricetidae,78.7,0.0787,5.5,AnAge
Sigmodon hispidus,Mammalia,Rodentia,Cricetidae,159.6,0.1596,5.2,AnAge
Tylomys nudicaudus,Mammalia,Rodentia,Cricetidae,280,0.28,5.4,AnAge
Ctenodactylus gundi,Mammalia,Rodentia,Ctenodactylidae,288.8,0.2888,5.8,AnAge
Cuniculus paca,Mammalia,Rodentia,Cuniculidae,9156,9.156,16.3,AnAge
Cuniculus taczanowskii,Mammalia,Rodentia,Cuniculidae,8999.9,8.9999,18.9,AnAge
Dasyprocta azarae,Mammalia,Rodentia,Dasyproctidae,3849,3.849,11.8,AnAge
Dasyprocta cristata,Mammalia,Rodentia,Dasyproctidae,2650,2.65,14,AnAge
Dasyprocta fuliginosa,Mammalia,Rodentia,Dasyproctidae,3500,3.5,18,AnAge
Dasyprocta leporina,Mammalia,Rodentia,Dasyproctidae,2687,2.687,17.8,AnAge
Dasyprocta mexicana,Mammalia,Rodentia,Dasyproctidae,2700,2.7,13.1,AnAge
Dasyprocta prymnolopha,Mammalia,Rodentia,Dasyproctidae,2900,2.9,16.3,AnAge
Dasyprocta punctata,Mammalia,Rodentia,Dasyproctidae,2150,2.15,13.8,AnAge
Myoprocta acouchy,Mammalia,Rodentia,Dasyproctidae,914,0.914,14.8,AnAge
Dinomys branickii,Mammalia,Rodentia,Dinomyidae,12250,12.25,12.8,AnAge
Allactaga elater,Mammalia,Rodentia,Dipodidae,58.7,0.0587,5.2,AnAge
Allactaga euphratica,Mammalia,Rodentia,Dipodidae,232,0.232,4.2,AnAge
Allactaga major,Mammalia,Rodentia,Dipodidae,350,0.35,7,AnAge
Allactaga sibirica,Mammalia,Rodentia,Dipodidae,117.5,0.1175,4.5,AnAge
Jaculus jaculus,Mammalia,Rodentia,Dipodidae,75,0.075,7.3,AnAge
Jaculus orientalis,Mammalia,Rodentia,Dipodidae,139,0.139,5.5,AnAge
Zapus hudsonius,Mammalia,Rodentia,Dipodidae,26.1,0.0261,5.6,AnAge
Hoplomys gymnurus,Mammalia,Rodentia,Echimyidae,504,0.504,7,AnAge
Proechimys brevicauda,Mammalia,Rodentia,Echimyidae,285,0.285,6.8,AnAge
Proechimys semispinosus,Mammalia,Rodentia,Echimyidae,498,0.498,5.8,AnAge
Thrichomys apereoides,Mammalia,Rodentia,Echimyidae,323,0.323,7,AnAge
Coendou prehensilis,Mammalia,Rodentia,Erethizontidae,3280,3.28,26.6,AnAge
Erethizon dorsatus,Mammalia,Rodentia,Erethizontidae,6871,6.871,23.4,AnAge
Sphiggurus mexicanus,Mammalia,Rodentia,Erethizontidae,2000,2,16.7,AnAge
Geomys bursarius,Mammalia,Rodentia,Geomyidae,197,0.197,12,AnAge
Thomomys bottae,Mammalia,Rodentia,Geomyidae,143,0.143,6.1,AnAge
Dryomys nitedula,Mammalia,Rodentia,Gliridae,26,0.026,4.1,AnAge
Eliomys melanurus,Mammalia,Rodentia,Gliridae,122.5,0.1225,6.2,AnAge
Eliomys quercinus,Mammalia,Rodentia,Gliridae,82.5,0.0825,5.5,AnAge
Glirulus japonicus,Mammalia,Rodentia,Gliridae,27,0.027,7,AnAge
Glis glis,Mammalia,Rodentia,Gliridae,174.4,0.1744,8.7,AnAge
Graphiurus murinus,Mammalia,Rodentia,Gliridae,38.4,0.0384,6.9,AnAge
Graphiurus platyops,Mammalia,Rodentia,Gliridae,46.1,0.0461,7.3,AnAge
Muscardinus avellanarius,Mammalia,Rodentia,Gliridae,23.5,0.0235,5.3,AnAge
Chaetodipus fallax,Mammalia,Rodentia,Heteromyidae,19.6,0.0196,8.3,AnAge
Chaetodipus formosus,Mammalia,Rodentia,Heteromyidae,15.1,0.0151,7.1,AnAge
Dipodomys deserti,Mammalia,Rodentia,Heteromyidae,105.8,0.1058,8.6,AnAge
Dipodomys heermanni,Mammalia,Rodentia,Heteromyidae,63.3,0.0633,8.3,AnAge
Dipodomys merriami,Mammalia,Rodentia,Heteromyidae,37.6,0.0376,9.7,AnAge
Dipodomys ordii,Mammalia,Rodentia,Heteromyidae,47.8,0.0478,9.9,AnAge
Dipodomys spectabilis,Mammalia,Rodentia,Heteromyidae,145,0.145,12.7,AnAge
Perognathus amplus,Mammalia,Rodentia,Heteromyidae,11.7,0.0117,5.9,AnAge
Perognathus longimembris,Mammalia,Rodentia,Heteromyidae,8.5,0.0085,8.3,AnAge
Perognathus parvus,Mammalia,Rodentia,Heteromyidae,19.2,0.0192,5.8,AnAge
Atherurus africanus,Mammalia,Rodentia,Hystricidae,2750,2.75,22.9,AnAge
Hystrix africaeaustralis,Mammalia,Rodentia,Hystricidae,11300,11.3,23.1,AnAge
Hystrix brachyura,Mammalia,Rodentia,Hystricidae,8000,8,27.3,AnAge
Hystrix cristata,Mammalia,Rodentia,Hystricidae,20000,20,28,AnAge
Hystrix indica,Mammalia,Rodentia,Hystricidae,20000,20,27.1,AnAge
Acomys cahirinus,Mammalia,Rodentia,Muridae,42,0.042,5.9,AnAge
Acomys wilsoni,Mammalia,Rodentia,Muridae,20,0.02,5.6,AnAge
Apodemus argenteus,Mammalia,Rodentia,Muridae,23.4,0.0234,5,AnAge
Apodemus flavicollis,Mammalia,Rodentia,Muridae,28.3,0.0283,4.5,AnAge
Apodemus peninsulae,Mammalia,Rodentia,Muridae,32.9,0.0329,4.4,AnAge
Apodemus speciosus,Mammalia,Rodentia,Muridae,44,0.044,5.3,AnAge
Apodemus sylvaticus,Mammalia,Rodentia,Muridae,23.8,0.0238,6.3,AnAge
Arvicanthis niloticus,Mammalia,Rodentia,Muridae,110,0.11,6.7,AnAge
Chiropodomys gliroides,Mammalia,Rodentia,Muridae,29,0.029,3.6,AnAge
Conilurus penicillatus,Mammalia,Rodentia,Muridae,213.2,0.2132,4.5,AnAge
Desmodillus auricularis,Mammalia,Rodentia,Muridae,71.9,0.0719,6.1,AnAge
Dipodillus campestris,Mammalia,Rodentia,Muridae,28.4,0.0284,7.3,AnAge
Gerbilliscus afra,Mammalia,Rodentia,Muridae,106.5,0.1065,5.7,AnAge
Gerbilliscus validus,Mammalia,Rodentia,Muridae,113,0.113,5,AnAge
Gerbillus gerbillus,Mammalia,Rodentia,Muridae,29.7,0.0297,5.9,AnAge
Gerbillus nanus,Mammalia,Rodentia,Muridae,29.7,0.0297,4.5,AnAge
Gerbillus perpallidus,Mammalia,Rodentia,Muridae,56.3,0.0563,5.5,AnAge
Gerbillus pyramidum,Mammalia,Rodentia,Muridae,108.5,0.1085,8.2,AnAge
Grammomys dolichurus,Mammalia,Rodentia,Muridae,60,0.06,4.4,AnAge
Hydromys chrysogaster,Mammalia,Rodentia,Muridae,900,0.9,7.3,AnAge
Lemniscomys barbarus,Mammalia,Rodentia,Muridae,26.2,0.0262,4.4,AnAge
Lemniscomys striatus,Mammalia,Rodentia,Muridae,42.3,0.0423,4.8,AnAge
Leporillus conditor,Mammalia,Rodentia,Muridae,332.5,0.3325,5.3,AnAge
Meriones crassus,Mammalia,Rodentia,Muridae,35,0.035,5.6,AnAge
Meriones libycus,Mammalia,Rodentia,Muridae,100,0.1,5.2,AnAge
Meriones meridianus,Mammalia,Rodentia,Muridae,53,0.053,6.8,AnAge
Meriones persicus,Mammalia,Rodentia,Muridae,100,0.1,6,AnAge
Meriones unguiculatus,Mammalia,Rodentia,Muridae,64.8,0.0648,6.3,AnAge
Meriones vinogradovi,Mammalia,Rodentia,Muridae,150,0.15,6.7,AnAge
Mesembriomys gouldii,Mammalia,Rodentia,Muridae,900,0.9,7.8,AnAge
Mesembriomys macrurus,Mammalia,Rodentia,Muridae,268.5,0.2685,7.1,AnAge
Micaelamys namaquensis,Mammalia,Rodentia,Muridae,62.6,0.0626,4.7,AnAge
Micromys minutus,Mammalia,Rodentia,Muridae,7.6,0.0076,3.8,AnAge
Millardia gleadowi,Mammalia,Rodentia,Muridae,70,0.07,4,AnAge
Mus minutoides,Mammalia,Rodentia,Muridae,8,0.008,4.3,AnAge
Mus musculus,Mammalia,Rodentia,Muridae,18,0.018,4,AnAge
Mus spicilegus,Mammalia,Rodentia,Muridae,19.9,0.0199,3.5,AnAge
Notomys alexis,Mammalia,Rodentia,Muridae,32.3,0.0323,6.4,AnAge
Notomys mitchellii,Mammalia,Rodentia,Muridae,52,0.052,5.3,AnAge
Pachyuromys duprasi,Mammalia,Rodentia,Muridae,40,0.04,8.3,AnAge
Phloeomys cumingi,Mammalia,Rodentia,Muridae,1750,1.75,13.6,AnAge
Phloeomys pallidus,Mammalia,Rodentia,Muridae,1744,1.744,10.7,AnAge
Pogonomys macrourus,Mammalia,Rodentia,Muridae,57,0.057,3.1,AnAge
Praomys tullbergi,Mammalia,Rodentia,Muridae,30,0.03,5.2,AnAge
Psammomys obesus,Mammalia,Rodentia,Muridae,212,0.212,3.2,AnAge
Pseudomys australis,Mammalia,Rodentia,Muridae,65,0.065,7.9,AnAge
Pseudomys chapmani,Mammalia,Rodentia,Muridae,12,0.012,6.8,AnAge
Pseudomys fumeus,Mammalia,Rodentia,Muridae,70,0.07,6.5,AnAge
Pseudomys laborifex,Mammalia,Rodentia,Muridae,12,0.012,6.9,AnAge
Pseudomys shortridgei,Mammalia,Rodentia,Muridae,64,0.064,6,AnAge
Rattus fuscipes,Mammalia,Rodentia,Muridae,76,0.076,5.3,AnAge
Rattus lutreolus,Mammalia,Rodentia,Muridae,109,0.109,4.4,AnAge
Rattus norvegicus,Mammalia,Rodentia,Muridae,206.9,0.2069,3.8,AnAge
Rattus rattus,Mammalia,Rodentia,Muridae,117,0.117,4.2,AnAge
Rhabdomys pumilio,Mammalia,Rodentia,Muridae,39.6,0.0396,4.5,AnAge
Rhombomys opimus,Mammalia,Rodentia,Muridae,285,0.285,4.5,AnAge
Sekeetamys calurus,Mammalia,Rodentia,Muridae,63.6,0.0636,7.3,AnAge
Tatera indica,Mammalia,Rodentia,Muridae,86.9,0.0869,7,AnAge
Zyzomys palatilis,Mammalia,Rodentia,Muridae,123,0.123,6.2,AnAge
Zyzomys pedunculatus,Mammalia,Rodentia,Muridae,100,0.1,7.5,AnAge
Myocastor coypus,Mammalia,Rodentia,Myocastoridae,7850,7.85,19,AnAge
Cricetomys emini,Mammalia,Rodentia,Nesomyidae,1300,1.3,7.4,AnAge
Cricetomys gambianus,Mammalia,Rodentia,Nesomyidae,1686.7,1.6867,8.4,AnAge
Dendromus melanotis,Mammalia,Rodentia,Nesomyidae,7.4,0.0074,4.2,AnAge
Dendromus mesomelas,Mammalia,Rodentia,Nesomyidae,13,0.013,3.3,AnAge
Hypogeomys antimena,Mammalia,Rodentia,Nesomyidae,1250,1.25,12.6,AnAge
Mystromys albicaudatus,Mammalia,Rodentia,Nesomyidae,93.8,0.0938,6.3,AnAge
Saccostomus campestris,Mammalia,Rodentia,Nesomyidae,68.1,0.0681,4.5,AnAge
Octodon degus,Mammalia,Rodentia,Octodontidae,199.6,0.1996,14,AnAge
Spalacopus cyanus,Mammalia,Rodentia,Octodontidae,126.2,0.1262,10.8,AnAge
Pedetes capensis,Mammalia,Rodentia,Pedetidae,2300,2.3,20,AnAge
Ammospermophilus harrisii,Mammalia,Rodentia,Sciuridae,126,0.126,10.6,AnAge
Ammospermophilus leucurus,Mammalia,Rodentia,Sciuridae,94.1,0.0941,11.2,AnAge
Callosciurus caniceps,Mammalia,Rodentia,Sciuridae,257,0.257,13.7,AnAge
Callosciurus erythraeus,Mammalia,Rodentia,Sciuridae,272,0.272,17,AnAge
Callosciurus notatus,Mammalia,Rodentia,Sciuridae,190,0.19,14.8,AnAge
Callosciurus prevostii,Mammalia,Rodentia,Sciuridae,400,0.4,21.1,AnAge
Callospermophilus lateralis,Mammalia,Rodentia,Sciuridae,249.6,0.2496,10.4,AnAge
Cynomys ludovicianus,Mammalia,Rodentia,Sciuridae,1112.3,1.1123,15,AnAge
Funisciurus anerythrus,Mammalia,Rodentia,Sciuridae,63,0.063,10,AnAge
Funisciurus pyrropus,Mammalia,Rodentia,Sciuridae,271.7,0.2717,9.5,AnAge
Glaucomys sabrinus,Mammalia,Rodentia,Sciuridae,149,0.149,14.2,AnAge
Glaucomys volans,Mammalia,Rodentia,Sciuridae,67.4,0.0674,19,AnAge
Heliosciurus rufobrachium,Mammalia,Rodentia,Sciuridae,230,0.23,8.7,AnAge
Ictidomys tridecemlineatus,Mammalia,Rodentia,Sciuridae,198.4,0.1984,7.9,AnAge
Marmota caligata,Mammalia,Rodentia,Sciuridae,4300,4.3,12.1,AnAge
Marmota flaviventris,Mammalia,Rodentia,Sciuridae,4295,4.295,21.2,AnAge
Marmota marmota,Mammalia,Rodentia,Sciuridae,3500,3.5,17.4,AnAge
Marmota monax,Mammalia,Rodentia,Sciuridae,2650,2.65,14,AnAge
Marmota vancouverensis,Mammalia,Rodentia,Sciuridae,4750,4.75,12.1,AnAge
Otospermophilus variegatus,Mammalia,Rodentia,Sciuridae,663,0.663,9.8,AnAge
Petaurista alborufus,Mammalia,Rodentia,Sciuridae,1700,1.7,21.4,AnAge
Petaurista leucogenys,Mammalia,Rodentia,Sciuridae,1650,1.65,19.2,AnAge
Poliocitellus franklinii,Mammalia,Rodentia,Sciuridae,607,0.607,7.2,AnAge
Pteromys volans,Mammalia,Rodentia,Sciuridae,130,0.13,11.4,AnAge
Ratufa bicolor,Mammalia,Rodentia,Sciuridae,2000,2,19,AnAge
Ratufa indica,Mammalia,Rodentia,Sciuridae,2000,2,20,AnAge
Sciurus aureogaster,Mammalia,Rodentia,Sciuridae,600,0.6,11.5,AnAge
Sciurus carolinensis,Mammalia,Rodentia,Sciuridae,440,0.44,23.6,AnAge
Sciurus granatensis,Mammalia,Rodentia,Sciuridae,374,0.374,11.5,AnAge
Sciurus niger,Mammalia,Rodentia,Sciuridae,800,0.8,16,AnAge
Sciurus variegatoides,Mammalia,Rodentia,Sciuridae,485,0.485,15.1,AnAge
Sciurus vulgaris,Mammalia,Rodentia,Sciuridae,600,0.6,14.8,AnAge
Spermophilus citellus,Mammalia,Rodentia,Sciuridae,240,0.24,6.7,AnAge
Spermophilus pygmaeus,Mammalia,Rodentia,Sciuridae,136,0.136,7.1,AnAge
Sundasciurus hippurus,Mammalia,Rodentia,Sciuridae,312.5,0.3125,14,AnAge
Sundasciurus lowii,Mammalia,Rodentia,Sciuridae,67,0.067,11.1,AnAge
Sundasciurus tenuis,Mammalia,Rodentia,Sciuridae,75,0.075,10,AnAge
Tamias dorsalis,Mammalia,Rodentia,Sciuridae,62.8,0.0628,12.6,AnAge
Tamias minimus,Mammalia,Rodentia,Sciuridae,49.3,0.0493,10,AnAge
Tamias sibiricus,Mammalia,Rodentia,Sciuridae,85,0.085,9.6,AnAge
Tamias striatus,Mammalia,Rodentia,Sciuridae,89.6,0.0896,9.5,AnAge
Tamias townsendii,Mammalia,Rodentia,Sciuridae,75,0.075,9.3,AnAge
Tamiasciurus hudsonicus,Mammalia,Rodentia,Sciuridae,219.6,0.2196,9.8,AnAge
Xerospermophilus mohavensis,Mammalia,Rodentia,Sciuridae,240,0.24,7.8,AnAge
Xerospermophilus tereticaudus,Mammalia,Rodentia,Sciuridae,125.1,0.1251,8.9,AnAge
Xerus erythropus,Mammalia,Rodentia,Sciuridae,600,0.6,10.3,AnAge
Xerus inauris,Mammalia,Rodentia,Sciuridae,528.5,0.5285,11.5,AnAge
Cannomys badius,Mammalia,Rodentia,Spalacidae,344,0.344,4.8,AnAge
Spalax ehrenbergi,Mammalia,Rodentia,Spalacidae,133.8,0.1338,20.2,AnAge
Thryonomys swinderianus,Mammalia,Rodentia,Thryonomyidae,6600,6.6,5.4,AnAge
Tupaia belangeri,Mammalia,Scandentia,Tupaiidae,200,0.2,11.1,AnAge
Tupaia glis,Mammalia,Scandentia,Tupaiidae,123,0.123,12.4,AnAge
Tupaia minor,Mammalia,Scandentia,Tupaiidae,58.6,0.0586,12.2,AnAge
Tupaia tana,Mammalia,Scandentia,Tupaiidae,197.8,0.1978,11.6,AnAge
Urogale everetti,Mammalia,Scandentia,Tupaiidae,260.6,0.2606,11.5,AnAge
Dugong dugon,Mammalia,Sirenia,Dugongidae,360000,360,73,AnAge
Trichechus inunguis,Mammalia,Sirenia,Trichechidae,167594,167.594,40,AnAge
Trichechus manatus,Mammalia,Sirenia,Trichechidae,450000,450,69,AnAge
Solenodon paradoxus,Mammalia,Soricomorpha,Solenodontidae,1000,1,12.1,AnAge
Blarina brevicauda,Mammalia,Soricomorpha,Soricidae,20.9,0.0209,2.2,AnAge
Blarina hylophaga,Mammalia,Soricomorpha,Soricidae,14.5,0.0145,2.8,AnAge
Crocidura flavescens,Mammalia,Soricomorpha,Soricidae,33.2,0.0332,2.2,AnAge
Crocidura leucodon,Mammalia,Soricomorpha,Soricidae,11.7,0.0117,2.9,AnAge
Crocidura russula,Mammalia,Soricomorpha,Soricidae,10.8,0.0108,4,AnAge
Crocidura suaveolens,Mammalia,Soricomorpha,Soricidae,6.9,0.0069,2.8,AnAge
Cryptotis parva,Mammalia,Soricomorpha,Soricidae,6.3,0.0063,3.5,AnAge
Myosorex varius,Mammalia,Soricomorpha,Soricidae,17.5,0.0175,2.1,AnAge
Neomys fodiens,Mammalia,Soricomorpha,Soricidae,16,0.016,3.1,AnAge
Sorex araneus,Mammalia,Soricomorpha,Soricidae,8.4,0.0084,3.2,AnAge
Sorex caecutiens,Mammalia,Soricomorpha,Soricidae,5.4,0.0054,3,AnAge
Suncus etruscus,Mammalia,Soricomorpha,Soricidae,2.4,0.0024,3.2,AnAge
Suncus murinus,Mammalia,Soricomorpha,Soricidae,39.7,0.0397,3.2,AnAge
Condylura cristata,Mammalia,Soricomorpha,Talpidae,49,0.049,2.5,AnAge
Mogera wogura,Mammalia,Soricomorpha,Talpidae,97,0.097,3.2,AnAge
Scalopus aquaticus,Mammalia,Soricomorpha,Talpidae,48,0.048,6.2,AnAge
Orycteropus afer,Mammalia,Tubulidentata,Orycteropodidae,48000,48,29.8,AnAge
Alligator mississippiensis,Reptilia,Crocodilia,Alligatoridae,1079,1.079,77,AnAge
Alligator sinensis,Reptilia,Crocodilia,Alligatoridae,14600,14.6,65,AnAge
Caiman crocodilus,Reptilia,Crocodilia,Alligatoridae,10900,10.9,40,AnAge
Caiman latirostris,Reptilia,Crocodilia,Alligatoridae,14600,14.6,58,AnAge
Melanosuchus niger,Reptilia,Crocodilia,Alligatoridae,82000,82,40,AnAge
Paleosuchus palpebrosus,Reptilia,Crocodilia,Alligatoridae,5900,5.9,24.1,AnAge
Paleosuchus trigonatus,Reptilia,Crocodilia,Alligatoridae,7500,7.5,40,AnAge
Crocodylus acutus,Reptilia,Crocodilia,Crocodylidae,76700,76.7,47,AnAge
Crocodylus intermedius,Reptilia,Crocodilia,Crocodylidae,107900,107.9,41,AnAge
Crocodylus moreletii,Reptilia,Crocodilia,Crocodylidae,38500,38.5,25.4,AnAge
Crocodylus niloticus,Reptilia,Crocodilia,Crocodylidae,94200,94.2,56,AnAge
Crocodylus novaeguineae,Reptilia,Crocodilia,Crocodylidae,39900,39.9,51,AnAge
Crocodylus palustris,Reptilia,Crocodilia,Crocodylidae,42700,42.7,44,AnAge
Crocodylus porosus,Reptilia,Crocodilia,Crocodylidae,200000,200,57,AnAge
Crocodylus rhombifer,Reptilia,Crocodilia,Crocodylidae,57500,57.5,48,AnAge
Crocodylus siamensis,Reptilia,Crocodilia,Crocodylidae,42500,42.5,49,AnAge
Mecistops cataphractus,Reptilia,Crocodilia,Crocodylidae,50500,50.5,56.1,AnAge
Osteolaemus tetraspis,Reptilia,Crocodilia,Crocodylidae,40000,40,70,AnAge
Gavialis gangeticus,Reptilia,Crocodilia,Gavialidae,153000,153,59,AnAge
Tomistoma schlegelii,Reptilia,Crocodilia,Gavialidae,119000,119,24.7,AnAge
Sphenodon punctatus,Reptilia,Rhynchocephalia,Sphenodontidae,430,0.43,90,AnAge
Acrochordus arafurae,Reptilia,Squamata,Acrochordidae,6107,6.107,8.8,AnAge
Acrochordus javanicus,Reptilia,Squamata,Acrochordidae,9561,9.561,5.8,AnAge
Acanthocercus atricollis,Reptilia,Squamata,Agamidae,81.495,0.081495,6,AnAge
Agama impalearis,Reptilia,Squamata,Agamidae,64.18,0.06418,6,AnAge
Calotes versicolor,Reptilia,Squamata,Agamidae,20.04,0.02004,5,AnAge
Chlamydosaurus kingii,Reptilia,Squamata,Agamidae,449.125,0.449125,9.9,AnAge
Leiolepis belliana,Reptilia,Squamata,Agamidae,40,0.04,5.6,AnAge
Physignathus cocincinus,Reptilia,Squamata,Agamidae,193.42,0.19342,15.3,AnAge
Pogona barbata,Reptilia,Squamata,Agamidae,244.06,0.24406,9.9,AnAge
Pogona vitticeps,Reptilia,Squamata,Agamidae,500,0.5,12,AnAge
Uromastyx acanthinura,Reptilia,Squamata,Agamidae,525,0.525,11.4,AnAge
Uromastyx aegyptia,Reptilia,Squamata,Agamidae,851.73,0.85173,15.3,AnAge
Uromastyx dispar,Reptilia,Squamata,Agamidae,500,0.5,17,AnAge
Amphisbaena alba,Reptilia,Squamata,Amphisbaenidae,210,0.21,15.1,AnAge
Anguis fragilis,Reptilia,Squamata,Anguidae,11.655,0.011655,54,AnAge
Elgaria kingii,Reptilia,Squamata,Anguidae,10,0.01,12.3,AnAge
Elgaria multicarinata,Reptilia,Squamata,Anguidae,31.5,0.0315,9.8,AnAge
Ophisaurus ventralis,Reptilia,Squamata,Anguidae,23.715,0.023715,14.8,AnAge
Pseudopus apodus,Reptilia,Squamata,Anguidae,450,0.45,54,AnAge
Blanus cinereus,Reptilia,Squamata,Blanidae,6,0.006,16,AnAge
Boa constrictor,Reptilia,Squamata,Boidae,3532,3.532,40.4,AnAge
Chilabothrus chrysogaster,Reptilia,Squamata,Boidae,1306,1.306,14.2,AnAge
Corallus hortulanus,Reptilia,Squamata,Boidae,1906,1.906,15,AnAge
Epicrates cenchria,Reptilia,Squamata,Boidae,1306,1.306,31,AnAge
Eunectes murinus,Reptilia,Squamata,Boidae,97500,97.5,31.8,AnAge
Candoia aspera,Reptilia,Squamata,Candoiidae,384,0.384,9.9,AnAge
Candoia carinata,Reptilia,Squamata,Candoiidae,384,0.384,16.6,AnAge
Underwoodisaurus milii,Reptilia,Squamata,Carphodactylidae,9.6,0.0096,12,AnAge
Chamaeleo chamaeleon,Reptilia,Squamata,Chamaeleonidae,36.49,0.03649,3.6,AnAge
Chamaeleo dilepis,Reptilia,Squamata,Chamaeleonidae,22.31,0.02231,4,AnAge
Furcifer labordi,Reptilia,Squamata,Chamaeleonidae,8.73,0.00873,1.3,AnAge
Trioceros jacksonii,Reptilia,Squamata,Chamaeleonidae,32.565,0.032565,8.2,AnAge
Charina bottae,Reptilia,Squamata,Charinidae,219,0.219,26.5,AnAge
Lichanura trivirgata,Reptilia,Squamata,Charinidae,450,0.45,31,AnAge
Arizona elegans,Reptilia,Squamata,Colubridae,2189,2.189,19.1,AnAge
Bogertophis subocularis,Reptilia,Squamata,Colubridae,1839,1.839,23.8,AnAge
Boiga cynodon,Reptilia,Squamata,Colubridae,8324,8.324,9.6,AnAge
Boiga dendrophila,Reptilia,Squamata,Colubridae,6107,6.107,17,AnAge
Boiga irregularis,Reptilia,Squamata,Colubridae,4748,4.748,13.1,AnAge
Cemophora coccinea,Reptilia,Squamata,Colubridae,219,0.219,10.4,AnAge
Chilomeniscus stramineus,Reptilia,Squamata,Colubridae,6,0.006,4,AnAge
Clelia clelia,Reptilia,Squamata,Colubridae,1587,1.587,11.5,AnAge
Clonophis kirtlandii,Reptilia,Squamata,Colubridae,91,0.091,8.4,AnAge
Coluber constrictor,Reptilia,Squamata,Colubridae,1594.5,1.5945,10,AnAge
Dasypeltis medici,Reptilia,Squamata,Colubridae,72.25,0.07225,8.6,AnAge
Dasypeltis scabra,Reptilia,Squamata,Colubridae,72.25,0.07225,22.1,AnAge
Dispholidus typus,Reptilia,Squamata,Colubridae,3765,3.765,8.7,AnAge
Drymarchon corais,Reptilia,Squamata,Colubridae,7118,7.118,25.9,AnAge
Elaphe guttata,Reptilia,Squamata,Colubridae,900,0.9,32.3,AnAge
Elaphe quadrivirgata,Reptilia,Squamata,Colubridae,6561,6.561,16.8,AnAge
Elaphe vulpina,Reptilia,Squamata,Colubridae,2227,2.227,17,AnAge
Farancia abacura,Reptilia,Squamata,Colubridae,3454,3.454,19,AnAge
Gonyosoma oxycephalum,Reptilia,Squamata,Colubridae,5399,5.399,15.1,AnAge
Heterodon nasicus,Reptilia,Squamata,Colubridae,350,0.35,19.8,AnAge
Heterodon platirhinos,Reptilia,Squamata,Colubridae,601,0.601,9.1,AnAge
Hypsiglena torquata,Reptilia,Squamata,Colubridae,104,0.104,12.2,AnAge
Lampropeltis alterna,Reptilia,Squamata,Colubridae,1228,1.228,19.7,AnAge
Lampropeltis calligaster,Reptilia,Squamata,Colubridae,1130,1.13,23.8,AnAge
Lampropeltis getula,Reptilia,Squamata,Colubridae,2041,2.041,33.3,AnAge
Lampropeltis pyromelana,Reptilia,Squamata,Colubridae,432,0.432,22.4,AnAge
Lampropeltis triangulum,Reptilia,Squamata,Colubridae,950,0.95,22.6,AnAge
Lampropeltis zonata,Reptilia,Squamata,Colubridae,407,0.407,28.8,AnAge
Macroprotodon cucullatus,Reptilia,Squamata,Colubridae,104,0.104,5.9,AnAge
Masticophis flagellum,Reptilia,Squamata,Colubridae,6484,6.484,20.2,AnAge
Natrix natrix,Reptilia,Squamata,Colubridae,94.2,0.0942,20,AnAge
Nerodia erythrogaster,Reptilia,Squamata,Colubridae,1499,1.499,14.8,AnAge
Nerodia sipedon,Reptilia,Squamata,Colubridae,1306,1.306,9.6,AnAge
Nerodia taxispilota,Reptilia,Squamata,Colubridae,2153,2.153,6.1,AnAge
Opheodrys aestivus,Reptilia,Squamata,Colubridae,601,0.601,7.2,AnAge
Opheodrys vernalis,Reptilia,Squamata,Colubridae,104,0.104,6.1,AnAge
Oxybelis aeneus,Reptilia,Squamata,Colubridae,1359,1.359,15.2,AnAge
Pituophis catenifer,Reptilia,Squamata,Colubridae,7275.5,7.2755,33.8,AnAge
Pituophis melanoleucus,Reptilia,Squamata,Colubridae,6407,6.407,22.4,AnAge
Regina septemvittata,Reptilia,Squamata,Colubridae,298,0.298,19.3,AnAge
Rhinocheilus lecontei,Reptilia,Squamata,Colubridae,432,0.432,19.8,AnAge
Salvadora hexalepis,Reptilia,Squamata,Colubridae,585,0.585,14.3,AnAge
Senticolis triaspis,Reptilia,Squamata,Colubridae,753,0.753,19.8,AnAge
Spilotes pullatus,Reptilia,Squamata,Colubridae,3983,3.983,17.5,AnAge
Storeria dekayi,Reptilia,Squamata,Colubridae,45,0.045,7,AnAge
Storeria occipitomaculata,Reptilia,Squamata,Colubridae,26,0.026,4.6,AnAge
Thamnophis butleri,Reptilia,Squamata,Colubridae,125,0.125,14,AnAge
Thamnophis couchii,Reptilia,Squamata,Colubridae,958,0.958,7.7,AnAge
Thamnophis cyrtopsis,Reptilia,Squamata,Colubridae,441,0.441,10.8,AnAge
Thamnophis elegans,Reptilia,Squamata,Colubridae,400,0.4,17.8,AnAge
Thamnophis marcianus,Reptilia,Squamata,Colubridae,434,0.434,7,AnAge
Thamnophis ordinoides,Reptilia,Squamata,Colubridae,329,0.329,15.8,AnAge
Thamnophis radix,Reptilia,Squamata,Colubridae,512,0.512,8.4,AnAge
Thamnophis sauritus,Reptilia,Squamata,Colubridae,407,0.407,10.6,AnAge
Thamnophis sirtalis,Reptilia,Squamata,Colubridae,150,0.15,14,AnAge
Trimorphodon biscutatus,Reptilia,Squamata,Colubridae,682,0.682,11.8,AnAge
Virginia striatula,Reptilia,Squamata,Colubridae,12,0.012,7.2,AnAge
Virginia valeriae,Reptilia,Squamata,Colubridae,22,0.022,9.5,AnAge
Cordylus cordylus,Reptilia,Squamata,Cordylidae,17.3,0.0173,15.6,AnAge
Gerrhosaurus major,Reptilia,Squamata,Cordylidae,284,0.284,24,AnAge
Platysaurus guttatus,Reptilia,Squamata,Cordylidae,12.2,0.0122,15.6,AnAge
Basiliscus plumifrons,Reptilia,Squamata,Corytophanidae,66.2,0.0662,13,AnAge
Basiliscus vittatus,Reptilia,Squamata,Corytophanidae,60.87,0.06087,9.1,AnAge
Corytophanes cristatus,Reptilia,Squamata,Corytophanidae,43.4,0.0434,7.1,AnAge
Anolis carolinensis,Reptilia,Squamata,Dactyloidae,2.455,0.002455,7.2,AnAge
Anolis cuvieri,Reptilia,Squamata,Dactyloidae,46.6,0.0466,9.2,AnAge
Anolis equestris,Reptilia,Squamata,Dactyloidae,56,0.056,16.5,AnAge
Anolis roquet,Reptilia,Squamata,Dactyloidae,2.415,0.002415,6.7,AnAge
Dactylocnemis pacificus,Reptilia,Squamata,Diplodactylidae,19.6,0.0196,13,AnAge
Hoplodactylus duvaucelii,Reptilia,Squamata,Diplodactylidae,118,0.118,25,AnAge
Naultinus gemmeus,Reptilia,Squamata,Diplodactylidae,6.63,0.00663,16,AnAge
Oedura marmorata,Reptilia,Squamata,Diplodactylidae,15.4,0.0154,21.2,AnAge
Woodworthia maculatus,Reptilia,Squamata,Diplodactylidae,6.83,0.00683,37,AnAge
Acanthophis antarcticus,Reptilia,Squamata,Elapidae,384,0.384,9.3,AnAge
Bungarus caeruleus,Reptilia,Squamata,Elapidae,1154,1.154,17.4,AnAge
Bungarus fasciatus,Reptilia,Squamata,Elapidae,3113,3.113,13.2,AnAge
Bungarus multicinctus,Reptilia,Squamata,Elapidae,1154,1.154,13.7,AnAge
Dendroaspis jamesoni,Reptilia,Squamata,Elapidae,19310,19.31,13.1,AnAge
Dendroaspis polylepis,Reptilia,Squamata,Elapidae,30758,30.758,26.2,AnAge
Micruroides euryxanthus,Reptilia,Squamata,Elapidae,56,0.056,17.6,AnAge
Micrurus fulvius,Reptilia,Squamata,Elapidae,682,0.682,19,AnAge
Naja atra,Reptilia,Squamata,Elapidae,1849,1.849,11.7,AnAge
Naja haje,Reptilia,Squamata,Elapidae,6796,6.796,22.1,AnAge
Naja kaouthia,Reptilia,Squamata,Elapidae,3113,3.113,25.4,AnAge
Naja melanoleuca,Reptilia,Squamata,Elapidae,6957,6.957,29.1,AnAge
Naja mossambica,Reptilia,Squamata,Elapidae,8787,8.787,16.7,AnAge
Naja nigricollis,Reptilia,Squamata,Elapidae,8787,8.787,23.2,AnAge
Naja pallida,Reptilia,Squamata,Elapidae,8787,8.787,20.2,AnAge
Naja sputatrix,Reptilia,Squamata,Elapidae,3113,3.113,13.5,AnAge
Ophiophagus hannah,Reptilia,Squamata,Elapidae,8000,8,22.5,AnAge
Oxyuranus scutellatus,Reptilia,Squamata,Elapidae,8110.5,8.1105,15.6,AnAge
Pseudechis australis,Reptilia,Squamata,Elapidae,8144,8.144,11.1,AnAge
Eryx jaculus,Reptilia,Squamata,Erycidae,196,0.196,24.7,AnAge
Eryx tataricus,Reptilia,Squamata,Erycidae,196,0.196,24,AnAge
Coleonyx elegans,Reptilia,Squamata,Eublepharidae,11.2,0.0112,11,AnAge
Coleonyx variegatus,Reptilia,Squamata,Eublepharidae,4.56,0.00456,15.2,AnAge
Eublepharis macularius,Reptilia,Squamata,Eublepharidae,35.53,0.03553,28.5,AnAge
Hemitheconyx caudicinctus,Reptilia,Squamata,Eublepharidae,39.17,0.03917,16.2,AnAge
Chondrodactylus angulifer,Reptilia,Squamata,Gekkonidae,13.21,0.01321,10.8,AnAge
Chondrodactylus bibronii,Reptilia,Squamata,Gekkonidae,12.8,0.0128,6.1,AnAge
Christinus marmoratus,Reptilia,Squamata,Gekkonidae,3.405,0.003405,12.8,AnAge
Gehyra oceanica,Reptilia,Squamata,Gekkonidae,7.9,0.0079,10.5,AnAge
Gekko gecko,Reptilia,Squamata,Gekkonidae,54.13,0.05413,23.5,AnAge
Hemidactylus turcicus,Reptilia,Squamata,Gekkonidae,2.53,0.00253,8.4,AnAge
Heteronotia binoei,Reptilia,Squamata,Gekkonidae,2.18,0.00218,13.6,AnAge
Phelsuma astriata,Reptilia,Squamata,Gekkonidae,3.6,0.0036,7.4,AnAge
Phelsuma cepediana,Reptilia,Squamata,Gekkonidae,5,0.005,9.3,AnAge
Phelsuma laticauda,Reptilia,Squamata,Gekkonidae,2.9,0.0029,8.7,AnAge
Phelsuma lineata,Reptilia,Squamata,Gekkonidae,3.8,0.0038,10,AnAge
Phelsuma madagascariensis,Reptilia,Squamata,Gekkonidae,20.7,0.0207,13.6,AnAge
Phelsuma standingi,Reptilia,Squamata,Gekkonidae,214.5,0.2145,9.6,AnAge
Phelsuma sundbergi,Reptilia,Squamata,Gekkonidae,12.35,0.01235,15.9,AnAge
Heloderma horridum,Reptilia,Squamata,Helodermatidae,1244.15,1.24415,34.4,AnAge
Heloderma suspectum,Reptilia,Squamata,Helodermatidae,553.41,0.55341,28.9,AnAge
Erpeton tentaculatum,Reptilia,Squamata,Homalopsidae,131,0.131,13.6,AnAge
Amblyrhynchus cristatus,Reptilia,Squamata,Iguanidae,2227.43,2.22743,6.4,AnAge
Brachylophus fasciatus,Reptilia,Squamata,Iguanidae,170.175,0.170175,5.9,AnAge
Conolophus pallidus,Reptilia,Squamata,Iguanidae,4200,4.2,17.1,AnAge
Ctenosaura bakeri,Reptilia,Squamata,Iguanidae,399.4,0.3994,13.8,AnAge
Ctenosaura hemilopha,Reptilia,Squamata,Iguanidae,2800,2.8,9.6,AnAge
Ctenosaura pectinata,Reptilia,Squamata,Iguanidae,968,0.968,8.2,AnAge
Ctenosaura similis,Reptilia,Squamata,Iguanidae,1034,1.034,22.4,AnAge
Cyclura cornuta,Reptilia,Squamata,Iguanidae,16578.1,16.5781,22.9,AnAge
Cyclura cychlura,Reptilia,Squamata,Iguanidae,6754.63,6.75463,23.4,AnAge
Cyclura nubila,Reptilia,Squamata,Iguanidae,4100,4.1,47.6,AnAge
Dipsosaurus dorsalis,Reptilia,Squamata,Iguanidae,69.5,0.0695,14.6,AnAge
Iguana iguana,Reptilia,Squamata,Iguanidae,1530,1.53,19.8,AnAge
Sauromalus ater,Reptilia,Squamata,Iguanidae,230.39,0.23039,9.3,AnAge
Sauromalus hispidus,Reptilia,Squamata,Iguanidae,811.7,0.8117,17.2,AnAge
Sauromalus varius,Reptilia,Squamata,Iguanidae,1422.35,1.42235,11.3,AnAge
Sceloporus magister,Reptilia,Squamata,Iguanidae,35.21,0.03521,5.9,AnAge
Sceloporus poinsettii,Reptilia,Squamata,Iguanidae,30.94,0.03094,8,AnAge
Sceloporus serrifer,Reptilia,Squamata,Iguanidae,29.175,0.029175,6.7,AnAge
Gallotia galloti,Reptilia,Squamata,Lacertidae,27.49,0.02749,5.6,AnAge
Gallotia simonyi,Reptilia,Squamata,Lacertidae,195.995,0.195995,5.4,AnAge
Lacerta viridis,Reptilia,Squamata,Lacertidae,15.7,0.0157,10,AnAge
Podarcis muralis,Reptilia,Squamata,Lacertidae,5.41,0.00541,10,AnAge
Teira dugesii,Reptilia,Squamata,Lacertidae,7.29,0.00729,4.8,AnAge
Timon lepidus,Reptilia,Squamata,Lacertidae,99.625,0.099625,17,AnAge
Atractaspis bibronii,Reptilia,Squamata,Lamprophiidae,109,0.109,23.9,AnAge
Psammophis subtaeniatus,Reptilia,Squamata,Lamprophiidae,2381,2.381,5.8,AnAge
Rhamphiophis oxyrhynchus,Reptilia,Squamata,Lamprophiidae,1528,1.528,13.3,AnAge
Leiocephalus carinatus,Reptilia,Squamata,Leiocephalidae,30,0.03,10.8,AnAge
Oplurus cuvieri,Reptilia,Squamata,Opluridae,117.7,0.1177,21.2,AnAge
Oplurus cyclurus,Reptilia,Squamata,Opluridae,45.4,0.0454,9.3,AnAge
Uma notata,Reptilia,Squamata,Phrynosomatidae,22.49,0.02249,8.1,AnAge
Ptyodactylus hasselquistii,Reptilia,Squamata,Phyllodactylidae,9.3,0.0093,10.9,AnAge
Tarentola annularis,Reptilia,Squamata,Phyllodactylidae,16.605,0.016605,11.8,AnAge
Tarentola mauritanica,Reptilia,Squamata,Phyllodactylidae,6.54,0.00654,14,AnAge
Antaresia childreni,Reptilia,Squamata,Pythonidae,384,0.384,25.7,AnAge
Aspidites melanocephalus,Reptilia,Squamata,Pythonidae,6107,6.107,22.6,AnAge
Bothrochilus boa,Reptilia,Squamata,Pythonidae,2009,2.009,22.2,AnAge
Leiopython albertisii,Reptilia,Squamata,Pythonidae,8133.5,8.1335,18,AnAge
Liasis fuscus,Reptilia,Squamata,Pythonidae,10592,10.592,26.8,AnAge
Morelia spilota,Reptilia,Squamata,Pythonidae,15926,15.926,19.6,AnAge
Morelia viridis,Reptilia,Squamata,Pythonidae,3113,3.113,20.6,AnAge
Python curtus,Reptilia,Squamata,Pythonidae,8144,8.144,27.8,AnAge
Python molurus,Reptilia,Squamata,Pythonidae,12370,12.37,34.2,AnAge
Python regius,Reptilia,Squamata,Pythonidae,8858,8.858,47.5,AnAge
Python reticulatus,Reptilia,Squamata,Pythonidae,32000,32,29.4,AnAge
Python sebae,Reptilia,Squamata,Pythonidae,73000,73,27.3,AnAge
Chalcides ocellatus,Reptilia,Squamata,Scincidae,39.1,0.0391,14,AnAge
Corucia zebrata,Reptilia,Squamata,Scincidae,1013.7,1.0137,24.3,AnAge
Egernia cunninghami,Reptilia,Squamata,Scincidae,262.64,0.26264,26.5,AnAge
Egernia stokesii,Reptilia,Squamata,Scincidae,198.76,0.19876,18.2,AnAge
Eumeces algeriensis,Reptilia,Squamata,Scincidae,85.4,0.0854,22.8,AnAge
Eumeces obsoletus,Reptilia,Squamata,Scincidae,30,0.03,7.3,AnAge
Oligosoma otagense,Reptilia,Squamata,Scincidae,40.64,0.04064,44,AnAge
Tiliqua nigrolutea,Reptilia,Squamata,Scincidae,562.475,0.562475,11.5,AnAge
Tiliqua scincoides,Reptilia,Squamata,Scincidae,493,0.493,26.6,AnAge
Gonatodes albogularis,Reptilia,Squamata,Sphaerodactylidae,1.865,0.001865,5.6,AnAge
Teratoscincus scincus,Reptilia,Squamata,Sphaerodactylidae,16.235,0.016235,12.6,AnAge
Ameiva ameiva,Reptilia,Squamata,Teiidae,68,0.068,4.6,AnAge
Cnemidophorus sexlineatus,Reptilia,Squamata,Teiidae,7.9,0.0079,6,AnAge
Cnemidophorus tigris,Reptilia,Squamata,Teiidae,18,0.018,7.8,AnAge
Dracaena guianensis,Reptilia,Squamata,Teiidae,1500,1.5,9.3,AnAge
Tupinambis teguixin,Reptilia,Squamata,Teiidae,1773.51,1.77351,16.1,AnAge
Varanus bengalensis,Reptilia,Squamata,Varanidae,3750,3.75,11.2,AnAge
Varanus dumerilii,Reptilia,Squamata,Varanidae,988,0.988,10.7,AnAge
Varanus exanthematicus,Reptilia,Squamata,Varanidae,35500,35.5,12.7,AnAge
Varanus giganteus,Reptilia,Squamata,Varanidae,5333.4,5.3334,19.7,AnAge
Varanus gouldii,Reptilia,Squamata,Varanidae,671.92,0.67192,18.3,AnAge
Varanus griseus,Reptilia,Squamata,Varanidae,821.1,0.8211,17,AnAge
Varanus indicus,Reptilia,Squamata,Varanidae,1287,1.287,17.4,AnAge
Varanus komodoensis,Reptilia,Squamata,Varanidae,87000,87,62,AnAge
Varanus mertensi,Reptilia,Squamata,Varanidae,1121.2,1.1212,20.3,AnAge
Varanus niloticus,Reptilia,Squamata,Varanidae,2826.67,2.82667,14.6,AnAge
Varanus olivaceus,Reptilia,Squamata,Varanidae,4141.37,4.14137,15.2,AnAge
Varanus prasinus,Reptilia,Squamata,Varanidae,237.5,0.2375,14.2,AnAge
Varanus salvator,Reptilia,Squamata,Varanidae,4345,4.345,15.7,AnAge
Varanus timorensis,Reptilia,Squamata,Varanidae,290,0.29,14.9,AnAge
Varanus varius,Reptilia,Squamata,Varanidae,4300,4.3,14.7,AnAge
Agkistrodon contortrix,Reptilia,Squamata,Viperidae,950,0.95,29.8,AnAge
Agkistrodon piscivorus,Reptilia,Squamata,Viperidae,1700,1.7,24.5,AnAge
Bitis arietans,Reptilia,Squamata,Viperidae,2381,2.381,15.8,AnAge
Bitis gabonica,Reptilia,Squamata,Viperidae,2381,2.381,18,AnAge
Bitis nasicornis,Reptilia,Squamata,Viperidae,717,0.717,9.4,AnAge
Bothrops alternatus,Reptilia,Squamata,Viperidae,848,0.848,15.2,AnAge
Bothrops asper,Reptilia,Squamata,Viperidae,1037,1.037,20.4,AnAge
Bothrops atrox,Reptilia,Squamata,Viperidae,1037,1.037,8.5,AnAge
Bothrops neuwiedi,Reptilia,Squamata,Viperidae,131,0.131,15.1,AnAge
Causus rhombeatus,Reptilia,Squamata,Viperidae,308,0.308,6.6,AnAge
Crotalus adamanteus,Reptilia,Squamata,Viperidae,5675,5.675,22.8,AnAge
Crotalus atrox,Reptilia,Squamata,Viperidae,6700,6.7,27,AnAge
Crotalus cerastes,Reptilia,Squamata,Viperidae,211,0.211,27.3,AnAge
Crotalus durissus,Reptilia,Squamata,Viperidae,1150,1.15,19.8,AnAge
Crotalus horridus,Reptilia,Squamata,Viperidae,1000,1,30.2,AnAge
Crotalus lepidus,Reptilia,Squamata,Viperidae,219,0.219,33.6,AnAge
Crotalus molossus,Reptilia,Squamata,Viperidae,771,0.771,20.7,AnAge
Crotalus pricei,Reptilia,Squamata,Viperidae,104,0.104,15.7,AnAge
Crotalus ruber,Reptilia,Squamata,Viperidae,3661,3.661,19.2,AnAge
Crotalus scutulatus,Reptilia,Squamata,Viperidae,828,0.828,14.4,AnAge
Crotalus tigris,Reptilia,Squamata,Viperidae,279,0.279,15.3,AnAge
Crotalus viridis,Reptilia,Squamata,Viperidae,1647,1.647,24.1,AnAge
Crotalus willardi,Reptilia,Squamata,Viperidae,100,0.1,21.3,AnAge
Daboia russelii,Reptilia,Squamata,Viperidae,1306,1.306,15,AnAge
Echis carinatus,Reptilia,Squamata,Viperidae,142,0.142,23.8,AnAge
Lachesis muta,Reptilia,Squamata,Viperidae,5817,5.817,31.6,AnAge
Macrovipera lebetina,Reptilia,Squamata,Viperidae,1306,1.306,13.3,AnAge
Sistrurus catenatus,Reptilia,Squamata,Viperidae,384,0.384,20,AnAge
Sistrurus miliarius,Reptilia,Squamata,Viperidae,196,0.196,16.1,AnAge
Trimeresurus albolabris,Reptilia,Squamata,Viperidae,414.5,0.4145,11.4,AnAge
Vipera ammodytes,Reptilia,Squamata,Viperidae,220,0.22,22,AnAge
Vipera aspis,Reptilia,Squamata,Viperidae,161,0.161,25,AnAge
Vipera berus,Reptilia,Squamata,Viperidae,279,0.279,19,AnAge
Vipera latastei,Reptilia,Squamata,Viperidae,161,0.161,9.7,AnAge
Lepidophyma flavimaculatum,Reptilia,Squamata,Xantusiidae,11.3,0.0113,11,AnAge
Xantusia henshawi,Reptilia,Squamata,Xantusiidae,4.02,0.00402,14.3,AnAge
Xantusia riversiana,Reptilia,Squamata,Xantusiidae,14.66,0.01466,13.9,AnAge
Xantusia vigilis,Reptilia,Squamata,Xantusiidae,1.475,0.001475,10.9,AnAge
Xenopeltis unicolor,Reptilia,Squamata,Xenopeltidae,753,0.753,12.1,AnAge
Carettochelys insculpta,Reptilia,Testudines,Carettochelyidae,16275,16.275,38.4,AnAge
Chelodina longicollis,Reptilia,Testudines,Chelidae,1293,1.293,37,AnAge
Chelus fimbriatus,Reptilia,Testudines,Chelidae,4407,4.407,35.8,AnAge
Elseya dentata,Reptilia,Testudines,Chelidae,4295,4.295,21.8,AnAge
Emydura macquarii,Reptilia,Testudines,Chelidae,1740,1.74,20.9,AnAge
Mesoclemmys dahli,Reptilia,Testudines,Chelidae,777,0.777,27.4,AnAge
Myuchelys latisternum,Reptilia,Testudines,Chelidae,1377,1.377,26.5,AnAge
Phrynops hilarii,Reptilia,Testudines,Chelidae,2380,2.38,37.4,AnAge
Platemys platycephala,Reptilia,Testudines,Chelidae,325,0.325,20,AnAge
Caretta caretta,Reptilia,Testudines,Cheloniidae,156500,156.5,77,AnAge
Chelonia mydas,Reptilia,Testudines,Cheloniidae,160000,160,75,AnAge
Lepidochelys kempii,Reptilia,Testudines,Cheloniidae,40500,40.5,30.2,AnAge
Chelydra serpentina,Reptilia,Testudines,Chelydridae,10250,10.25,47,AnAge
Macrochelys temminckii,Reptilia,Testudines,Chelydridae,58500,58.5,70.3,AnAge
Dermatemys mawii,Reptilia,Testudines,Dermatemydidae,12500,12.5,11.3,AnAge
Dermochelys coriacea,Reptilia,Testudines,Dermochelyidae,420000,420,30,AnAge
Actinemys marmorata,Reptilia,Testudines,Emydidae,282,0.282,27.3,AnAge
Chrysemys picta,Reptilia,Testudines,Emydidae,400,0.4,61,AnAge
Clemmys guttata,Reptilia,Testudines,Emydidae,165.4,0.1654,51,AnAge
Deirochelys reticularia,Reptilia,Testudines,Emydidae,910.5,0.9105,24,AnAge
Emydoidea blandingii,Reptilia,Testudines,Emydidae,1162,1.162,77,AnAge
Glyptemys insculpta,Reptilia,Testudines,Emydidae,968.2,0.9682,60,AnAge
Glyptemys muhlenbergii,Reptilia,Testudines,Emydidae,132.1,0.1321,40,AnAge
Graptemys barbouri,Reptilia,Testudines,Emydidae,1256,1.256,31.7,AnAge
Graptemys nigrinoda,Reptilia,Testudines,Emydidae,415.7,0.4157,20.3,AnAge
Graptemys oculifera,Reptilia,Testudines,Emydidae,918.15,0.91815,20.3,AnAge
Graptemys pseudogeographica,Reptilia,Testudines,Emydidae,1477,1.477,35.4,AnAge
Graptemys pulchra,Reptilia,Testudines,Emydidae,1519,1.519,15.7,AnAge
Pseudemys concinna,Reptilia,Testudines,Emydidae,2992,2.992,44,AnAge
Pseudemys nelsoni,Reptilia,Testudines,Emydidae,3748.5,3.7485,26.1,AnAge
Terrapene carolina,Reptilia,Testudines,Emydidae,372,0.372,138,AnAge
Terrapene coahuila,Reptilia,Testudines,Emydidae,259.8,0.2598,18.8,AnAge
Terrapene nelsoni,Reptilia,Testudines,Emydidae,372,0.372,24.9,AnAge
Terrapene ornata,Reptilia,Testudines,Emydidae,394.5,0.3945,28.4,AnAge
Trachemys scripta,Reptilia,Testudines,Emydidae,240,0.24,41.3,AnAge
Batagur baska,Reptilia,Testudines,Geoemydidae,17900,17.9,21.7,AnAge
Cuora amboinensis,Reptilia,Testudines,Geoemydidae,1000,1,38.2,AnAge
Cuora flavomarginata,Reptilia,Testudines,Geoemydidae,499,0.499,19.1,AnAge
Cyclemys dentata,Reptilia,Testudines,Geoemydidae,1250,1.25,14.7,AnAge
Heosemys spinosa,Reptilia,Testudines,Geoemydidae,950,0.95,22.9,AnAge
Mauremys japonica,Reptilia,Testudines,Geoemydidae,494.2,0.4942,16.2,AnAge
Mauremys leprosa,Reptilia,Testudines,Geoemydidae,608,0.608,24.5,AnAge
Mauremys mutica,Reptilia,Testudines,Geoemydidae,319.5,0.3195,22.1,AnAge
Mauremys reevesii,Reptilia,Testudines,Geoemydidae,858,0.858,24.2,AnAge
Mauremys sinensis,Reptilia,Testudines,Geoemydidae,1241,1.241,22.8,AnAge
Melanochelys trijuga,Reptilia,Testudines,Geoemydidae,760,0.76,40,AnAge
Pangshura smithii,Reptilia,Testudines,Geoemydidae,919,0.919,13.8,AnAge
Rhinoclemmys areolata,Reptilia,Testudines,Geoemydidae,731.5,0.7315,19.3,AnAge
Siebenrockiella crassicollis,Reptilia,Testudines,Geoemydidae,940,0.94,16.7,AnAge
Claudius angustatus,Reptilia,Testudines,Kinosternidae,200,0.2,16.1,AnAge
Kinosternon baurii,Reptilia,Testudines,Kinosternidae,143,0.143,49.6,AnAge
Kinosternon herrerai,Reptilia,Testudines,Kinosternidae,486,0.486,19.5,AnAge
Kinosternon integrum,Reptilia,Testudines,Kinosternidae,474.4,0.4744,18.5,AnAge
Kinosternon scorpioides,Reptilia,Testudines,Kinosternidae,266,0.266,44.7,AnAge
Kinosternon sonoriense,Reptilia,Testudines,Kinosternidae,326,0.326,36.5,AnAge
Kinosternon subrubrum,Reptilia,Testudines,Kinosternidae,154.7,0.1547,40,AnAge
Staurotypus salvinii,Reptilia,Testudines,Kinosternidae,900,0.9,26.3,AnAge
Staurotypus triporcatus,Reptilia,Testudines,Kinosternidae,4200,4.2,33.5,AnAge
Sternotherus carinatus,Reptilia,Testudines,Kinosternidae,248,0.248,29.3,AnAge
Sternotherus minor,Reptilia,Testudines,Kinosternidae,154.5,0.1545,23.9,AnAge
Sternotherus odoratus,Reptilia,Testudines,Kinosternidae,137.9,0.1379,54.8,AnAge
Pelomedusa subrufa,Reptilia,Testudines,Pelomedusidae,2273,2.273,20.1,AnAge
Podocnemis expansa,Reptilia,Testudines,Podocnemididae,25800,25.8,25.3,AnAge
Aldabrachelys gigantea,Reptilia,Testudines,Testudinidae,117200,117.2,152,AnAge
Astrochelys radiata,Reptilia,Testudines,Testudinidae,10217,10.217,32.8,AnAge
Centrochelys sulcata,Reptilia,Testudines,Testudinidae,43000,43,54.3,AnAge
Geochelone elegans,Reptilia,Testudines,Testudinidae,4225,4.225,24.3,AnAge
Gopherus agassizii,Reptilia,Testudines,Testudinidae,2784,2.784,62.8,AnAge
Gopherus berlandieri,Reptilia,Testudines,Testudinidae,1792,1.792,30.7,AnAge
Homopus areolatus,Reptilia,Testudines,Testudinidae,229.4,0.2294,28.6,AnAge
Indotestudo forstenii,Reptilia,Testudines,Testudinidae,1680,1.68,32.9,AnAge
Kinixys belliana,Reptilia,Testudines,Testudinidae,1202,1.202,26.5,AnAge
Malacochersus tornieri,Reptilia,Testudines,Testudinidae,391.25,0.39125,25.9,AnAge
Manouria emys,Reptilia,Testudines,Testudinidae,26000,26,19.9,AnAge
Stigmochelys pardalis,Reptilia,Testudines,Testudinidae,20000,20,30,AnAge
Testudo graeca,Reptilia,Testudines,Testudinidae,1430,1.43,127,AnAge
Testudo kleinmanni,Reptilia,Testudines,Testudinidae,440,0.44,21,AnAge
Testudo marginata,Reptilia,Testudines,Testudinidae,1918,1.918,21.2,AnAge
Apalone ferox,Reptilia,Testudines,Trionychidae,23463,23.463,26.2,AnAge
Apalone spinifera,Reptilia,Testudines,Trionychidae,4765,4.765,25.2,AnAge
Lissemys punctata,Reptilia,Testudines,Trionychidae,1444.5,1.4445,17.8,AnAge
Trionyx triunguis,Reptilia,Testudines,Trionychidae,10818,10.818,50.6,AnAge
Anguilla anguilla,Teleostei,Anguilliformes,Anguillidae,3629.45,3.62945,88,AnAge
Anguilla australis,Teleostei,Anguilliformes,Anguillidae,4100,4.1,32,AnAge
Anguilla dieffenbachii,Teleostei,Anguilliformes,Anguillidae,13000,13,60,AnAge
Anguilla marmorata,Teleostei,Anguilliformes,Anguillidae,11275,11.275,40,AnAge
Anguilla mossambica,Teleostei,Anguilliformes,Anguillidae,412.5,0.4125,20,AnAge
Anguilla nebulosa,Teleostei,Anguilliformes,Anguillidae,11000,11,15,AnAge
Anguilla reinhardtii,Teleostei,Anguilliformes,Anguillidae,8965,8.965,41,AnAge
Anguilla rostrata,Teleostei,Anguilliformes,Anguillidae,4031.5,4.0315,50,AnAge
Hyporhamphus melanochir,Teleostei,Beloniformes,Hemiramphidae,330,0.33,10,AnAge
Hoplostethus atlanticus,Teleostei,Beryciformes,Trachichthyidae,3850,3.85,149,AnAge
Brycinus imberi,Teleostei,Characiformes,Alestiidae,165,0.165,5,AnAge
Brycinus macrolepidotus,Teleostei,Characiformes,Alestiidae,1100,1.1,5,AnAge
Hydrocynus vittatus,Teleostei,Characiformes,Alestiidae,15400,15.4,8,AnAge
Micralestes acutidens,Teleostei,Characiformes,Alestiidae,1.1,0.0011,3,AnAge
Piaractus brachypomus,Teleostei,Characiformes,Characidae,13750,13.75,28,AnAge
Distichodus niloticus,Teleostei,Characiformes,Citharinidae,3410,3.41,7.5,AnAge
Hepsetus odoe,Teleostei,Characiformes,Hepsetidae,2200,2.2,5,AnAge
Alosa aestivalis,Teleostei,Clupeiformes,Clupeidae,110,0.11,8,AnAge
Alosa agone,Teleostei,Clupeiformes,Clupeidae,825,0.825,25,AnAge
Alosa alosa,Teleostei,Clupeiformes,Clupeidae,2200,2.2,10,AnAge
Alosa caspia,Teleostei,Clupeiformes,Clupeidae,65,0.065,7,AnAge
Alosa chrysochloris,Teleostei,Clupeiformes,Clupeidae,935,0.935,4,AnAge
Alosa macedonica,Teleostei,Clupeiformes,Clupeidae,330,0.33,10,AnAge
Alosa pseudoharengus,Teleostei,Clupeiformes,Clupeidae,110,0.11,8,AnAge
Alosa sapidissima,Teleostei,Clupeiformes,Clupeidae,3025,3.025,13,AnAge
Dorosoma cepedianum,Teleostei,Clupeiformes,Clupeidae,1089,1.089,6,AnAge
Sardinella aurita,Teleostei,Clupeiformes,Clupeidae,125.95,0.12595,7,AnAge
Sardinella longiceps,Teleostei,Clupeiformes,Clupeidae,110,0.11,4,AnAge
Sardinops sagax,Teleostei,Clupeiformes,Clupeidae,267.3,0.2673,25,AnAge
Carpiodes carpio,Teleostei,Cypriniformes,Catostomidae,2524.5,2.5245,10,AnAge
Carpiodes cyprinus,Teleostei,Cypriniformes,Catostomidae,1617,1.617,11,AnAge
Catostomus catostomus,Teleostei,Cypriniformes,Catostomidae,1800,1.8,20,AnAge
Catostomus commersonii,Teleostei,Cypriniformes,Catostomidae,1617,1.617,12,AnAge
Chasmistes cujus,Teleostei,Cypriniformes,Catostomidae,1496,1.496,41,AnAge
Hypentelium nigricans,Teleostei,Cypriniformes,Catostomidae,700,0.7,11,AnAge
Ictiobus bubalus,Teleostei,Cypriniformes,Catostomidae,20515,20.515,39,AnAge
Ictiobus cyprinellus,Teleostei,Cypriniformes,Catostomidae,17545,17.545,112,AnAge
Ictiobus niger,Teleostei,Cypriniformes,Catostomidae,15785,15.785,24,AnAge
Minytrema melanops,Teleostei,Cypriniformes,Catostomidae,676.5,0.6765,6,AnAge
Moxostoma anisurum,Teleostei,Cypriniformes,Catostomidae,5940,5.94,10,AnAge
Moxostoma breviceps,Teleostei,Cypriniformes,Catostomidae,750,0.75,8,AnAge
Moxostoma carinatum,Teleostei,Cypriniformes,Catostomidae,3089,3.089,12,AnAge
Moxostoma duquesnii,Teleostei,Cypriniformes,Catostomidae,1250,1.25,10,AnAge
Moxostoma erythrurum,Teleostei,Cypriniformes,Catostomidae,2244,2.244,11,AnAge
Moxostoma macrolepidotum,Teleostei,Cypriniformes,Catostomidae,2194.5,2.1945,9,AnAge
Aspius aspius,Teleostei,Cypriniformes,Cyprinidae,4950,4.95,11,AnAge
Barbus mattozi,Teleostei,Cypriniformes,Cyprinidae,745.25,0.74525,9,AnAge
Ctenopharyngodon idella,Teleostei,Cypriniformes,Cyprinidae,24750,24.75,21,AnAge
Cyprinus carpio,Teleostei,Cypriniformes,Cyprinidae,10600,10.6,47,AnAge
Labeo altivelis,Teleostei,Cypriniformes,Cyprinidae,1980,1.98,9,AnAge
Labeo rohita,Teleostei,Cypriniformes,Cyprinidae,24750,24.75,10,AnAge
Labeobarbus aeneus,Teleostei,Cypriniformes,Cyprinidae,4310.35,4.31035,12,AnAge
Leuciscus cephalus,Teleostei,Cypriniformes,Cyprinidae,4400,4.4,22,AnAge
Abramis brama,Teleostei,Cypriniformes,Leuciscidae,3305.5,3.3055,23,AnAge
Chondrostoma nasus,Teleostei,Cypriniformes,Leuciscidae,825,0.825,15,AnAge
Leuciscus idus,Teleostei,Cypriniformes,Leuciscidae,2200,2.2,29.8,AnAge
Leuciscus leuciscus,Teleostei,Cypriniformes,Leuciscidae,550,0.55,16,AnAge
Oreoleuciscus humilis,Teleostei,Cypriniformes,Leuciscidae,13.75,0.01375,15,AnAge
Oreoleuciscus potanini,Teleostei,Cypriniformes,Leuciscidae,5500,5.5,40,AnAge
Pelecus cultratus,Teleostei,Cypriniformes,Leuciscidae,1100,1.1,11,AnAge
Rutilus frisii,Teleostei,Cypriniformes,Leuciscidae,2750,2.75,12,AnAge
Rutilus rutilus,Teleostei,Cypriniformes,Leuciscidae,1012,1.012,14,AnAge
Scardinius erythrophthalmus,Teleostei,Cypriniformes,Leuciscidae,1153.35,1.15335,19,AnAge
Megalops atlanticus,Teleostei,Elopiformes,Megalopidae,88550,88.55,55,AnAge
Megalops cyprinoides,Teleostei,Elopiformes,Megalopidae,9900,9.9,44,AnAge
Esox lucius,Teleostei,Esociformes,Esocidae,15620,15.62,30,AnAge
Esox masquinongy,Teleostei,Esociformes,Esocidae,17490,17.49,30,AnAge
Esox niger,Teleostei,Esociformes,Esocidae,2337.5,2.3375,9,AnAge
Dallia pectoralis,Teleostei,Esociformes,Umbridae,201.3,0.2013,8,AnAge
Brosme brosme,Teleostei,Gadiformes,Gadidae,16500,16.5,20,AnAge
Eleginus gracilis,Teleostei,Gadiformes,Gadidae,605,0.605,12,AnAge
Gadus chalcogrammus,Teleostei,Gadiformes,Gadidae,770,0.77,15,AnAge
Gadus macrocephalus,Teleostei,Gadiformes,Gadidae,12485,12.485,18,AnAge
Gadus morhua,Teleostei,Gadiformes,Gadidae,52800,52.8,25,AnAge
Lota lota,Teleostei,Gadiformes,Gadidae,18700,18.7,20,AnAge
Melanogrammus aeglefinus,Teleostei,Gadiformes,Gadidae,9240,9.24,20,AnAge
Merlangius merlangus,Teleostei,Gadiformes,Gadidae,1700,1.7,20,AnAge
Micromesistius poutassou,Teleostei,Gadiformes,Gadidae,456.5,0.4565,20,AnAge
Molva dypterygia,Teleostei,Gadiformes,Gadidae,16500,16.5,25,AnAge
Phycis blennoides,Teleostei,Gadiformes,Gadidae,1947,1.947,20,AnAge
Pollachius pollachius,Teleostei,Gadiformes,Gadidae,9955,9.955,8,AnAge
Pollachius virens,Teleostei,Gadiformes,Gadidae,17600,17.6,25,AnAge
Urophycis tenuis,Teleostei,Gadiformes,Gadidae,11550,11.55,23,AnAge
Coryphaenoides rupestris,Teleostei,Gadiformes,Macrouridae,929.5,0.9295,54,AnAge
Macruronus novaezelandiae,Teleostei,Gadiformes,Merlucciidae,825,0.825,25,AnAge
Merluccius bilinearis,Teleostei,Gadiformes,Merlucciidae,1265,1.265,12,AnAge
Merluccius merluccius,Teleostei,Gadiformes,Merlucciidae,8250,8.25,20,AnAge
Merluccius productus,Teleostei,Gadiformes,Merlucciidae,654.5,0.6545,15,AnAge
Chanos chanos,Teleostei,Gonorynchiformes,Chanidae,7700,7.7,15,AnAge
Lophius americanus,Teleostei,Lophiiformes,Lophiidae,12430,12.43,30,AnAge
Lophius piscatorius,Teleostei,Lophiiformes,Lophiidae,31735,31.735,24,AnAge
Aldrichetta forsteri,Teleostei,Mugiliformes,Mugilidae,522.5,0.5225,7,AnAge
Chelon labrosus,Teleostei,Mugiliformes,Mugilidae,2475,2.475,25,AnAge
Liza ramado,Teleostei,Mugiliformes,Mugilidae,1595,1.595,10,AnAge
Mugil cephalus,Teleostei,Mugiliformes,Mugilidae,4400,4.4,16,AnAge
Genypterus blacodes,Teleostei,Ophidiiformes,Ophidiidae,13750,13.75,30,AnAge
Hiodon alosoides,Teleostei,Osteoglossiformes,Hiodontidae,946,0.946,14,AnAge
Hiodon tergisus,Teleostei,Osteoglossiformes,Hiodontidae,498.85,0.49885,10,AnAge
Mormyrus rume,Teleostei,Osteoglossiformes,Mormyridae,2915,2.915,6,AnAge
Pollimyrus isidori,Teleostei,Osteoglossiformes,Mormyridae,4,0.004,29,AnAge
Osteoglossum bicirrhosum,Teleostei,Osteoglossiformes,Osteoglossidae,2530,2.53,6.5,AnAge
Ctenopoma kingsleyae,Teleostei,Perciformes,Anabantidae,68.75,0.06875,8.7,AnAge
Arripis georgianus,Teleostei,Perciformes,Arripidae,440,0.44,7,AnAge
Arripis trutta,Teleostei,Perciformes,Arripidae,5170,5.17,26,AnAge
Arripis truttacea,Teleostei,Perciformes,Arripidae,5775,5.775,9,AnAge
Brama brama,Teleostei,Perciformes,Bramidae,3300,3.3,9,AnAge
Taractichthys steindachneri,Teleostei,Perciformes,Bramidae,6050,6.05,8,AnAge
Caranx crysos,Teleostei,Perciformes,Carangidae,2777.5,2.7775,11,AnAge
Pseudocaranx dentex,Teleostei,Perciformes,Carangidae,9955,9.955,49,AnAge
Ambloplites rupestris,Teleostei,Perciformes,Centrarchidae,824,0.824,18,AnAge
Archoplites interruptus,Teleostei,Perciformes,Centrarchidae,792,0.792,6,AnAge
Centrarchus macropterus,Teleostei,Perciformes,Centrarchidae,308,0.308,5,AnAge
Lepomis auritus,Teleostei,Perciformes,Centrarchidae,467.25,0.46725,8,AnAge
Lepomis cyanellus,Teleostei,Perciformes,Centrarchidae,529,0.529,9,AnAge
Lepomis macrochirus,Teleostei,Perciformes,Centrarchidae,1181.25,1.18125,10,AnAge
Lepomis megalotis,Teleostei,Perciformes,Centrarchidae,434.5,0.4345,6,AnAge
Lepomis microlophus,Teleostei,Perciformes,Centrarchidae,121,0.121,7,AnAge
Micropterus dolomieu,Teleostei,Perciformes,Centrarchidae,2975.5,2.9755,26,AnAge
Micropterus punctulatus,Teleostei,Perciformes,Centrarchidae,2557,2.557,7,AnAge
Micropterus salmoides,Teleostei,Perciformes,Centrarchidae,5527.5,5.5275,23,AnAge
Pomoxis annularis,Teleostei,Perciformes,Centrarchidae,1292.5,1.2925,10,AnAge
Pomoxis nigromaculatus,Teleostei,Perciformes,Centrarchidae,1496,1.496,15,AnAge
Hyperoglyphe antarctica,Teleostei,Perciformes,Centrolophidae,33000,33,15,AnAge
Seriolella brama,Teleostei,Perciformes,Centrolophidae,2200,2.2,15,AnAge
Centropomus undecimalis,Teleostei,Perciformes,Centropomidae,13365,13.365,7,AnAge
Lates niloticus,Teleostei,Perciformes,Centropomidae,110000,110,7.8,AnAge
Oreochromis andersonii,Teleostei,Perciformes,Cichlidae,2590.5,2.5905,13,AnAge
Oreochromis mossambicus,Teleostei,Perciformes,Cichlidae,621.5,0.6215,11,AnAge
Oreochromis niloticus,Teleostei,Perciformes,Cichlidae,2400,2.4,9,AnAge
Sargochromis codringtonii,Teleostei,Perciformes,Cichlidae,1215.5,1.2155,7,AnAge
Sargochromis giardi,Teleostei,Perciformes,Cichlidae,1595,1.595,7,AnAge
Serranochromis angusticeps,Teleostei,Perciformes,Cichlidae,1375,1.375,9,AnAge
Serranochromis carlottae,Teleostei,Perciformes,Cichlidae,550,0.55,6,AnAge
Serranochromis macrocephalus,Teleostei,Perciformes,Cichlidae,825,0.825,6,AnAge
Tilapia rendalli,Teleostei,Perciformes,Cichlidae,1375,1.375,7,AnAge
Tilapia zillii,Teleostei,Perciformes,Cichlidae,165,0.165,7,AnAge
Coryphaena hippurus,Teleostei,Perciformes,Coryphaenidae,22000,22,4,AnAge
Amphistichus argenteus,Teleostei,Perciformes,Embiotocidae,1100,1.1,9,AnAge
Embiotoca jacksoni,Teleostei,Perciformes,Embiotocidae,385,0.385,10,AnAge
Rexea solandri,Teleostei,Perciformes,Gempylidae,8800,8.8,16,AnAge
Thyrsites atun,Teleostei,Perciformes,Gempylidae,3300,3.3,10,AnAge
Haemulon sciurus,Teleostei,Perciformes,Haemulidae,412.5,0.4125,12,AnAge
Orthopristis chrysoptera,Teleostei,Perciformes,Haemulidae,500,0.5,4,AnAge
Istiophorus platypterus,Teleostei,Perciformes,Istiophoridae,55110,55.11,13,AnAge
Makaira nigricans,Teleostei,Perciformes,Istiophoridae,93500,93.5,28,AnAge
Labrus bergylta,Teleostei,Perciformes,Labridae,2392.5,2.3925,29,AnAge
Tautoga onitis,Teleostei,Perciformes,Labridae,6215,6.215,34,AnAge
Tautogolabrus adspersus,Teleostei,Perciformes,Labridae,550,0.55,6,AnAge
Lethrinus miniatus,Teleostei,Perciformes,Lethrinidae,5280,5.28,22,AnAge
Lethrinus nebulosus,Teleostei,Perciformes,Lethrinidae,4620,4.62,27,AnAge
Aprion virescens,Teleostei,Perciformes,Lutjanidae,8470,8.47,21,AnAge
Lutjanus analis,Teleostei,Perciformes,Lutjanidae,8580,8.58,29,AnAge
Lutjanus argentimaculatus,Teleostei,Perciformes,Lutjanidae,4785,4.785,18,AnAge
Lutjanus bohar,Teleostei,Perciformes,Lutjanidae,6875,6.875,13,AnAge
Lutjanus campechanus,Teleostei,Perciformes,Lutjanidae,12540,12.54,57,AnAge
Lutjanus malabaricus,Teleostei,Perciformes,Lutjanidae,4350.5,4.3505,31,AnAge
Lutjanus peru,Teleostei,Perciformes,Lutjanidae,3195.5,3.1955,7.2,AnAge
Lutjanus purpureus,Teleostei,Perciformes,Lutjanidae,5500,5.5,18,AnAge
Lutjanus sanguineus,Teleostei,Perciformes,Lutjanidae,12650,12.65,13,AnAge
Lutjanus sebae,Teleostei,Perciformes,Lutjanidae,17985,17.985,35,AnAge
Lutjanus synagris,Teleostei,Perciformes,Lutjanidae,1941.5,1.9415,10,AnAge
Ocyurus chrysurus,Teleostei,Perciformes,Lutjanidae,2238.5,2.2385,14,AnAge
Pristipomoides filamentosus,Teleostei,Perciformes,Lutjanidae,4484.7,4.4847,18,AnAge
Pristipomoides typus,Teleostei,Perciformes,Lutjanidae,1210,1.21,11,AnAge
Rhomboplites aurorubens,Teleostei,Perciformes,Lutjanidae,1743.5,1.7435,10,AnAge
Branchiostegus japonicus,Teleostei,Perciformes,Malacanthidae,687.5,0.6875,12,AnAge
Caulolatilus microps,Teleostei,Perciformes,Malacanthidae,3850,3.85,15,AnAge
Caulolatilus princeps,Teleostei,Perciformes,Malacanthidae,3168,3.168,13,AnAge
Lopholatilus chamaeleonticeps,Teleostei,Perciformes,Malacanthidae,16500,16.5,35,AnAge
Dicentrarchus labrax,Teleostei,Perciformes,Moronidae,6600,6.6,15,AnAge
Morone americana,Teleostei,Perciformes,Moronidae,1210,1.21,7,AnAge
Morone chrysops,Teleostei,Perciformes,Moronidae,1537.25,1.53725,9,AnAge
Morone mississippiensis,Teleostei,Perciformes,Moronidae,6050,6.05,6,AnAge
Morone saxatilis,Teleostei,Perciformes,Moronidae,31350,31.35,30,AnAge
Mullus surmuletus,Teleostei,Perciformes,Mullidae,550,0.55,10,AnAge
Nemipterus japonicus,Teleostei,Perciformes,Nemipteridae,327.8,0.3278,8,AnAge
Dissostichus mawsoni,Teleostei,Perciformes,Nototheniidae,44000,44,31,AnAge
Notothenia rossii,Teleostei,Perciformes,Nototheniidae,5500,5.5,16,AnAge
Pleuragramma antarcticum,Teleostei,Perciformes,Nototheniidae,110,0.11,20,AnAge
Maccullochella peelii,Teleostei,Perciformes,Percichthyidae,62000,62,48,AnAge
Macquaria ambigua,Teleostei,Perciformes,Percichthyidae,13200,13.2,20,AnAge
Perca flavescens,Teleostei,Perciformes,Percidae,1055.25,1.05525,12,AnAge
Perca fluviatilis,Teleostei,Perciformes,Percidae,2612.5,2.6125,22,AnAge
Sander canadensis,Teleostei,Perciformes,Percidae,2000,2,18,AnAge
Sander lucioperca,Teleostei,Perciformes,Percidae,11000,11,16,AnAge
Sander vitreus,Teleostei,Perciformes,Percidae,11000,11,29,AnAge
Polydactylus macrochir,Teleostei,Perciformes,Polynemidae,24750,24.75,20,AnAge
Polyprion oxygeneios,Teleostei,Perciformes,Polyprionidae,55000,55,60,AnAge
Stereolepis gigas,Teleostei,Perciformes,Polyprionidae,140580,140.58,75,AnAge
Pomatomus saltatrix,Teleostei,Perciformes,Pomatomidae,7920,7.92,9,AnAge
Cookeolus japonicus,Teleostei,Perciformes,Priacanthidae,1144,1.144,9,AnAge
Rachycentron canadum,Teleostei,Perciformes,Rachycentridae,37400,37.4,15,AnAge
Chlorurus gibbus,Teleostei,Perciformes,Scaridae,2200,2.2,14,AnAge
Aplodinotus grunniens,Teleostei,Perciformes,Sciaenidae,13292.5,13.2925,13,AnAge
Argyrosomus japonicus,Teleostei,Perciformes,Sciaenidae,41250,41.25,30,AnAge
Atractoscion nobilis,Teleostei,Perciformes,Sciaenidae,22550,22.55,20,AnAge
Cheilotrema saturnum,Teleostei,Perciformes,Sciaenidae,385,0.385,20,AnAge
Cynoscion nebulosus,Teleostei,Perciformes,Sciaenidae,4356,4.356,18,AnAge
Leiostomus xanthurus,Teleostei,Perciformes,Sciaenidae,247.5,0.2475,4,AnAge
Menticirrhus undulatus,Teleostei,Perciformes,Sciaenidae,2145,2.145,8,AnAge
Micropogonias undulatus,Teleostei,Perciformes,Sciaenidae,1419,1.419,5,AnAge
Pogonias cromis,Teleostei,Perciformes,Sciaenidae,28215,28.215,43,AnAge
Sciaenops ocellatus,Teleostei,Perciformes,Sciaenidae,24750,24.75,50,AnAge
Euthynnus affinis,Teleostei,Perciformes,Scombridae,7700,7.7,10,AnAge
Katsuwonus pelamis,Teleostei,Perciformes,Scombridae,18975,18.975,12,AnAge
Sarda sarda,Teleostei,Perciformes,Scombridae,6050,6.05,5,AnAge
Scomber japonicus,Teleostei,Perciformes,Scombridae,1595,1.595,18,AnAge
Scomber scombrus,Teleostei,Perciformes,Scombridae,1870,1.87,17,AnAge
Scomberomorus cavalla,Teleostei,Perciformes,Scombridae,24750,24.75,14,AnAge
Scomberomorus maculatus,Teleostei,Perciformes,Scombridae,3239.5,3.2395,5,AnAge
Scomberomorus tritor,Teleostei,Perciformes,Scombridae,3300,3.3,5,AnAge
Thunnus alalunga,Teleostei,Perciformes,Scombridae,33165,33.165,13,AnAge
Thunnus maccoyii,Teleostei,Perciformes,Scombridae,143000,143,20,AnAge
Thunnus obesus,Teleostei,Perciformes,Scombridae,115500,115.5,11,AnAge
Thunnus thynnus,Teleostei,Perciformes,Scombridae,376200,376.2,15,AnAge
Centropristis striata,Teleostei,Perciformes,Serranidae,2365,2.365,20,AnAge
Epinephelus areolatus,Teleostei,Perciformes,Serranidae,770,0.77,15,AnAge
Epinephelus chlorostigma,Teleostei,Perciformes,Serranidae,3850,3.85,29,AnAge
Epinephelus coioides,Teleostei,Perciformes,Serranidae,8250,8.25,22,AnAge
Epinephelus drummondhayi,Teleostei,Perciformes,Serranidae,16500,16.5,25,AnAge
Epinephelus flavolimbatus,Teleostei,Perciformes,Serranidae,10230,10.23,32,AnAge
Epinephelus marginatus,Teleostei,Perciformes,Serranidae,33000,33,50,AnAge
Epinephelus niveatus,Teleostei,Perciformes,Serranidae,16500,16.5,27,AnAge
Epinephelus striatus,Teleostei,Perciformes,Serranidae,13750,13.75,16,AnAge
Mycteroperca interstitialis,Teleostei,Perciformes,Serranidae,5610,5.61,41,AnAge
Mycteroperca phenax,Teleostei,Perciformes,Serranidae,7810,7.81,21,AnAge
Paralabrax clathratus,Teleostei,Perciformes,Serranidae,3850,3.85,31,AnAge
Paralabrax nebulifer,Teleostei,Perciformes,Serranidae,3289,3.289,31,AnAge
Plectropomus leopardus,Teleostei,Perciformes,Serranidae,12980,12.98,26,AnAge
Serranus scriba,Teleostei,Perciformes,Serranidae,8250,8.25,60,AnAge
Sillaginodes punctatus,Teleostei,Perciformes,Sillaginidae,2640,2.64,15,AnAge
Sillago ciliata,Teleostei,Perciformes,Sillaginidae,770,0.77,22,AnAge
Acanthopagrus australis,Teleostei,Perciformes,Sparidae,2475,2.475,12,AnAge
Acanthopagrus butcheri,Teleostei,Perciformes,Sparidae,2200,2.2,29,AnAge
Archosargus probatocephalus,Teleostei,Perciformes,Sparidae,2000,2,20,AnAge
Calamus nodosus,Teleostei,Perciformes,Sparidae,1446.5,1.4465,17,AnAge
Chrysophrys auratus,Teleostei,Perciformes,Sparidae,11000,11,35,AnAge
Diplodus sargus,Teleostei,Perciformes,Sparidae,1000,1,21,AnAge
Lithognathus aureti,Teleostei,Perciformes,Sparidae,10615,10.615,50,AnAge
Pagellus bogaraveo,Teleostei,Perciformes,Sparidae,2200,2.2,15,AnAge
Sparus aurata,Teleostei,Perciformes,Sparidae,9460,9.46,11,AnAge
Spondyliosoma cantharus,Teleostei,Perciformes,Sparidae,671,0.671,15,AnAge
Stenotomus chrysops,Teleostei,Perciformes,Sparidae,1133,1.133,19,AnAge
Sphyraena argentea,Teleostei,Perciformes,Sphyraenidae,6600,6.6,11,AnAge
Sphyraena barracuda,Teleostei,Perciformes,Sphyraenidae,24000,24,14,AnAge
Trichiurus lepturus,Teleostei,Perciformes,Trichiuridae,2750,2.75,15,AnAge
Zoarces americanus,Teleostei,Perciformes,Zoarcidae,2989.8,2.9898,18,AnAge
Zoarces viviparus,Teleostei,Perciformes,Zoarcidae,280.5,0.2805,10,AnAge
Paralichthys californicus,Teleostei,Pleuronectiformes,Paralichthyidae,18150,18.15,30,AnAge
Paralichthys lethostigma,Teleostei,Pleuronectiformes,Paralichthyidae,5131.5,5.1315,8,AnAge
Atheresthes stomias,Teleostei,Pleuronectiformes,Pleuronectidae,1100,1.1,15,AnAge
Eopsetta jordani,Teleostei,Pleuronectiformes,Pleuronectidae,1980,1.98,25,AnAge
Glyptocephalus cynoglossus,Teleostei,Pleuronectiformes,Pleuronectidae,1375,1.375,25,AnAge
Glyptocephalus zachirus,Teleostei,Pleuronectiformes,Pleuronectidae,825,0.825,24,AnAge
Hippoglossoides platessoides,Teleostei,Pleuronectiformes,Pleuronectidae,3520,3.52,30,AnAge
Hippoglossus hippoglossus,Teleostei,Pleuronectiformes,Pleuronectidae,176000,176,90,AnAge
Hippoglossus stenolepis,Teleostei,Pleuronectiformes,Pleuronectidae,199650,199.65,42,AnAge
Limanda aspera,Teleostei,Pleuronectiformes,Pleuronectidae,233.75,0.23375,26,AnAge
Limanda ferruginea,Teleostei,Pleuronectiformes,Pleuronectidae,825,0.825,12,AnAge
Microstomus kitt,Teleostei,Pleuronectiformes,Pleuronectidae,1600,1.6,23,AnAge
Platichthys flesus,Teleostei,Pleuronectiformes,Pleuronectidae,7700,7.7,15,AnAge
Platichthys stellatus,Teleostei,Pleuronectiformes,Pleuronectidae,5005,5.005,24,AnAge
Pleuronectes platessa,Teleostei,Pleuronectiformes,Pleuronectidae,3850,3.85,50,AnAge
Pseudopleuronectes americanus,Teleostei,Pleuronectiformes,Pleuronectidae,1980,1.98,14,AnAge
Reinhardtius hippoglossoides,Teleostei,Pleuronectiformes,Pleuronectidae,3850,3.85,30,AnAge
Scophthalmus maximus,Teleostei,Pleuronectiformes,Scophthalmidae,13750,13.75,26,AnAge
Scophthalmus rhombus,Teleostei,Pleuronectiformes,Scophthalmidae,4400,4.4,6,AnAge
Solea solea,Teleostei,Pleuronectiformes,Soleidae,1650,1.65,27,AnAge
Coregonus albula,Teleostei,Salmoniformes,Salmonidae,550,0.55,10,AnAge
Coregonus artedi,Teleostei,Salmoniformes,Salmonidae,1842,1.842,11,AnAge
Coregonus clupeaformis,Teleostei,Salmoniformes,Salmonidae,10450,10.45,50,AnAge
Coregonus muksun,Teleostei,Salmoniformes,Salmonidae,7590,7.59,23,AnAge
Coregonus nasus,Teleostei,Salmoniformes,Salmonidae,8800,8.8,15,AnAge
Coregonus pollan,Teleostei,Salmoniformes,Salmonidae,247.5,0.2475,10,AnAge
Coregonus reighardi,Teleostei,Salmoniformes,Salmonidae,296.45,0.29645,8,AnAge
Coregonus sardinella,Teleostei,Salmoniformes,Salmonidae,305.25,0.30525,26,AnAge
Hucho hucho,Teleostei,Salmoniformes,Salmonidae,28600,28.6,15,AnAge
Hucho taimen,Teleostei,Salmoniformes,Salmonidae,38500,38.5,16,AnAge
Oncorhynchus clarkii,Teleostei,Salmoniformes,Salmonidae,10230,10.23,10,AnAge
Oncorhynchus gorbuscha,Teleostei,Salmoniformes,Salmonidae,3740,3.74,3,AnAge
Oncorhynchus keta,Teleostei,Salmoniformes,Salmonidae,8745,8.745,7,AnAge
Oncorhynchus kisutch,Teleostei,Salmoniformes,Salmonidae,8360,8.36,5,AnAge
Oncorhynchus mykiss,Teleostei,Salmoniformes,Salmonidae,12235,12.235,11,AnAge
Oncorhynchus nerka,Teleostei,Salmoniformes,Salmonidae,4240.5,4.2405,8,AnAge
Oncorhynchus tshawytscha,Teleostei,Salmoniformes,Salmonidae,33770,33.77,9,AnAge
Prosopium cylindraceum,Teleostei,Salmoniformes,Salmonidae,1498,1.498,16,AnAge
Prosopium williamsoni,Teleostei,Salmoniformes,Salmonidae,1606,1.606,17,AnAge
Salmo salar,Teleostei,Salmoniformes,Salmonidae,25740,25.74,13,AnAge
Salvelinus fontinalis,Teleostei,Salmoniformes,Salmonidae,4397.25,4.39725,24,AnAge
Salvelinus namaycush,Teleostei,Salmoniformes,Salmonidae,17985,17.985,50,AnAge
Stenodus leucichthys,Teleostei,Salmoniformes,Salmonidae,22000,22,22,AnAge
Thymallus arcticus,Teleostei,Salmoniformes,Salmonidae,2103.25,2.10325,18,AnAge
Anoplopoma fimbria,Teleostei,Scorpaeniformes,Anoplopomatidae,31350,31.35,114,AnAge
Myoxocephalus quadricornis,Teleostei,Scorpaeniformes,Cottidae,143,0.143,14,AnAge
Hexagrammos decagrammus,Teleostei,Scorpaeniformes,Hexagrammidae,1155,1.155,12,AnAge
Ophiodon elongatus,Teleostei,Scorpaeniformes,Hexagrammidae,32505,32.505,20,AnAge
Neoplatycephalus richardsoni,Teleostei,Scorpaeniformes,Platycephalidae,1650,1.65,12,AnAge
Helicolenus percoides,Teleostei,Scorpaeniformes,Scorpaenidae,770,0.77,42,AnAge
Sebastes aleutianus,Teleostei,Scorpaeniformes,Scorpaenidae,495,0.495,205,AnAge
Sebastes alutus,Teleostei,Scorpaeniformes,Scorpaenidae,770,0.77,100,AnAge
Sebastes babcocki,Teleostei,Scorpaeniformes,Scorpaenidae,2442,2.442,106,AnAge
Sebastes borealis,Teleostei,Scorpaeniformes,Scorpaenidae,8910,8.91,157,AnAge
Sebastes brevispinis,Teleostei,Scorpaeniformes,Scorpaenidae,2590.5,2.5905,82,AnAge
Sebastes caurinus,Teleostei,Scorpaeniformes,Scorpaenidae,1507,1.507,55,AnAge
Sebastes chlorostictus,Teleostei,Scorpaeniformes,Scorpaenidae,555.5,0.5555,33,AnAge
Sebastes ciliatus,Teleostei,Scorpaeniformes,Scorpaenidae,995.5,0.9955,67,AnAge
Sebastes constellatus,Teleostei,Scorpaeniformes,Scorpaenidae,572,0.572,32,AnAge
Sebastes diploproa,Teleostei,Scorpaeniformes,Scorpaenidae,445.5,0.4455,84,AnAge
Sebastes elongatus,Teleostei,Scorpaeniformes,Scorpaenidae,346.5,0.3465,42,AnAge
Sebastes flavidus,Teleostei,Scorpaeniformes,Scorpaenidae,1380.5,1.3805,64,AnAge
Sebastes goodei,Teleostei,Scorpaeniformes,Scorpaenidae,847,0.847,27,AnAge
Sebastes levis,Teleostei,Scorpaeniformes,Scorpaenidae,7150,7.15,55,AnAge
Sebastes maliger,Teleostei,Scorpaeniformes,Scorpaenidae,1804,1.804,90,AnAge
Sebastes melanops,Teleostei,Scorpaeniformes,Scorpaenidae,2640,2.64,50,AnAge
Sebastes miniatus,Teleostei,Scorpaeniformes,Scorpaenidae,3700,3.7,43,AnAge
Sebastes mystinus,Teleostei,Scorpaeniformes,Scorpaenidae,2084.5,2.0845,44,AnAge
Sebastes nebulosus,Teleostei,Scorpaeniformes,Scorpaenidae,918.5,0.9185,79,AnAge
Sebastes nigrocinctus,Teleostei,Scorpaeniformes,Scorpaenidae,1221,1.221,116,AnAge
Sebastes ovalis,Teleostei,Scorpaeniformes,Scorpaenidae,522.5,0.5225,37,AnAge
Sebastes paucispinis,Teleostei,Scorpaeniformes,Scorpaenidae,5296.5,5.2965,50,AnAge
Sebastes pinniger,Teleostei,Scorpaeniformes,Scorpaenidae,2491.5,2.4915,84,AnAge
Sebastes ruberrimus,Teleostei,Scorpaeniformes,Scorpaenidae,9790,9.79,118,AnAge
Sebastes rubrivinctus,Teleostei,Scorpaeniformes,Scorpaenidae,797.5,0.7975,18,AnAge
Sebastes rufus,Teleostei,Scorpaeniformes,Scorpaenidae,1089,1.089,53,AnAge
Sebastes serranoides,Teleostei,Scorpaeniformes,Scorpaenidae,900,0.9,25,AnAge
Sebastes viviparus,Teleostei,Scorpaeniformes,Scorpaenidae,550,0.55,40,AnAge
Sebastolobus alascanus,Teleostei,Scorpaeniformes,Scorpaenidae,1270.5,1.2705,115,AnAge
Chelidonichthys kumu,Teleostei,Scorpaeniformes,Triglidae,825,0.825,15,AnAge
Chelidonichthys lucernus,Teleostei,Scorpaeniformes,Triglidae,3300,3.3,15,AnAge
Bagrus bajad,Teleostei,Siluriformes,Bagridae,6875,6.875,17,AnAge
Ameiurus catus,Teleostei,Siluriformes,Ictaluridae,5362.5,5.3625,14,AnAge
Ameiurus melas,Teleostei,Siluriformes,Ictaluridae,1995.5,1.9955,10,AnAge
Ameiurus natalis,Teleostei,Siluriformes,Ictaluridae,1278,1.278,7,AnAge
Ictalurus furcatus,Teleostei,Siluriformes,Ictaluridae,37450,37.45,21,AnAge
Ictalurus punctatus,Teleostei,Siluriformes,Ictaluridae,13732.5,13.7325,16,AnAge
Pylodictis olivaris,Teleostei,Siluriformes,Ictaluridae,30717.5,30.7175,20,AnAge
Synodontis schall,Teleostei,Siluriformes,Mochokidae,275,0.275,31,AnAge
Cnidoglanis macrocephalus,Teleostei,Siluriformes,Plotosidae,1375,1.375,13,AnAge
Silurus glanis,Teleostei,Siluriformes,Siluridae,168300,168.3,60,AnAge
Chauliodus macouni,Teleostei,Stomiiformes,Stomiidae,12.87,0.01287,8,AnAge
Nelusetta ayraud,Teleostei,Tetraodontiformes,Monacanthidae,1925,1.925,9,AnAge
Allocyttus niger,Teleostei,Zeiformes,Oreosomatidae,825,0.825,100,AnAge
Allocyttus verrucosus,Teleostei,Zeiformes,Oreosomatidae,1100,1.1,140,AnAge
Neocyttus rhomboidalis,Teleostei,Zeiformes,Oreosomatidae,1100,1.1,100,AnAge
Pseudocyttus maculatus,Teleostei,Zeiformes,Oreosomatidae,2750,2.75,100,AnAge
Zeus faber,Teleostei,Zeiformes,Zeidae,4400,4.4,12,AnAge
