species,class,order,family,mass_kg,specific_mr,specific_mr_units,source
Marpissa bina,Arachnida,Araneae,Salticidae,0.000168,1.2159244,W/kg,AnimalTraits
Phidippus clarus,Arachnida,Araneae,Salticidae,0.00026,1.390039,W/kg,AnimalTraits
Sarinda hentzi,Arachnida,Araneae,Salticidae,4.6e-06,3.4159748,W/kg,AnimalTraits
Zygoballus rufipes,Arachnida,Araneae,Salticidae,3e-06,1.5713484,W/kg,AnimalTraits
Tetranychus cinnabarinus,Arachnida,Trombidiformes,Tetranychidae,4.94e-09,5.2777778,W/kg,AnimalTraits
Phytoseiulus persimilis,Arachnida,Mesostigmata,Phytoseiidae,8.59e-09,11.5,W/kg,AnimalTraits
Pardosa lugubris,Arachnida,Araneae,Lycosidae,2.24e-05,1.5920801,W/kg,AnimalTraits
Pardosa lugubris,Arachnida,Araneae,Lycosidae,2.14e-05,1.5201217,W/kg,AnimalTraits
Marpissa muscosa,Arachnida,Araneae,Salticidae,3.91e-05,1.2682672,W/kg,AnimalTraits
Marpissa muscosa,Arachnida,Araneae,Salticidae,2.75e-05,1.3042464,W/kg,AnimalTraits
Pholcus phalangioideus,Arachnida,Araneae,Pholcidae,2.76e-05,1.3312308,W/kg,AnimalTraits
Pholcus phalangioideus,Arachnida,Araneae,Pholcidae,1.13e-05,1.5471061,W/kg,AnimalTraits
Aphonopelma anax,Arachnida,Araneae,Theraphosidae,0.01319,0.073251219,W/kg,AnimalTraits
Aphonopelma anax,Arachnida,Araneae,Theraphosidae,0.00778,0.16299691,W/kg,AnimalTraits
Damon annulatipes,Arachnida,Amblypygi,Phrynichidae,0.00064,0.48075242,W/kg,AnimalTraits
Metazygia rogenhoferi,Arachnida,Araneae,Araneidae,1.44e-05,3.4722222,W/kg,AnimalTraits
Metazygia rogenhoferi,Arachnida,Araneae,Araneidae,2.35e-05,4.4444444,W/kg,AnimalTraits
Metazygia rogenhoferi,Arachnida,Araneae,Araneidae,1.6e-05,3.8541667,W/kg,AnimalTraits
Metazygia rogenhoferi,Arachnida,Araneae,Araneidae,1.53e-05,3.1953522,W/kg,AnimalTraits
Metazygia rogenhoferi,Arachnida,Araneae,Araneidae,2.45e-05,2.585034,W/kg,AnimalTraits
Metazygia rogenhoferi,Arachnida,Araneae,Araneidae,1.72e-05,3.4237726,W/kg,AnimalTraits
Metazygia rogenhoferi,Arachnida,Araneae,Araneidae,1.4e-05,4.2063492,W/kg,AnimalTraits
Metazygia rogenhoferi,Arachnida,Araneae,Araneidae,2.04e-05,3.8126362,W/kg,AnimalTraits
Metazygia rogenhoferi,Arachnida,Araneae,Araneidae,1.55e-05,3.0824373,W/kg,AnimalTraits
Metazygia rogenhoferi,Arachnida,Araneae,Araneidae,1.79e-05,3.5692117,W/kg,AnimalTraits
Zosis geniculata,Arachnida,Araneae,Uloboridae,3.43e-05,1.7654681,W/kg,AnimalTraits
Zosis geniculata,Arachnida,Araneae,Uloboridae,3.01e-05,1.3473606,W/kg,AnimalTraits
Zosis geniculata,Arachnida,Araneae,Uloboridae,2.48e-05,1.9265233,W/kg,AnimalTraits
Zosis geniculata,Arachnida,Araneae,Uloboridae,2.86e-05,1.7871018,W/kg,AnimalTraits
Zosis geniculata,Arachnida,Araneae,Uloboridae,5.11e-05,2.3157208,W/kg,AnimalTraits
Zosis geniculata,Arachnida,Araneae,Uloboridae,5.32e-05,1.1487051,W/kg,AnimalTraits
Zosis geniculata,Arachnida,Araneae,Uloboridae,3.48e-05,1.2452107,W/kg,AnimalTraits
Zosis geniculata,Arachnida,Araneae,Uloboridae,2.42e-05,1.3314968,W/kg,AnimalTraits
Zosis geniculata,Arachnida,Araneae,Uloboridae,2.8e-05,1.25,W/kg,AnimalTraits
Zosis geniculata,Arachnida,Araneae,Uloboridae,2.74e-05,1.5206813,W/kg,AnimalTraits
Zosis geniculata,Arachnida,Araneae,Uloboridae,2.8e-05,1.8452381,W/kg,AnimalTraits
Zosis geniculata,Arachnida,Araneae,Uloboridae,3.01e-05,2.3071244,W/kg,AnimalTraits
Zosis geniculata,Arachnida,Araneae,Uloboridae,4.43e-05,2.0817657,W/kg,AnimalTraits
Zosis geniculata,Arachnida,Araneae,Uloboridae,2.42e-05,1.8595041,W/kg,AnimalTraits
Zosis geniculata,Arachnida,Araneae,Uloboridae,4.7e-05,1.8794326,W/kg,AnimalTraits
Zosis geniculata,Arachnida,Araneae,Uloboridae,2.45e-05,1.5192744,W/kg,AnimalTraits
Zosis geniculata,Arachnida,Araneae,Uloboridae,2.87e-05,1.3743709,W/kg,AnimalTraits
Zosis geniculata,Arachnida,Araneae,Uloboridae,2.92e-05,1.4649924,W/kg,AnimalTraits
Zosis geniculata,Arachnida,Araneae,Uloboridae,6.37e-05,1.39543,W/kg,AnimalTraits
Zosis geniculata,Arachnida,Araneae,Uloboridae,5.01e-05,1.3750277,W/kg,AnimalTraits
Mecynogea lemniscata,Arachnida,Araneae,Araneidae,4.7e-05,1.2293144,W/kg,AnimalTraits
Micrathena sagittata,Arachnida,Araneae,Araneidae,5.2e-05,0.96153846,W/kg,AnimalTraits
Nephila clavipes,Arachnida,Araneae,Araneidae,0.000848,1.4546091,W/kg,AnimalTraits
Amblyomma americanum,Arachnida,Ixodida,Ixodidae,3.1e-06,0.46296296,W/kg,AnimalTraits
Amblyomma maculatum,Arachnida,Ixodida,Ixodidae,4.5e-06,0.37774093,W/kg,AnimalTraits
Amblyomma cajenense,Arachnida,Ixodida,Ixodidae,7.5e-06,0.24216524,W/kg,AnimalTraits
Dermacentor andersoni,Arachnida,Ixodida,Ixodidae,2.07e-05,0.16389336,W/kg,AnimalTraits
Dermacentor variabilis,Arachnida,Ixodida,Ixodidae,5.6e-06,0.30753968,W/kg,AnimalTraits
Ornithodoros moubata,Arachnida,Ixodida,Argasidae,1.32e-05,0.20634587,W/kg,AnimalTraits
Cilliba cassidea,Arachnida,Mesostigmata,Uropodidae,1.025e-07,1.6467731,W/kg,AnimalTraits
Cilliba cassidea,Arachnida,Mesostigmata,Uropodidae,9.71e-08,1.7787664,W/kg,AnimalTraits
Epicrius mollis,Arachnida,Mesostigmata,Epicriidae,3.95e-08,3.3234019,W/kg,AnimalTraits
Epicrius mollis,Arachnida,Mesostigmata,Epicriidae,5.73e-08,2.5000153,W/kg,AnimalTraits
Pergamasus crassipes,Arachnida,Mesostigmata,Parasitidae,2.88e-07,3.9912249,W/kg,AnimalTraits
Pergamasus crassipes,Arachnida,Mesostigmata,Parasitidae,3.401e-07,6.1424009,W/kg,AnimalTraits
Aphonopelma eutylenum,Arachnida,Araneae,Theraphosidae,0.01503,0.12309624,W/kg,AnimalTraits
Aphonopelma eutylenum,Arachnida,Araneae,Theraphosidae,0.00868,0.50627898,W/kg,AnimalTraits
Loxosceles laeta,Arachnida,Araneae,Sicariidae,9.72e-05,0.74589225,W/kg,AnimalTraits
Loxosceles laeta,Arachnida,Araneae,Sicariidae,9.61e-05,1.0818242,W/kg,AnimalTraits
Loxosceles laeta,Arachnida,Araneae,Sicariidae,0.0001112,1.2547635,W/kg,AnimalTraits
Loxosceles laeta,Arachnida,Araneae,Sicariidae,7.62e-05,0.65524601,W/kg,AnimalTraits
Loxosceles laeta,Arachnida,Araneae,Sicariidae,0.0001979,0.95043713,W/kg,AnimalTraits
Loxosceles laeta,Arachnida,Araneae,Sicariidae,0.0002917,0.60963994,W/kg,AnimalTraits
Loxosceles laeta,Arachnida,Araneae,Sicariidae,0.0003279,1.0033216,W/kg,AnimalTraits
Loxosceles laeta,Arachnida,Araneae,Sicariidae,0.0001655,0.97946031,W/kg,AnimalTraits
Loxosceles laeta,Arachnida,Araneae,Sicariidae,0.0001839,1.245947,W/kg,AnimalTraits
Loxosceles deserta,Arachnida,Araneae,Sicariidae,7.9e-05,0.78786316,W/kg,AnimalTraits
Loxosceles deserta,Arachnida,Araneae,Sicariidae,6.32e-05,0.63851547,W/kg,AnimalTraits
Plectreurys tristis,Arachnida,Araneae,Plectreuridae,0.0003404,0.41994579,W/kg,AnimalTraits
Plectreurys tristis,Arachnida,Araneae,Plectreuridae,8.1e-05,0.7346335,W/kg,AnimalTraits
Plectreurys sp.,Arachnida,Araneae,Plectreuridae,6.47e-05,0.51799825,W/kg,AnimalTraits
Steatoda medialis,Arachnida,Araneae,Theridiidae,2.43e-05,3.4902128,W/kg,AnimalTraits
Latrodectus mactans,Arachnida,Araneae,Theridiidae,0.0003505,2.043126,W/kg,AnimalTraits
Latrodectus mactans,Arachnida,Araneae,Theridiidae,4.82e-05,8.1877631,W/kg,AnimalTraits
Latrodectus mactans,Arachnida,Araneae,Theridiidae,0.000169,3.5574488,W/kg,AnimalTraits
Frontinella pyramitela,Arachnida,Araneae,Linyphiidae,4.6e-06,2.6764009,W/kg,AnimalTraits
Frontinella pyramitela,Arachnida,Araneae,Linyphiidae,4.8e-06,4.7022877,W/kg,AnimalTraits
Frontinella pyramitela,Arachnida,Araneae,Linyphiidae,7.6e-06,5.7597399,W/kg,AnimalTraits
Cyclosa conica,Arachnida,Araneae,Araneidae,1.05e-05,3.7781151,W/kg,AnimalTraits
Cyclosa conica,Arachnida,Araneae,Araneidae,1.08e-05,3.4831761,W/kg,AnimalTraits
Neoscona oacavensis,Arachnida,Araneae,Araneidae,0.0001406,1.138327,W/kg,AnimalTraits
Neoscona oacavensis,Arachnida,Araneae,Araneidae,0.0001931,1.1192866,W/kg,AnimalTraits
Argiope aurantia,Arachnida,Araneae,Araneidae,0.000258,1.5720686,W/kg,AnimalTraits
Argiope aurantia,Arachnida,Araneae,Araneidae,0.000858,1.2204624,W/kg,AnimalTraits
Argiope aurantia,Arachnida,Araneae,Araneidae,0.000853,1.4048229,W/kg,AnimalTraits
Agelenopsis aperta,Arachnida,Araneae,Agelenidae,0.0006325,1.5517718,W/kg,AnimalTraits
Agelenopsis aperta,Arachnida,Araneae,Agelenidae,0.000715,1.6252637,W/kg,AnimalTraits
Agelenopsis aperta,Arachnida,Araneae,Agelenidae,0.0003208,1.134263,W/kg,AnimalTraits
Schizocosa pacifica,Arachnida,Araneae,Lycosidae,0.0005121,1.1272602,W/kg,AnimalTraits
Peucetia viridans,Arachnida,Araneae,Oxyopidae,0.0001616,0.55445516,W/kg,AnimalTraits
Peucetia viridans,Arachnida,Araneae,Oxyopidae,0.0001332,1.966668,W/kg,AnimalTraits
Peucetia longipalpis,Arachnida,Araneae,Oxyopidae,0.0002574,1.0788324,W/kg,AnimalTraits
Zelotes rusticus,Arachnida,Araneae,Gnaphosidae,5.25e-05,0.82076294,W/kg,AnimalTraits
Liocranoides sp.,Arachnida,Araneae,Clubionidae,0.0001455,0.68631953,W/kg,AnimalTraits
Misumenoidea formosipes,Arachnida,Araneae,Thomisidae,4.87e-05,2.415661,W/kg,AnimalTraits
Misumenoidea sp.,Arachnida,Araneae,Thomisidae,2.79e-05,1.1767211,W/kg,AnimalTraits
Misumenoidea sp.,Arachnida,Araneae,Thomisidae,3.6e-05,1.0069545,W/kg,AnimalTraits
Misumenoidea sp.,Arachnida,Araneae,Thomisidae,3e-05,1.55033,W/kg,AnimalTraits
Misumenoidea sp.,Arachnida,Araneae,Thomisidae,4.23e-05,1.0348469,W/kg,AnimalTraits
Metaphidippus vitis,Arachnida,Araneae,Salticidae,5.7e-06,3.1198591,W/kg,AnimalTraits
Menemerus bivittatus,Arachnida,Araneae,Salticidae,2.79e-05,2.4760172,W/kg,AnimalTraits
Phidippus johnsoni,Arachnida,Araneae,Salticidae,0.000173,0.90536953,W/kg,AnimalTraits
Alaskozeres antarcticus,Arachnida,Sarcoptiformes,Ameronothridae,2.2999e-07,3.7699791,W/kg,AnimalTraits
Lycosa howarthi,Arachnida,Araneae,Lycosidae,0.0001844,1.4628349,W/kg,AnimalTraits
Lycosa sp.,Arachnida,Araneae,Lycosidae,0.000123,0.97435313,W/kg,AnimalTraits
Empidonax occidentalis,Aves,Passeriformes,Tyrannidae,0.01172,23.634812,W/kg,AnimalTraits
Parus gambeli,Aves,Passeriformes,Paridae,0.01165,27.982833,W/kg,AnimalTraits
Certhia americana,Aves,Passeriformes,Certhiidae,0.00747,30.38822,W/kg,AnimalTraits
Sitta canadensis,Aves,Passeriformes,Sittidae,0.01038,28.034682,W/kg,AnimalTraits
Sitta carolinensis,Aves,Passeriformes,Sittidae,0.01767,23.203169,W/kg,AnimalTraits
Sialia mexicana,Aves,Passeriformes,Turdidae,0.02368,18.581081,W/kg,AnimalTraits
Catharus guttatus,Aves,Passeriformes,Turdidae,0.02907,19.642243,W/kg,AnimalTraits
Turdus migratorius,Aves,Passeriformes,Turdidae,0.07311,12.91205,W/kg,AnimalTraits
Pipilo chlorurus,Aves,Passeriformes,Emberizidae,0.03025,19.008264,W/kg,AnimalTraits
Junco hyemalis,Aves,Passeriformes,Emberizidae,0.02199,20.372897,W/kg,AnimalTraits
Oreothlypis celata,Aves,Passeriformes,Parulidae,0.00898,29.732739,W/kg,AnimalTraits
Setophaga coronata,Aves,Passeriformes,Parulidae,0.01267,27.229676,W/kg,AnimalTraits
Cardellina rubrifrons,Aves,Passeriformes,Parulidae,0.00999,26.626627,W/kg,AnimalTraits
Piranga ludoviciana,Aves,Passeriformes,Cardinalidae,0.0283,18.091873,W/kg,AnimalTraits
Pachycephala hypoxantha,Aves,Passeriformes,Pachycephalidae,0.02299,17.355372,W/kg,AnimalTraits
Rhipidura albicollis,Aves,Passeriformes,Rhipiduridae,0.01218,25.369458,W/kg,AnimalTraits
Alophoixus ochraceus,Aves,Passeriformes,Pycnonotidae,0.04912,15.472313,W/kg,AnimalTraits
Orthotomus cuculatus,Aves,Passeriformes,Cettiidae,0.00713,31.556802,W/kg,AnimalTraits
Urosphena whiteheadi,Aves,Passeriformes,Cettiidae,0.0104,28.75,W/kg,AnimalTraits
Yuhina everetti,Aves,Passeriformes,Zosteropidae,0.01381,26.430123,W/kg,AnimalTraits
Zosterops atricapilla,Aves,Passeriformes,Zosteropidae,0.00849,27.679623,W/kg,AnimalTraits
Stachyris nigriceps,Aves,Passeriformes,Timaliidae,0.01567,21.952776,W/kg,AnimalTraits
Trichastoma pyrrogenys,Aves,Passeriformes,Pellorneidae,0.01897,20.664207,W/kg,AnimalTraits
Napothera crassa,Aves,Passeriformes,Pellorneidae,0.02779,16.516733,W/kg,AnimalTraits
Rhinomyias gularis,Aves,Passeriformes,Muscicapidae,0.02558,18.021892,W/kg,AnimalTraits
Brachypteryx montana,Aves,Passeriformes,Muscicapidae,0.02027,22.101628,W/kg,AnimalTraits
Enicurus leschenaulti,Aves,Passeriformes,Muscicapidae,0.03569,17.063603,W/kg,AnimalTraits
Myophonus borneensis,Aves,Passeriformes,Muscicapidae,0.11625,12.137634,W/kg,AnimalTraits
Ficedula hyperythra,Aves,Passeriformes,Muscicapidae,0.00844,27.251185,W/kg,AnimalTraits
Aethopyga siparaja,Aves,Passeriformes,Nectariniidae,0.00601,29.284526,W/kg,AnimalTraits
Cossypha caffra,Aves,Passeriformes,Muscicapidae,0.02999,21.773925,W/kg,AnimalTraits
Erythropygia coryphaeus,Aves,Passeriformes,Muscicapidae,0.021,19.142857,W/kg,AnimalTraits
Pycnonotus capensis,Aves,Passeriformes,Pycnonotidae,0.03436,22.875437,W/kg,AnimalTraits
Prinia maculosa,Aves,Passeriformes,Cisticolidae,0.00919,36.779108,W/kg,AnimalTraits
Apalis thoracica,Aves,Passeriformes,Cisticolidae,0.01149,26.718886,W/kg,AnimalTraits
Zosterops virens,Aves,Passeriformes,Zosteropidae,0.01087,37.442502,W/kg,AnimalTraits
Sphenoeacus afer,Aves,Passeriformes,Macrosphenidae,0.02805,16.898396,W/kg,AnimalTraits
Sylvietta rufescens,Aves,Passeriformes,Macrosphenidae,0.01157,28.262748,W/kg,AnimalTraits
Sylvia subcaerulea,Aves,Passeriformes,Sylviidae,0.0132,28.333333,W/kg,AnimalTraits
Serinus flaviventris,Aves,Passeriformes,Fringillidae,0.01605,24.859813,W/kg,AnimalTraits
Serinus albogularis,Aves,Passeriformes,Fringillidae,0.0305,20.983607,W/kg,AnimalTraits
Emberiza capensis,Aves,Passeriformes,Emberizidae,0.0199,23.567839,W/kg,AnimalTraits
Colius colius,Aves,Passeriformes,Coliidae,0.04521,16.036275,W/kg,AnimalTraits
Telophorus zeylonus,Aves,Passeriformes,Malaconotidae,0.06765,16.821877,W/kg,AnimalTraits
Cisticola subruficapilla,Aves,Passeriformes,Cisticolidae,0.01015,29.359606,W/kg,AnimalTraits
Anthoscopus minutus,Aves,Passeriformes,Remizidae,0.0069,32.318841,W/kg,AnimalTraits
Nectarinia chalybea,Aves,Passeriformes,Nectariniidae,0.00808,36.881188,W/kg,AnimalTraits
Hirundo tahitica,Aves,Passeriformes,Hirundinidae,0.01407,16.605556,W/kg,AnimalTraits
Merops viridis,Aves,Coraciiformes,Meropidae,0.03381,11.594444,W/kg,AnimalTraits
Apteryx owenii,Aves,Apterygiformes,Apterygidae,0.666,1.7417417,W/kg,AnimalTraits
Apteryx owenii,Aves,Apterygiformes,Apterygidae,1.525,2.242623,W/kg,AnimalTraits
Apteryx owenii,Aves,Apterygiformes,Apterygidae,1.525,1.6721311,W/kg,AnimalTraits
Apteryx australis,Aves,Apterygiformes,Apterygidae,1.85,1.9351351,W/kg,AnimalTraits
Apteryx australis,Aves,Apterygiformes,Apterygidae,3.07,1.267101,W/kg,AnimalTraits
Apteryx australis,Aves,Apterygiformes,Apterygidae,2.15,1.9209302,W/kg,AnimalTraits
Apteryx australis,Aves,Apterygiformes,Apterygidae,2.08,2.1105769,W/kg,AnimalTraits
Apteryx australis,Aves,Apterygiformes,Apterygidae,2.22,2.045045,W/kg,AnimalTraits
Apteryx australis,Aves,Apterygiformes,Apterygidae,2.68,1.5373134,W/kg,AnimalTraits
Apteryx haasti,Aves,Apterygiformes,Apterygidae,2.21,1.5837104,W/kg,AnimalTraits
Apteryx haasti,Aves,Apterygiformes,Apterygidae,2.87,1.6968641,W/kg,AnimalTraits
Dromaius novaehollandiae,Aves,Casuariiformes,Casuariidae,44.61,1.0316073,W/kg,AnimalTraits
Dromaius novaehollandiae,Aves,Casuariiformes,Casuariidae,38.76,1.003096,W/kg,AnimalTraits
Dromaius novaehollandiae,Aves,Casuariiformes,Casuariidae,35.41,1.1968371,W/kg,AnimalTraits
Dromaius novaehollandiae,Aves,Casuariiformes,Casuariidae,36.92,1.2616468,W/kg,AnimalTraits
Psaltriparus minimus,Aves,Passeriformes,Aegithalidae,0.0055,22,W/kg,AnimalTraits
Drepanis coccinea,Aves,Passeriformes,Fringillidae,0.015,20.675556,W/kg,AnimalTraits
Himatione sanguinea,Aves,Passeriformes,Fringillidae,0.0129,19.157946,W/kg,AnimalTraits
Loxops virens,Aves,Passeriformes,Fringillidae,0.0107,19.47391,W/kg,AnimalTraits
Loxops parva,Aves,Passeriformes,Fringillidae,0.0079,17.788502,W/kg,AnimalTraits
Amazona viridigenalis,Aves,Psittaciformes,Psittacidae,0.3419,5.8886614,W/kg,AnimalTraits
Anas crecca,Aves,Anseriformes,Anatidae,0.25,6.6666667,W/kg,AnimalTraits
Anas querquedula,Aves,Anseriformes,Anatidae,0.289,7.727797,W/kg,AnimalTraits
Aythya nyroca,Aves,Anseriformes,Anatidae,0.44,7.4368687,W/kg,AnimalTraits
Anas penelope,Aves,Anseriformes,Anatidae,0.539,5.818388,W/kg,AnimalTraits
Anas clypeata,Aves,Anseriformes,Anatidae,0.554,6.9995989,W/kg,AnimalTraits
Aythya fuligula,Aves,Anseriformes,Anatidae,0.571,4.7334112,W/kg,AnimalTraits
Anas acuta,Aves,Anseriformes,Anatidae,0.721,6.0525505,W/kg,AnimalTraits
Anas strepera,Aves,Anseriformes,Anatidae,0.791,7.8416912,W/kg,AnimalTraits
Aythya ferina,Aves,Anseriformes,Anatidae,0.816,7.128268,W/kg,AnimalTraits
Anas plathyrhynchos,Aves,Anseriformes,Anatidae,1.236,6.1308882,W/kg,AnimalTraits
Netta rufina,Aves,Anseriformes,Anatidae,1.237,5.7396928,W/kg,AnimalTraits
Loriculus galgulus,Aves,Psittaciformes,Psittaculidae,0.027,19.135802,W/kg,AnimalTraits
Melopsittacus undulatus,Aves,Psittaciformes,Psittaculidae,0.039,15.954416,W/kg,AnimalTraits
Neophema pulchella,Aves,Psittaciformes,Psittaculidae,0.04,14.513889,W/kg,AnimalTraits
Neophema bourkii,Aves,Psittaciformes,Psittaculidae,0.04,13.472222,W/kg,AnimalTraits
Cuculus canorus,Aves,Cuculiformes,Cuculidae,0.128,9.8090278,W/kg,AnimalTraits
Centropus senegalensis,Aves,Cuculiformes,Cuculidae,0.175,8.6190476,W/kg,AnimalTraits
Eudynamys scolopacea,Aves,Cuculiformes,Cuculidae,0.188,8.7470449,W/kg,AnimalTraits
Fulica atra,Aves,Gruiformes,Rallidae,0.754,5.787651,W/kg,AnimalTraits
Tringa ochropus,Aves,Charadriiformes,Scolopacidae,0.09,10.246914,W/kg,AnimalTraits
Buteo buteo,Aves,Accipitriformes,Accipitridae,1.012,3.7110233,W/kg,AnimalTraits
Coturnix chinensis,Aves,Galliformes,Phasianidae,0.049,12.811791,W/kg,AnimalTraits
Coturnix japonica,Aves,Galliformes,Phasianidae,0.115,8.5024155,W/kg,AnimalTraits
Upupa epops,Aves,Bucerotiformes,Upupidae,0.067,8.2504146,W/kg,AnimalTraits
Eudyptula minor,Aves,Sphenisciformes,Spheniscidae,0.96,4.3541667,W/kg,AnimalTraits
Malurus cyaneus,Aves,Passeriformes,Maluridae,0.0087,20.306513,W/kg,AnimalTraits
Malurus lamberti,Aves,Passeriformes,Maluridae,0.0078,23.504274,W/kg,AnimalTraits
Acanthagenys rufogularis,Aves,Passeriformes,Meliphagidae,0.0434,14.592934,W/kg,AnimalTraits
Manorina flavigula,Aves,Passeriformes,Meliphagidae,0.0411,14.841849,W/kg,AnimalTraits
Meliphaga lewinii,Aves,Passeriformes,Meliphagidae,0.0362,14.732965,W/kg,AnimalTraits
Lichenostomus virescens,Aves,Passeriformes,Meliphagidae,0.0207,17.069243,W/kg,AnimalTraits
Acanthorhynchus tenuirostris,Aves,Passeriformes,Meliphagidae,0.0113,24.483776,W/kg,AnimalTraits
Pardalotus punctatus,Aves,Passeriformes,Pardalotidae,0.0078,28.205128,W/kg,AnimalTraits
Sericornis citreogularis,Aves,Passeriformes,Acanthizidae,0.0169,21.499014,W/kg,AnimalTraits
Sericornis frontalis,Aves,Passeriformes,Acanthizidae,0.0132,24.242424,W/kg,AnimalTraits
Sericornis magnirostris,Aves,Passeriformes,Acanthizidae,0.0087,23.371648,W/kg,AnimalTraits
Smicrornis brevirostris,Aves,Passeriformes,Acanthizidae,0.0059,27.683616,W/kg,AnimalTraits
Acanthiza pusilla,Aves,Passeriformes,Acanthizidae,0.0064,34.895833,W/kg,AnimalTraits
Acanthiza uropygialis,Aves,Passeriformes,Acanthizidae,0.0066,26.767677,W/kg,AnimalTraits
Acanthiza chrysorrhoa,Aves,Passeriformes,Acanthizidae,0.0083,26.907631,W/kg,AnimalTraits
Acanthiza lineata,Aves,Passeriformes,Acanthizidae,0.0073,21.917808,W/kg,AnimalTraits
Pomatostomus superciliosus,Aves,Passeriformes,Pomatostomidae,0.0361,9.5106187,W/kg,AnimalTraits
Pomatostomus ruficeps,Aves,Passeriformes,Pomatostomidae,0.0454,9.69163,W/kg,AnimalTraits
Eopsaltria australis,Aves,Passeriformes,Petroicidae,0.0192,18.229167,W/kg,AnimalTraits
Psophodes olivaceus,Aves,Passeriformes,Psophodidae,0.061,11.584699,W/kg,AnimalTraits
Pachycephala pectoralis,Aves,Passeriformes,Pachycephalidae,0.024,15,W/kg,AnimalTraits
Rhipidura fuliginosa,Aves,Passeriformes,Dicruridae,0.0089,18.35206,W/kg,AnimalTraits
Cracticus torquatus,Aves,Passeriformes,Artamidae,0.0937,7.5773746,W/kg,AnimalTraits
Strepera graculina,Aves,Passeriformes,Artamidae,0.3067,6.1406369,W/kg,AnimalTraits
Passer domesticus,Aves,Passeriformes,Passeridae,0.023,13.623188,W/kg,AnimalTraits
Taeniopygia guttata,Aves,Passeriformes,Estrildidae,0.0117,18.233618,W/kg,AnimalTraits
Neochmia temporalis,Aves,Passeriformes,Estrildidae,0.0096,18.402778,W/kg,AnimalTraits
Pycnonotus jocosus,Aves,Passeriformes,Pycnonotidae,0.0329,10.840932,W/kg,AnimalTraits
Zosterops lateralis,Aves,Passeriformes,Zosteropidae,0.0104,20.192308,W/kg,AnimalTraits
Zoothera lunulata,Aves,Passeriformes,Turdidae,0.1132,9.0400471,W/kg,AnimalTraits
Turdus merula,Aves,Passeriformes,Turdidae,0.0851,11.280846,W/kg,AnimalTraits
Sturnus vulgaris,Aves,Passeriformes,Sturnidae,0.0575,10.202899,W/kg,AnimalTraits
Acridotheres tristis,Aves,Passeriformes,Sturnidae,0.1023,8.6347344,W/kg,AnimalTraits
Eudyptes pachyrhynchus,Aves,Spheniscoiformes,Spheniscudae,2.6,2.6652083,W/kg,AnimalTraits
Megadyptes antipodes,Aves,Spheniscoiformes,Spheniscudae,4.8,2.4027257,W/kg,AnimalTraits
Spheniscus humboldti,Aves,Spheniscoiformes,Spheniscudae,3.87,2.4542205,W/kg,AnimalTraits
Calamospiza melanocorys,Aves,Passeriformes,Passerellidae,0.0326,13.944444,W/kg,AnimalTraits
Pygoscelis adeliae,Aves,Spheniscoformes,Spheniscidae,3.5,5.1111111,W/kg,AnimalTraits
Macronectes giganteus,Aves,Procellariiformes,Procellariidae,3.98,4.5555556,W/kg,AnimalTraits
Macronectes giganteus,Aves,Procellariiformes,Procellariidae,3.28,5.0555556,W/kg,AnimalTraits
Leucocarbo atriceps,Aves,Pelecaniformes,Phalacrocoracidae,2.66,5.7222222,W/kg,AnimalTraits
Stercorarius maccormicki,Aves,Charadriiformes,Stercorariidae,1.13,7.2222222,W/kg,AnimalTraits
Phoebastria immutabilis,Aves,Procellariiformes,Diomedediae,2.522,2.9444444,W/kg,AnimalTraits
Pterodroma hypoleuca,Aves,Procellariiformes,Procellariidae,0.169,7.4444444,W/kg,AnimalTraits
Alectoris chukar,Aves,Galliformes,Phasianidae,0.475,4.0555556,W/kg,AnimalTraits
Macronectes giganteus,Aves,Procellariiformes,Procellariidae,4.78,2.794243,W/kg,AnimalTraits
Thalassarche chrysostoma,Aves,Procellariiformes,Diomedeidae,3.753,2.2667052,W/kg,AnimalTraits
Phoebetria fusca,Aves,Procellariiformes,Diomedeidae,2.875,2.8784219,W/kg,AnimalTraits
Procellaria aequinoctialis,Aves,Procellariiformes,Procellariidae,1.287,4.9012202,W/kg,AnimalTraits
Procellaria cinerea,Aves,Procellariiformes,Procellariidae,1.014,4.9423807,W/kg,AnimalTraits
Pterodroma brevirostris,Aves,Procellariiformes,Procellariidae,0.315,5.6216931,W/kg,AnimalTraits
Pterodroma mollis,Aves,Procellariiformes,Procellariidae,0.274,6.3784131,W/kg,AnimalTraits
Pachyptila salvini,Aves,Procellariiformes,Procellariidae,0.165,9.3995511,W/kg,AnimalTraits
Pelecanoides georgicus,Aves,Procellariiformes,Procellariidae,0.127,7.7464275,W/kg,AnimalTraits
Aethopyga christinae,Aves,Passeriformes,Nectariniidae,0.0052,71.472222,W/kg,AnimalTraits
Cinnyris bifasciatus,Aves,Passeriformes,Nectariniidae,0.0062,38.25,W/kg,AnimalTraits
Aethopyga siparaja,Aves,Passeriformes,Nectariniidae,0.0068,58.833333,W/kg,AnimalTraits
Cinnyris venustus,Aves,Passeriformes,Nectariniidae,0.0071,46.166667,W/kg,AnimalTraits
Cinnyris cupreus,Aves,Passeriformes,Nectariniidae,0.0074,54.166667,W/kg,AnimalTraits
Hedydipna collaris,Aves,Passeriformes,Nectariniidae,0.0083,52.138889,W/kg,AnimalTraits
Cyanomitra veroxii,Aves,Passeriformes,Nectariniidae,0.0084,52.972222,W/kg,AnimalTraits
Chalcomitra adelberti,Aves,Passeriformes,Nectariniidae,0.0095,46.833333,W/kg,AnimalTraits
Chalcomitra amethystina,Aves,Passeriformes,Nectariniidae,0.01,40.916667,W/kg,AnimalTraits
Anthreptes orientalis,Aves,Passeriformes,Nectariniidae,0.0118,30.694444,W/kg,AnimalTraits
Chalcomitra senegalensis,Aves,Passeriformes,Nectariniidae,0.0126,31.111111,W/kg,AnimalTraits
Nectarinia tacazze,Aves,Passeriformes,Nectariniidae,0.0135,43.888889,W/kg,AnimalTraits
Nectarinia killmensis,Aves,Passeriformes,Nectariniidae,0.0142,38.638889,W/kg,AnimalTraits
Coturnix pectoralis,Aves,Galliformes,Phasianidae,0.0958,6.6111111,W/kg,AnimalTraits
Coturnix chinensis,Aves,Galliformes,Phasianidae,0.0449,8.1666667,W/kg,AnimalTraits
Lichmera indistincta,Aves,Passeriformes,Meliphagidae,0.0101,20.944444,W/kg,AnimalTraits
Gliciphila melanops,Aves,Passeriformes,Meliphagidae,0.0188,15.5,W/kg,AnimalTraits
Melithreptus lunatus,Aves,Passeriformes,Meliphagidae,0.0143,17.333333,W/kg,AnimalTraits
Phylidonyris novaehollandiae,Aves,Passeriformes,Meliphagidae,0.0174,18.225841,W/kg,AnimalTraits
Acanthorhynchus tenuirostris,Aves,Passeriformes,Meliphagidae,0.0097,25.653876,W/kg,AnimalTraits
Phylidonyris pyrrhopterus,Aves,Passeriformes,Meliphagidae,0.0146,22.038305,W/kg,AnimalTraits
Auriparus flaviceps,Aves,Passeriformes,Remizidae,0.0068,24.111111,W/kg,AnimalTraits
Spizella arborea,Aves,Passeriformes,Passerellidae,0.0166,19.850402,W/kg,AnimalTraits
Junco hyemalis,Aves,Passeriformes,Passerellidae,0.018,16.421991,W/kg,AnimalTraits
Melospiza melodia,Aves,Passeriformes,Passerellidae,0.0186,20.321237,W/kg,AnimalTraits
Zonotrichia albicollis,Aves,Passeriformes,Passerellidae,0.0236,19.506532,W/kg,AnimalTraits
Passerella iliaca,Aves,Passeriformes,Passerellidae,0.0317,17.273791,W/kg,AnimalTraits
Molothrus ater,Aves,Passeriformes,Icteridae,0.0337,15.81726,W/kg,AnimalTraits
Corvus cryptoleucus,Aves,Passeriformes,Corvidae,0.64,5.9815755,W/kg,AnimalTraits
Corvus corax,Aves,Passeriformes,Corvidae,0.866,5.3102723,W/kg,AnimalTraits
Excalfactoria chinensis,Aves,Galliformes,Phasianidae,0.0427,6.8091335,W/kg,AnimalTraits
Colinus virginianus,Aves,Galliformes,Odontophoridae,0.194,5.7450601,W/kg,AnimalTraits
Leptotila verreauxi,Aves,Columbiformes,Columbidae,0.131,6.7693702,W/kg,AnimalTraits
Ceratopipra mentalis,Aves,Passeriformes,Pipridae,0.0145,20.519598,W/kg,AnimalTraits
Manacus vitellinus,Aves,Passeriformes,Pipridae,0.0182,12.993223,W/kg,AnimalTraits
Manacus vitellinus,Aves,Passeriformes,Pipridae,0.015,19.092583,W/kg,AnimalTraits
Xiphorhynchus guttatus,Aves,Passeriformes,Furnariidade,0.0452,9.8739215,W/kg,AnimalTraits
Thamnophilus punctatus,Aves,Passeriformes,Thamnophilidae,0.021,16.268155,W/kg,AnimalTraits
Lonchura malacca,Aves,Passeriformes,Estrildidae,0.0118,11.946798,W/kg,AnimalTraits
Lonchura maja,Aves,Passeriformes,Estrildidae,0.0128,11.890553,W/kg,AnimalTraits
Passer montanus,Aves,Passeriformes,Passeridae,0.0175,11.296296,W/kg,AnimalTraits
Pycnonotus goiavier,Aves,Passeriformes,Pycnonotidae,0.0286,8.5551023,W/kg,AnimalTraits
Arachnothera longirostra,Aves,Passeriformes,Nectariniidae,0.013,14.503205,W/kg,AnimalTraits
Copsychus saularis,Aves,Passeriformes,Muscicapidae,0.0335,6.8995301,W/kg,AnimalTraits
Pycnonotus finlaysoni,Aves,Passeriformes,Pycnonotidae,0.0263,8.5507323,W/kg,AnimalTraits
Malacopteron cinereum,Aves,Passeriformes,Pellorneidae,0.0158,13.368788,W/kg,AnimalTraits
Alophoixus bres,Aves,Passeriformes,Pycnonotidae,0.035,10.14881,W/kg,AnimalTraits
Arachnothera flavigaster,Aves,Passeriformes,Nectariniidae,0.0363,8.2262014,W/kg,AnimalTraits
Hypothymis azurea,Aves,Passeriformes,Monarchidae,0.0108,12.860082,W/kg,AnimalTraits
Chloropsis sonnerati,Aves,Cuculiformes,Chloropseidae,0.0397,9.5333053,W/kg,AnimalTraits
Cacomantis variolosus,Aves,Cuculiformes,Cuculidae,0.0238,5.1062092,W/kg,AnimalTraits
Lanius cristatus,Aves,Passeriformes,Laniidae,0.0268,9.4147319,W/kg,AnimalTraits
Acrocephalus arundinaceus,Aves,Passeriformes,Acrocephalidae,0.0269,9.5088118,W/kg,AnimalTraits
Acrocephalus bistrigiceps,Aves,Passeriformes,Acrocephalidae,0.0219,5.8663115,W/kg,AnimalTraits
Larvivora cyane,Aves,Passeriformes,Muscicapidae,0.0079,21.97609,W/kg,AnimalTraits
Otus scops,Aves,Strigiformes,Strigidae,0.0134,26.430348,W/kg,AnimalTraits
Melanerpes formicivorus,Aves,Piciformes,Picidae,0.0784,35.726096,W/kg,AnimalTraits
Melanerpes formicivorus,Aves,Piciformes,Picidae,0.0867,27.767098,W/kg,AnimalTraits
Melanerpes formicivorus,Aves,Piciformes,Picidae,0.0845,24.38089,W/kg,AnimalTraits
Melanerpes formicivorus,Aves,Piciformes,Picidae,0.0794,22.011148,W/kg,AnimalTraits
Callipepla gambelii,Aves,Galliformes,Odontophoridae,0.145,3.697318,W/kg,AnimalTraits
Callipepla gambelii,Aves,Galliformes,Odontophoridae,0.145,5.0574713,W/kg,AnimalTraits
Ardenna pacificus,Aves,Procellariiformes,Procellariidae,0.3378,4.4444444,W/kg,AnimalTraits
Puffinus nativitatis,Aves,Procellariiformes,Procellariidae,0.3076,4.8333333,W/kg,AnimalTraits
Pterodroma hypoleuca,Aves,Procellariiformes,Procellariidae,0.1674,5.0555556,W/kg,AnimalTraits
Bulweria bulwerii,Aves,Procellariiformes,Procellariidae,0.087,5.8888889,W/kg,AnimalTraits
Phaethon rubricauda,Aves,Phaethontiformes,Phaethontidae,0.5932,5.6666667,W/kg,AnimalTraits
Onychoprion lunatus,Aves,Charadriiformes,Laridae,0.1317,5.3888889,W/kg,AnimalTraits
Gygis alba,Aves,Charadriiformes,Laridae,0.0981,8.3888889,W/kg,AnimalTraits
Anous minutus,Aves,Charadriiformes,Laridae,0.0902,7.1111111,W/kg,AnimalTraits
Ocreatus underwoodii,Aves,Apodiformes,Trochilidae,0.0027,136.94444,W/kg,AnimalTraits
Chlorostilbon mellisugus,Aves,Apodiformes,Trochilidae,0.0029,118.88889,W/kg,AnimalTraits
Orthorhyncus cristatus,Aves,Apodiformes,Trochilidae,0.0029,104.16667,W/kg,AnimalTraits
Orthorhyncus cristatus,Aves,Apodiformes,Trochilidae,0.0029,83.333333,W/kg,AnimalTraits
Archilochus alexandri,Aves,Apodiformes,Trochilidae,0.0029,132.5,W/kg,AnimalTraits
Archilochus alexandri,Aves,Apodiformes,Trochilidae,0.0032,132.77778,W/kg,AnimalTraits
Chaetocercus mulsant,Aves,Apodiformes,Trochilidae,0.0033,123.88889,W/kg,AnimalTraits
Urosticte benjamini,Aves,Apodiformes,Trochilidae,0.0039,76.111111,W/kg,AnimalTraits
Trochilus scitulus,Aves,Apodiformes,Trochilidae,0.004,142.5,W/kg,AnimalTraits
Chrysuronia oenone,Aves,Apodiformes,Trochilidae,0.005,119.72222,W/kg,AnimalTraits
Florisuga mellivora,Aves,Apodiformes,Trochilidae,0.0069,112.22222,W/kg,AnimalTraits
Aglaeactis cupripennis,Aves,Apodiformes,Trochilidae,0.0072,68.611111,W/kg,AnimalTraits
Boissonneaua matthewsii,Aves,Apodiformes,Trochilidae,0.0072,76.666667,W/kg,AnimalTraits
Anthracothorax nigricollis,Aves,Apodiformes,Trochilidae,0.0077,74.444444,W/kg,AnimalTraits
Eugenes fulgens,Aves,Apodiformes,Trochilidae,0.0079,79.166667,W/kg,AnimalTraits
Lampornis clemenciae,Aves,Apodiformes,Trochilidae,0.008,70,W/kg,AnimalTraits
Lampornis clemenciae,Aves,Apodiformes,Trochilidae,0.0083,83.888889,W/kg,AnimalTraits
Oreotrochilus estella,Aves,Apodiformes,Trochilidae,0.0085,80.555556,W/kg,AnimalTraits
Oreotrochilus estella,Aves,Apodiformes,Trochilidae,0.0089,60.277778,W/kg,AnimalTraits
Eulampis jugularis,Aves,Apodiformes,Trochilidae,0.0095,56.666667,W/kg,AnimalTraits
Patagona gigas,Aves,Apodiformes,Trochilidae,0.0175,54.722222,W/kg,AnimalTraits
Onychoprion fuscatus,Aves,Charadriiformes,Laridae,0.1504,5.3888889,W/kg,AnimalTraits
Struthio camelus,Aves,Struthioniformes,Struthionidae,95.4,0.62777778,W/kg,AnimalTraits
Requena verticalis,Insecta,Orthoptera,Tettigonildae,0.000371,1.8179887,W/kg,AnimalTraits
Fidicina mannifera,Insecta,Hemiptera,Cicadidae,0.00284,1.3271373,W/kg,AnimalTraits
Blaberus giganteous,Insecta,Blattodea,Blaberidae,0.00433,0.82936266,W/kg,AnimalTraits
Aphodius fossor,Insecta,Coleoptera,Scarabaeidae,0.0001213,2.2902778,W/kg,AnimalTraits
Paraponera clavata,Insecta,Hymenoptera,Formicidae,0.00019,2.1660064,W/kg,AnimalTraits
Onymacris plana,Insecta,Coleoptera,Tenebrionidae,0.000691,1.8611111,W/kg,AnimalTraits
Onymacris plana,Insecta,Coleoptera,Tenebrionidae,0.000687,0.83444232,W/kg,AnimalTraits
Physadesmia globosa,Insecta,Coleoptera,Tenebrionidae,0.000652,1.0055556,W/kg,AnimalTraits
Physadesmia globosa,Insecta,Coleoptera,Tenebrionidae,0.000743,0.84128202,W/kg,AnimalTraits
Physosterna cribripes,Insecta,Coleoptera,Tenebrionidae,0.001226,1.0611111,W/kg,AnimalTraits
Physosterna cribripes,Insecta,Coleoptera,Tenebrionidae,0.001285,0.79722222,W/kg,AnimalTraits
Physosterna cribripes,Insecta,Coleoptera,Tenebrionidae,0.001226,0.63609128,W/kg,AnimalTraits
Epiphysa arenicola,Insecta,Coleoptera,Tenebrionidae,0.001187,0.75920572,W/kg,AnimalTraits
Pantophthalmus tabaninus,Insecta,Diptera,Pantophthalmidae,0.001746,1.7129949,W/kg,AnimalTraits
Sisyphus fasciculatus,Insecta,Coleoptera,Scarabaeidae,0.000136,1.5333333,W/kg,AnimalTraits
Scarabaeus rusticus,Insecta,Coleoptera,Scarabaeidae,0.000564,0.84444444,W/kg,AnimalTraits
Anachalcos convexus,Insecta,Coleoptera,Scarabaeidae,0.001421,0.61666667,W/kg,AnimalTraits
Scarabaeus flavicornis,Insecta,Coleoptera,Scarabaeidae,0.000322,0.87222222,W/kg,AnimalTraits
Scarabaeus bacchus,Insecta,Coleoptera,Scarabaeidae,0.007285,0.28333333,W/kg,AnimalTraits
Helius waitei,Insecta,Coleoptera,Tenebrionidae,0.000716,1.9202931,W/kg,AnimalTraits
Helius waitei,Insecta,Coleoptera,Tenebrionidae,0.000672,2.4801587,W/kg,AnimalTraits
Helius waitei,Insecta,Coleoptera,Tenebrionidae,0.000704,2.0227763,W/kg,AnimalTraits
Helius waitei,Insecta,Coleoptera,Tenebrionidae,0.000757,1.421914,W/kg,AnimalTraits
Helius waitei,Insecta,Coleoptera,Tenebrionidae,0.000716,1.6459655,W/kg,AnimalTraits
Pterohelaeus sp.,Insecta,Coleoptera,Tenebrionidae,0.000252,1.0912142,W/kg,AnimalTraits
Pterohelaeus sp.,Insecta,Coleoptera,Tenebrionidae,0.000245,1.9557823,W/kg,AnimalTraits
Pterohelaeus sp.,Insecta,Coleoptera,Tenebrionidae,0.000229,1.3509136,W/kg,AnimalTraits
Pterohelaeus sp.,Insecta,Coleoptera,Tenebrionidae,0.000258,1.5342377,W/kg,AnimalTraits
Pterohelaeus sp.,Insecta,Coleoptera,Tenebrionidae,0.00025,1.1785113,W/kg,AnimalTraits
Cerotalis sp.,Insecta,Coleoptera,Carabidae,0.000607,0.7442548,W/kg,AnimalTraits
Cerotalis sp.,Insecta,Coleoptera,Carabidae,0.000562,0.84025306,W/kg,AnimalTraits
Cerotalis sp.,Insecta,Coleoptera,Carabidae,0.000552,0.62270374,W/kg,AnimalTraits
Cerotalis sp.,Insecta,Coleoptera,Carabidae,0.00056,0.50843254,W/kg,AnimalTraits
Cerotalis sp.,Insecta,Coleoptera,Carabidae,0.000558,0.51480668,W/kg,AnimalTraits
Carenum sp.,Insecta,Coleoptera,Carabidae,0.00461,0.57732567,W/kg,AnimalTraits
Carenum sp.,Insecta,Coleoptera,Carabidae,0.00424,0.56996855,W/kg,AnimalTraits
Carenum sp.,Insecta,Coleoptera,Carabidae,0.00439,0.5704639,W/kg,AnimalTraits
Carenum sp.,Insecta,Coleoptera,Carabidae,0.00343,0.59928733,W/kg,AnimalTraits
Callipepla californica,Aves,Galliformes,Odontophoridae,0.1496,5.3333333,W/kg,AnimalTraits
Callipepla californica,Aves,Galliformes,Odontophoridae,0.1274,5.8333333,W/kg,AnimalTraits
Ostrinia nubilalis,Insecta,Lepidoptera,Crambidae,4e-05,10.172311,W/kg,AnimalTraits
Ostrinia nubilalis,Insecta,Lepidoptera,Crambidae,6.65e-05,10.567352,W/kg,AnimalTraits
Ostrinia nubilalis,Insecta,Lepidoptera,Crambidae,3.36e-05,10.122931,W/kg,AnimalTraits
Ostrinia nubilalis,Insecta,Lepidoptera,Crambidae,6.22e-05,8.6909062,W/kg,AnimalTraits
Ostrinia nubilalis,Insecta,Lepidoptera,Crambidae,3.28e-05,7.2095017,W/kg,AnimalTraits
Ostrinia nubilalis,Insecta,Lepidoptera,Crambidae,5.65e-05,5.974998,W/kg,AnimalTraits
Periplaneta americana,Insecta,Blattodea,Blattidae,0.00073,2.8888889,W/kg,AnimalTraits
Blaberus discoidalis,Insecta,Blattodea,Blaberidae,0.00408,0.94444444,W/kg,AnimalTraits
Gromphadorhina chopardi,Insecta,Blattodea,Blaberidae,0.0034,0.77777778,W/kg,AnimalTraits
Eublaberus posticus,Insecta,Blattodea,Blaberidae,0.0022,1.8888889,W/kg,AnimalTraits
Byrsotria fumagata,Insecta,Blattodea,Blaberidae,0.00495,1.1111111,W/kg,AnimalTraits
Camponotus herculeanus,Insecta,Hymenoptera,Formicidae,7.48e-06,14.944444,W/kg,AnimalTraits
Camponotus herculeanus,Insecta,Hymenoptera,Formicidae,1.042e-05,22.833333,W/kg,AnimalTraits
Formica fusca,Insecta,Hymenoptera,Formicidae,1.46e-06,14.722222,W/kg,AnimalTraits
Formica fusca,Insecta,Hymenoptera,Formicidae,1.23e-06,31.111111,W/kg,AnimalTraits
Myrmica alaskensis,Insecta,Hymenoptera,Formicidae,1.15e-06,9.5,W/kg,AnimalTraits
Myrmica alaskensis,Insecta,Hymenoptera,Formicidae,6.7e-07,13.555556,W/kg,AnimalTraits
Leptothorax acerovorum,Insecta,Hymenoptera,Formicidae,3.7e-07,13.611111,W/kg,AnimalTraits
Pogonomymex maricopa,Insecta,Hymenoptera,Formicidae,3.78e-06,9.3333333,W/kg,AnimalTraits
Aphaenogaster cockerelli,Insecta,Hymenoptera,Formicidae,4.72e-06,17.222222,W/kg,AnimalTraits
Camponotus vafer,Insecta,Hymenoptera,Formicidae,4.51e-06,12.833333,W/kg,AnimalTraits
Forelius foetidus,Insecta,Hymenoptera,Formicidae,1e-07,13.222222,W/kg,AnimalTraits
Camponotus sp.,Insecta,Hymenoptera,Formicidae,1.541e-05,5,W/kg,AnimalTraits
Camponotus laevigatus,Insecta,Hymenoptera,Formicidae,1.915e-05,6.0555556,W/kg,AnimalTraits
Formica occulta,Insecta,Hymenoptera,Formicidae,1.3e-06,14.777778,W/kg,AnimalTraits
Lasius sitiens,Insecta,Hymenoptera,Formicidae,2.9e-07,11,W/kg,AnimalTraits
Anthia babaulti,Insecta,Coleoptera,Carabidae,0.001295,2.4513035,W/kg,AnimalTraits
Cypholoba bihamata,Insecta,Coleoptera,Carabidae,0.000245,3.8655171,W/kg,AnimalTraits
Cypholoba tenuicollis,Insecta,Coleoptera,Carabidae,5.9e-05,4.1012193,W/kg,AnimalTraits
Cypholoba tetrastigma,Insecta,Coleoptera,Carabidae,0.000132,5.9868374,W/kg,AnimalTraits
Cypholoba trilunata,Insecta,Coleoptera,Carabidae,0.000213,2.4513035,W/kg,AnimalTraits
Cypholoba sp.,Insecta,Coleoptera,Carabidae,0.000192,4.8083261,W/kg,AnimalTraits
Chilanthia cavernosa,Insecta,Coleoptera,Carabidae,0.001026,1.5084945,W/kg,AnimalTraits
Anthia hexastictum,Insecta,Coleoptera,Carabidae,0.002025,1.1785113,W/kg,AnimalTraits
Cypholoba chanleri,Insecta,Coleoptera,Carabidae,0.000326,2.3570226,W/kg,AnimalTraits
Crepidogaster bioculata,Insecta,Coleoptera,Carabidae,0.000171,1.6499158,W/kg,AnimalTraits
Triaenogenius sculpturatus,Insecta,Coleoptera,Carabidae,0.00017,1.979899,W/kg,AnimalTraits
Calosoma chlorostictum,Insecta,Coleoptera,Carabidae,0.000521,1.5084945,W/kg,AnimalTraits
Calosoma indet,Insecta,Coleoptera,Carabidae,7.9e-05,6.6468037,W/kg,AnimalTraits
Phrynocolus petrosus,Insecta,Coleoptera,Tenebrionidae,0.001109,0.31584103,W/kg,AnimalTraits
Phrynocolus sp.,Insecta,Coleoptera,Tenebrionidae,0.000204,0.92395286,W/kg,AnimalTraits
Vieta muscosa,Insecta,Coleoptera,Tenebrionidae,0.00014,0.95223713,W/kg,AnimalTraits
Pimelia cenchronota,Insecta,Coleoptera,Tenebrionidae,0.001474,0.41483598,W/kg,AnimalTraits
Adesmia baccata,Insecta,Coleoptera,Tenebrionidae,0.000407,0.43369216,W/kg,AnimalTraits
Rhytinota praelonga,Insecta,Coleoptera,Tenebrionidae,0.000105,0.938095,W/kg,AnimalTraits
Zophosis congesta,Insecta,Coleoptera,Tenebrionidae,1.1e-05,0.91923882,W/kg,AnimalTraits
Peristeptus sp.,Insecta,Coleoptera,Tenebrionidae,5.5e-05,0.97580736,W/kg,AnimalTraits
Phrynocolus auriculatus,Insecta,Coleoptera,Tenebrionidae,0.000193,0.86267027,W/kg,AnimalTraits
Vieta bulbifera,Insecta,Coleoptera,Tenebrionidae,0.000479,1.1078006,W/kg,AnimalTraits
Nauphoeta cinerea,Insecta,Blattodea,Blaberidae,0.000515,1.4139177,W/kg,AnimalTraits
Stenodontes molaria,Insecta,Coleoptera,Cerambycidae,0.001798,2.3425439,W/kg,AnimalTraits
Stenodontes molaria,Insecta,Coleoptera,Cerambycidae,0.004089,1.9711865,W/kg,AnimalTraits
Stenodontes sp.,Insecta,Coleoptera,Cerambycidae,0.001043,1.9268262,W/kg,AnimalTraits
Dryoctenes scrupulosa,Insecta,Coleoptera,Cerambycidae,0.001823,1.5262859,W/kg,AnimalTraits
Macrodontia dejeani,Insecta,Coleoptera,Cerambycidae,0.00486,1.5804616,W/kg,AnimalTraits
Xenambyx laticauda,Insecta,Coleoptera,Cerambycidae,0.001217,1.2720766,W/kg,AnimalTraits
Nyssicus setosus,Insecta,Coleoptera,Cerambycidae,0.000996,0.70750873,W/kg,AnimalTraits
Brasilanus batus,Insecta,Coleoptera,Cerambycidae,0.001965,3.1238828,W/kg,AnimalTraits
Oncideres putator,Insecta,Coleoptera,Cerambycidae,0.000681,1.5848522,W/kg,AnimalTraits
Acanthoderes circumflexa,Insecta,Coleoptera,Cerambycidae,0.000139,1.9277503,W/kg,AnimalTraits
Trachysomus peregrinus,Insecta,Coleoptera,Cerambycidae,0.000547,1.0870266,W/kg,AnimalTraits
Eburia sp.,Insecta,Coleoptera,Cerambycidae,0.000715,2.831414,W/kg,AnimalTraits
Eburia sp.,Insecta,Coleoptera,Cerambycidae,0.000449,1.3709849,W/kg,AnimalTraits
Acrocinus longimanus,Insecta,Coleoptera,Cerambycidae,0.005383,3.4098225,W/kg,AnimalTraits
Taeinotes scalaris,Insecta,Coleoptera,Cerambycidae,0.000397,2.3623439,W/kg,AnimalTraits
Pelidnota sp.,Insecta,Coleoptera,Scarabaeidae,0.000937,0.56017676,W/kg,AnimalTraits
Pelidnota sp.,Insecta,Coleoptera,Scarabaeidae,0.001105,1.7243213,W/kg,AnimalTraits
Pelidnota sp.,Insecta,Coleoptera,Scarabaeidae,0.001078,1.0081028,W/kg,AnimalTraits
Pelidnota sp.,Insecta,Coleoptera,Scarabaeidae,0.003879,0.51712556,W/kg,AnimalTraits
Pelidnota sp.,Insecta,Coleoptera,Scarabaeidae,0.005289,0.32562341,W/kg,AnimalTraits
Pelidnota sp.,Insecta,Coleoptera,Scarabaeidae,0.001335,0.93663099,W/kg,AnimalTraits
Strategus aloeus,Insecta,Coleoptera,Scarabaeidae,0.0037,0.84117051,W/kg,AnimalTraits
Strategus aloeus,Insecta,Coleoptera,Scarabaeidae,0.005389,1.0165064,W/kg,AnimalTraits
Strategus aloeus,Insecta,Coleoptera,Scarabaeidae,0.0048,1.250065,W/kg,AnimalTraits
Coeloesis biloba,Insecta,Coleoptera,Scarabaeidae,0.00278,0.66396837,W/kg,AnimalTraits
Coeloesis biloba,Insecta,Coleoptera,Scarabaeidae,0.00469,1.1974112,W/kg,AnimalTraits
Cyclocephala sp.,Insecta,Coleoptera,Scarabaeidae,0.000273,2.8353795,W/kg,AnimalTraits
Cyclocephala sp.,Insecta,Coleoptera,Scarabaeidae,0.000338,2.6608191,W/kg,AnimalTraits
Cyclocephala sp.,Insecta,Coleoptera,Scarabaeidae,0.00017,2.8020221,W/kg,AnimalTraits
Cyclocephala sp.,Insecta,Coleoptera,Scarabaeidae,0.000204,0.99198928,W/kg,AnimalTraits
Anomala sp.,Insecta,Coleoptera,Scarabaeidae,0.0001,1.3491054,W/kg,AnimalTraits
Dyscinetus sp.,Insecta,Coleoptera,Scarabaeidae,0.00039,1.1858191,W/kg,AnimalTraits
Popilius sp.,Insecta,Coleoptera,Passalidae,0.000563,1.3984519,W/kg,AnimalTraits
Nyctobates procerus,Insecta,Coleoptera,Tenebrionidae,0.002198,0.78559879,W/kg,AnimalTraits
Zophobas sp.,Insecta,Coleoptera,Tenebrionidae,0.000535,2.3372007,W/kg,AnimalTraits
Glossina pallidipes,Insecta,Diptera,Glossinidae,2.316e-05,6.5497757,W/kg,AnimalTraits
Glossina pallidipes,Insecta,Diptera,Glossinidae,2.672e-05,5.9424122,W/kg,AnimalTraits
Coptotermes formosanus,Insecta,Blattodea,Rhinotermitidae,3.99e-06,2.5636557,W/kg,AnimalTraits
Reticlitermes flavipes,Insecta,Blattodea,Rhinotermitidae,4.14e-06,4.1928175,W/kg,AnimalTraits
Solenopsis invicta,Insecta,Hymenoptera,Formicidae,2.96e-06,2.2444444,W/kg,AnimalTraits
Rhodnius prolixus,Insecta,Hemiptera,Reduviidae,2e-05,7.7074639,W/kg,AnimalTraits
Anoplolepis steinergroeveri,Insecta,Hymenoptera,Formicidae,9.4e-07,8.4251021,W/kg,AnimalTraits
Anoplolepis steinergroeveri,Insecta,Hymenoptera,Formicidae,9.8e-07,2.5975351,W/kg,AnimalTraits
Anoplolepis steinergroeveri,Insecta,Hymenoptera,Formicidae,1.15e-06,2.8284271,W/kg,AnimalTraits
Anoplolepis steinergroeveri,Insecta,Hymenoptera,Formicidae,1.17e-06,4.3514263,W/kg,AnimalTraits
Anoplolepis steinergroeveri,Insecta,Hymenoptera,Formicidae,1.59e-06,3.1130487,W/kg,AnimalTraits
Anoplolepis steinergroeveri,Insecta,Hymenoptera,Formicidae,1.9e-06,2.7539948,W/kg,AnimalTraits
Anoplolepis steinergroeveri,Insecta,Hymenoptera,Formicidae,2.9e-06,4.2914067,W/kg,AnimalTraits
Anoplolepis steinergroeveri,Insecta,Hymenoptera,Formicidae,3.32e-06,3.2799531,W/kg,AnimalTraits
Anoplolepis steinergroeveri,Insecta,Hymenoptera,Formicidae,4.3e-06,3.683533,W/kg,AnimalTraits
Anoplolepis steinergroeveri,Insecta,Hymenoptera,Formicidae,4.64e-06,2.1030331,W/kg,AnimalTraits
Anoplolepis steinergroeveri,Insecta,Hymenoptera,Formicidae,4.74e-06,2.6852156,W/kg,AnimalTraits
Anoplolepis steinergroeveri,Insecta,Hymenoptera,Formicidae,4.87e-06,2.6425757,W/kg,AnimalTraits
Anoplolepis steinergroeveri,Insecta,Hymenoptera,Formicidae,5.58e-06,2.4837442,W/kg,AnimalTraits
Anoplolepis steinergroeveri,Insecta,Hymenoptera,Formicidae,6.02e-06,3.0539496,W/kg,AnimalTraits
Anoplolepis steinergroeveri,Insecta,Hymenoptera,Formicidae,6.58e-06,2.8585168,W/kg,AnimalTraits
Anoplolepis steinergroeveri,Insecta,Hymenoptera,Formicidae,6.6e-06,2.5712974,W/kg,AnimalTraits
Anoplolepis steinergroeveri,Insecta,Hymenoptera,Formicidae,6.95e-06,2.66564,W/kg,AnimalTraits
Anoplolepis steinergroeveri,Insecta,Hymenoptera,Formicidae,6.97e-06,1.6029106,W/kg,AnimalTraits
Anoplolepis steinergroeveri,Insecta,Hymenoptera,Formicidae,7.11e-06,1.432115,W/kg,AnimalTraits
Anoplolepis steinergroeveri,Insecta,Hymenoptera,Formicidae,7.28e-06,1.767767,W/kg,AnimalTraits
Anoplolepis steinergroeveri,Insecta,Hymenoptera,Formicidae,7.33e-06,1.890763,W/kg,AnimalTraits
Anoplolepis steinergroeveri,Insecta,Hymenoptera,Formicidae,7.48e-06,1.3045553,W/kg,AnimalTraits
Anoplolepis steinergroeveri,Insecta,Hymenoptera,Formicidae,7.87e-06,2.6415425,W/kg,AnimalTraits
Anoplolepis steinergroeveri,Insecta,Hymenoptera,Formicidae,8.3e-06,2.7943497,W/kg,AnimalTraits
Anoplolepis steinergroeveri,Insecta,Hymenoptera,Formicidae,8.8e-06,1.2052956,W/kg,AnimalTraits
Anoplolepis steinergroeveri,Insecta,Hymenoptera,Formicidae,8.9e-06,1.5413339,W/kg,AnimalTraits
Anoplolepis steinergroeveri,Insecta,Hymenoptera,Formicidae,1.024e-05,1.2982039,W/kg,AnimalTraits
Anoplolepis steinergroeveri,Insecta,Hymenoptera,Formicidae,1.048e-05,1.6868005,W/kg,AnimalTraits
Atta columbica,Insecta,Hymenoptera,Formicidae,3.6e-06,4.0555556,W/kg,AnimalTraits
Atta columbica,Insecta,Hymenoptera,Formicidae,4.5e-06,1.9111111,W/kg,AnimalTraits
Atta columbica,Insecta,Hymenoptera,Formicidae,4.5e-06,3.2444444,W/kg,AnimalTraits
Atta columbica,Insecta,Hymenoptera,Formicidae,4.9e-06,2.7142857,W/kg,AnimalTraits
Atta columbica,Insecta,Hymenoptera,Formicidae,7.4e-06,3.0945946,W/kg,AnimalTraits
Atta columbica,Insecta,Hymenoptera,Formicidae,8.3e-06,1.5903614,W/kg,AnimalTraits
Atta columbica,Insecta,Hymenoptera,Formicidae,1.04e-05,2.0480769,W/kg,AnimalTraits
Atta columbica,Insecta,Hymenoptera,Formicidae,1.04e-05,2.2692308,W/kg,AnimalTraits
Atta columbica,Insecta,Hymenoptera,Formicidae,1.14e-05,2.0263158,W/kg,AnimalTraits
Atta columbica,Insecta,Hymenoptera,Formicidae,1.2e-05,1.4916667,W/kg,AnimalTraits
Atta columbica,Insecta,Hymenoptera,Formicidae,1.2e-05,1.575,W/kg,AnimalTraits
Atta columbica,Insecta,Hymenoptera,Formicidae,1.23e-05,3.9756098,W/kg,AnimalTraits
Atta columbica,Insecta,Hymenoptera,Formicidae,1.27e-05,2.0944882,W/kg,AnimalTraits
Atta columbica,Insecta,Hymenoptera,Formicidae,1.35e-05,1.9555556,W/kg,AnimalTraits
Atta columbica,Insecta,Hymenoptera,Formicidae,1.5e-05,1.7133333,W/kg,AnimalTraits
Atta columbica,Insecta,Hymenoptera,Formicidae,1.6e-05,1.04375,W/kg,AnimalTraits
Atta columbica,Insecta,Hymenoptera,Formicidae,1.6e-05,1.475,W/kg,AnimalTraits
Atta columbica,Insecta,Hymenoptera,Formicidae,1.76e-05,1.6988636,W/kg,AnimalTraits
Atta columbica,Insecta,Hymenoptera,Formicidae,1.9e-05,2.7263158,W/kg,AnimalTraits
Atta columbica,Insecta,Hymenoptera,Formicidae,1.92e-05,1.8854167,W/kg,AnimalTraits
Atta columbica,Insecta,Hymenoptera,Formicidae,1.99e-05,1.4974874,W/kg,AnimalTraits
Atta columbica,Insecta,Hymenoptera,Formicidae,2.15e-05,1.5674419,W/kg,AnimalTraits
Atta columbica,Insecta,Hymenoptera,Formicidae,2.22e-05,2.2117117,W/kg,AnimalTraits
Atta columbica,Insecta,Hymenoptera,Formicidae,2.35e-05,2.2340426,W/kg,AnimalTraits
Atta columbica,Insecta,Hymenoptera,Formicidae,2.44e-05,1.2581967,W/kg,AnimalTraits
Atta columbica,Insecta,Hymenoptera,Formicidae,2.67e-05,1.5430712,W/kg,AnimalTraits
Atta columbica,Insecta,Hymenoptera,Formicidae,3.33e-05,1.0960961,W/kg,AnimalTraits
Camponotus fulvopilosus,Insecta,Hymenoptera,Formicidae,1.085e-05,1.6497696,W/kg,AnimalTraits
Camponotus fulvopilosus,Insecta,Hymenoptera,Formicidae,1.386e-05,1.9119769,W/kg,AnimalTraits
Camponotus fulvopilosus,Insecta,Hymenoptera,Formicidae,1.448e-05,1.7748619,W/kg,AnimalTraits
Camponotus fulvopilosus,Insecta,Hymenoptera,Formicidae,1.471e-05,1.692726,W/kg,AnimalTraits
Camponotus fulvopilosus,Insecta,Hymenoptera,Formicidae,2.215e-05,1.3860045,W/kg,AnimalTraits
Camponotus fulvopilosus,Insecta,Hymenoptera,Formicidae,2.269e-05,1.934773,W/kg,AnimalTraits
Camponotus fulvopilosus,Insecta,Hymenoptera,Formicidae,2.338e-05,1.9033362,W/kg,AnimalTraits
Camponotus fulvopilosus,Insecta,Hymenoptera,Formicidae,2.431e-05,1.0859729,W/kg,AnimalTraits
Camponotus fulvopilosus,Insecta,Hymenoptera,Formicidae,2.438e-05,1.7842494,W/kg,AnimalTraits
Camponotus fulvopilosus,Insecta,Hymenoptera,Formicidae,2.746e-05,2.3852877,W/kg,AnimalTraits
Camponotus fulvopilosus,Insecta,Hymenoptera,Formicidae,2.762e-05,1.4373642,W/kg,AnimalTraits
Camponotus fulvopilosus,Insecta,Hymenoptera,Formicidae,3.202e-05,0.87445347,W/kg,AnimalTraits
Camponotus fulvopilosus,Insecta,Hymenoptera,Formicidae,3.351e-05,1.4592659,W/kg,AnimalTraits
Camponotus fulvopilosus,Insecta,Hymenoptera,Formicidae,3.968e-05,1.2525202,W/kg,AnimalTraits
Camponotus fulvopilosus,Insecta,Hymenoptera,Formicidae,4.792e-05,1.3188648,W/kg,AnimalTraits
Camponotus fulvopilosus,Insecta,Hymenoptera,Formicidae,4.917e-05,0.7707952,W/kg,AnimalTraits
Camponotus fulvopilosus,Insecta,Hymenoptera,Formicidae,5.39e-05,1.471243,W/kg,AnimalTraits
Camponotus fulvopilosus,Insecta,Hymenoptera,Formicidae,5.831e-05,0.7391528,W/kg,AnimalTraits
Camponotus fulvopilosus,Insecta,Hymenoptera,Formicidae,5.949e-05,0.82198689,W/kg,AnimalTraits
Camponotus fulvopilosus,Insecta,Hymenoptera,Formicidae,5.966e-05,1.3576936,W/kg,AnimalTraits
Camponotus fulvopilosus,Insecta,Hymenoptera,Formicidae,8.474e-05,1.0018881,W/kg,AnimalTraits
Camponotus fulvopilosus,Insecta,Hymenoptera,Formicidae,8.895e-05,0.9005059,W/kg,AnimalTraits
Camponotus fulvopilosus,Insecta,Hymenoptera,Formicidae,0.00010606,0.81180464,W/kg,AnimalTraits
Camponotus fulvopilosus,Insecta,Hymenoptera,Formicidae,0.0001553,0.46812621,W/kg,AnimalTraits
Camponotus maculatus,Insecta,Hymenoptera,Formicidae,7.7e-06,3.1957553,W/kg,AnimalTraits
Camponotus maculatus,Insecta,Hymenoptera,Formicidae,1.04e-05,2.2165078,W/kg,AnimalTraits
Camponotus maculatus,Insecta,Hymenoptera,Formicidae,1.08e-05,3.1557914,W/kg,AnimalTraits
Camponotus maculatus,Insecta,Hymenoptera,Formicidae,1.09e-05,2.7505805,W/kg,AnimalTraits
Camponotus maculatus,Insecta,Hymenoptera,Formicidae,1.1e-05,2.0956074,W/kg,AnimalTraits
Camponotus maculatus,Insecta,Hymenoptera,Formicidae,1.1e-05,2.7127187,W/kg,AnimalTraits
Camponotus maculatus,Insecta,Hymenoptera,Formicidae,1.11e-05,1.9620621,W/kg,AnimalTraits
Camponotus maculatus,Insecta,Hymenoptera,Formicidae,1.12e-05,2.575889,W/kg,AnimalTraits
Camponotus maculatus,Insecta,Hymenoptera,Formicidae,1.34e-05,2.1107665,W/kg,AnimalTraits
Camponotus maculatus,Insecta,Hymenoptera,Formicidae,1.42e-05,1.4241728,W/kg,AnimalTraits
Camponotus maculatus,Insecta,Hymenoptera,Formicidae,1.51e-05,2.238391,W/kg,AnimalTraits
Camponotus maculatus,Insecta,Hymenoptera,Formicidae,1.52e-05,1.9445436,W/kg,AnimalTraits
Camponotus maculatus,Insecta,Hymenoptera,Formicidae,1.57e-05,2.5221643,W/kg,AnimalTraits
Camponotus maculatus,Insecta,Hymenoptera,Formicidae,1.62e-05,1.5713484,W/kg,AnimalTraits
Camponotus maculatus,Insecta,Hymenoptera,Formicidae,1.66e-05,2.1639171,W/kg,AnimalTraits
Camponotus maculatus,Insecta,Hymenoptera,Formicidae,1.83e-05,1.7233313,W/kg,AnimalTraits
Camponotus maculatus,Insecta,Hymenoptera,Formicidae,1.84e-05,1.9368577,W/kg,AnimalTraits
Camponotus maculatus,Insecta,Hymenoptera,Formicidae,1.87e-05,1.8604093,W/kg,AnimalTraits
Camponotus maculatus,Insecta,Hymenoptera,Formicidae,1.89e-05,1.7883441,W/kg,AnimalTraits
Camponotus maculatus,Insecta,Hymenoptera,Formicidae,1.92e-05,2.2686343,W/kg,AnimalTraits
Camponotus maculatus,Insecta,Hymenoptera,Formicidae,2.17e-05,1.4011793,W/kg,AnimalTraits
Camponotus maculatus,Insecta,Hymenoptera,Formicidae,2.22e-05,1.5479905,W/kg,AnimalTraits
Camponotus maculatus,Insecta,Hymenoptera,Formicidae,2.35e-05,1.6790025,W/kg,AnimalTraits
Camponotus maculatus,Insecta,Hymenoptera,Formicidae,2.36e-05,1.3962363,W/kg,AnimalTraits
Camponotus maculatus,Insecta,Hymenoptera,Formicidae,2.43e-05,1.6528257,W/kg,AnimalTraits
Camponotus maculatus,Insecta,Hymenoptera,Formicidae,2.48e-05,1.4028086,W/kg,AnimalTraits
Camponotus maculatus,Insecta,Hymenoptera,Formicidae,2.54e-05,1.8484996,W/kg,AnimalTraits
Camponotus maculatus,Insecta,Hymenoptera,Formicidae,2.56e-05,1.2153398,W/kg,AnimalTraits
Camponotus maculatus,Insecta,Hymenoptera,Formicidae,2.57e-05,1.2711414,W/kg,AnimalTraits
Camponotus maculatus,Insecta,Hymenoptera,Formicidae,2.7e-05,1.0632791,W/kg,AnimalTraits
Camponotus maculatus,Insecta,Hymenoptera,Formicidae,2.95e-05,0.70470981,W/kg,AnimalTraits
Camponotus maculatus,Insecta,Hymenoptera,Formicidae,2.98e-05,3.2175731,W/kg,AnimalTraits
Camponotus maculatus,Insecta,Hymenoptera,Formicidae,3.07e-05,1.0733282,W/kg,AnimalTraits
Camponotus maculatus,Insecta,Hymenoptera,Formicidae,3.32e-05,0.90731171,W/kg,AnimalTraits
Camponotus maculatus,Insecta,Hymenoptera,Formicidae,3.32e-05,0.94990851,W/kg,AnimalTraits
Camponotus maculatus,Insecta,Hymenoptera,Formicidae,3.39e-05,2.0358001,W/kg,AnimalTraits
Camponotus maculatus,Insecta,Hymenoptera,Formicidae,3.72e-05,0.90479255,W/kg,AnimalTraits
Camponotus maculatus,Insecta,Hymenoptera,Formicidae,3.72e-05,0.77553647,W/kg,AnimalTraits
Camponotus maculatus,Insecta,Hymenoptera,Formicidae,7.17e-05,1.1972491,W/kg,AnimalTraits
Camponotus maculatus,Insecta,Hymenoptera,Formicidae,9.02e-05,1.0536048,W/kg,AnimalTraits
Camponotus maculatus,Insecta,Hymenoptera,Formicidae,0.0001,2.0138401,W/kg,AnimalTraits
Camponotus maculatus,Insecta,Hymenoptera,Formicidae,0.0001061,0.71976939,W/kg,AnimalTraits
Camponotus maculatus,Insecta,Hymenoptera,Formicidae,0.0001066,0.7442531,W/kg,AnimalTraits
Camponotus maculatus,Insecta,Hymenoptera,Formicidae,0.0001075,1.9443792,W/kg,AnimalTraits
Camponotus maculatus,Insecta,Hymenoptera,Formicidae,0.0001102,0.90088741,W/kg,AnimalTraits
Camponotus maculatus,Insecta,Hymenoptera,Formicidae,0.0001106,0.74035231,W/kg,AnimalTraits
Camponotus maculatus,Insecta,Hymenoptera,Formicidae,0.0001117,0.69254684,W/kg,AnimalTraits
Camponotus maculatus,Insecta,Hymenoptera,Formicidae,0.0001119,0.62685427,W/kg,AnimalTraits
Camponotus maculatus,Insecta,Hymenoptera,Formicidae,0.0001206,1.1140157,W/kg,AnimalTraits
Camponotus maculatus,Insecta,Hymenoptera,Formicidae,0.0001292,0.89318751,W/kg,AnimalTraits
Eciton hamatum,Insecta,Hymenoptera,Formicidae,2.06e-06,5.0470052,W/kg,AnimalTraits
Eciton hamatum,Insecta,Hymenoptera,Formicidae,2.82e-06,6.8551798,W/kg,AnimalTraits
Eciton hamatum,Insecta,Hymenoptera,Formicidae,4.53e-06,3.227493,W/kg,AnimalTraits
Eciton hamatum,Insecta,Hymenoptera,Formicidae,5.53e-06,4.200799,W/kg,AnimalTraits
Eciton hamatum,Insecta,Hymenoptera,Formicidae,5.63e-06,3.6068046,W/kg,AnimalTraits
Eciton hamatum,Insecta,Hymenoptera,Formicidae,5.63e-06,4.4435833,W/kg,AnimalTraits
Eciton hamatum,Insecta,Hymenoptera,Formicidae,6e-06,4.5486134,W/kg,AnimalTraits
Eciton hamatum,Insecta,Hymenoptera,Formicidae,6.74e-06,3.2538301,W/kg,AnimalTraits
Eciton hamatum,Insecta,Hymenoptera,Formicidae,8.03e-06,1.8005097,W/kg,AnimalTraits
Eciton hamatum,Insecta,Hymenoptera,Formicidae,8.03e-06,2.8929537,W/kg,AnimalTraits
Eciton hamatum,Insecta,Hymenoptera,Formicidae,8.24e-06,2.4347857,W/kg,AnimalTraits
Eciton hamatum,Insecta,Hymenoptera,Formicidae,8.66e-06,2.1572523,W/kg,AnimalTraits
Eciton hamatum,Insecta,Hymenoptera,Formicidae,9.08e-06,1.7085926,W/kg,AnimalTraits
Eciton hamatum,Insecta,Hymenoptera,Formicidae,9.08e-06,3.9718069,W/kg,AnimalTraits
Eciton hamatum,Insecta,Hymenoptera,Formicidae,9.23e-06,2.1472328,W/kg,AnimalTraits
Eciton hamatum,Insecta,Hymenoptera,Formicidae,9.71e-06,3.0783613,W/kg,AnimalTraits
Eciton hamatum,Insecta,Hymenoptera,Formicidae,1.164e-05,3.0075669,W/kg,AnimalTraits
Eciton hamatum,Insecta,Hymenoptera,Formicidae,1.212e-05,2.3724204,W/kg,AnimalTraits
Eciton hamatum,Insecta,Hymenoptera,Formicidae,1.403e-05,2.639965,W/kg,AnimalTraits
Eciton hamatum,Insecta,Hymenoptera,Formicidae,1.465e-05,4.9345026,W/kg,AnimalTraits
Eciton hamatum,Insecta,Hymenoptera,Formicidae,1.487e-05,3.0589196,W/kg,AnimalTraits
Eciton hamatum,Insecta,Hymenoptera,Formicidae,1.863e-05,3.7102887,W/kg,AnimalTraits
Eciton hamatum,Insecta,Hymenoptera,Formicidae,2.25e-05,3.9962818,W/kg,AnimalTraits
Eciton hamatum,Insecta,Hymenoptera,Formicidae,2.382e-05,3.7611855,W/kg,AnimalTraits
Eciton hamatum,Insecta,Hymenoptera,Formicidae,2.388e-05,3.2245196,W/kg,AnimalTraits
Eciton rufa,Insecta,Hymenoptera,Formicidae,4.2e-06,2.7619048,W/kg,AnimalTraits
Eciton rufa,Insecta,Hymenoptera,Formicidae,5.4e-06,2.8703704,W/kg,AnimalTraits
Eciton rufa,Insecta,Hymenoptera,Formicidae,6.6e-06,2.0757576,W/kg,AnimalTraits
Eciton rufa,Insecta,Hymenoptera,Formicidae,6.6e-06,2.2575758,W/kg,AnimalTraits
Eciton rufa,Insecta,Hymenoptera,Formicidae,6.6e-06,2.0757576,W/kg,AnimalTraits
Eciton rufa,Insecta,Hymenoptera,Formicidae,6.8e-06,1.8235294,W/kg,AnimalTraits
Eciton rufa,Insecta,Hymenoptera,Formicidae,6.8e-06,1.6176471,W/kg,AnimalTraits
Eciton rufa,Insecta,Hymenoptera,Formicidae,7e-06,2.4857143,W/kg,AnimalTraits
Eciton rufa,Insecta,Hymenoptera,Formicidae,8.4e-06,1.8214286,W/kg,AnimalTraits
Eciton rufa,Insecta,Hymenoptera,Formicidae,1.09e-05,1.7522936,W/kg,AnimalTraits
Eciton rufa,Insecta,Hymenoptera,Formicidae,1.09e-05,1.6422018,W/kg,AnimalTraits
Eciton rufa,Insecta,Hymenoptera,Formicidae,1.29e-05,1.8217054,W/kg,AnimalTraits
Eciton rufa,Insecta,Hymenoptera,Formicidae,1.3e-05,2.2384615,W/kg,AnimalTraits
Eciton rufa,Insecta,Hymenoptera,Formicidae,1.31e-05,1.9618321,W/kg,AnimalTraits
Eciton rufa,Insecta,Hymenoptera,Formicidae,1.31e-05,2.0305344,W/kg,AnimalTraits
Eciton rufa,Insecta,Hymenoptera,Formicidae,1.38e-05,1.7391304,W/kg,AnimalTraits
Eciton rufa,Insecta,Hymenoptera,Formicidae,1.68e-05,1.3690476,W/kg,AnimalTraits
Eciton rufa,Insecta,Hymenoptera,Formicidae,1.69e-05,1.8579882,W/kg,AnimalTraits
Eciton rufa,Insecta,Hymenoptera,Formicidae,1.72e-05,1.2151163,W/kg,AnimalTraits
Eciton rufa,Insecta,Hymenoptera,Formicidae,1.93e-05,1.7720207,W/kg,AnimalTraits
Messor capensis,Insecta,Hymenoptera,Formicidae,3.5e-06,4.363859,W/kg,AnimalTraits
Messor capensis,Insecta,Hymenoptera,Formicidae,4.5e-06,1.1627978,W/kg,AnimalTraits
Messor capensis,Insecta,Hymenoptera,Formicidae,4.8e-06,3.3292944,W/kg,AnimalTraits
Messor capensis,Insecta,Hymenoptera,Formicidae,5.9e-06,2.0374263,W/kg,AnimalTraits
Messor capensis,Insecta,Hymenoptera,Formicidae,6.5e-06,6.6794394,W/kg,AnimalTraits
Messor capensis,Insecta,Hymenoptera,Formicidae,6.6e-06,1.3713586,W/kg,AnimalTraits
Messor capensis,Insecta,Hymenoptera,Formicidae,6.6e-06,3.3855416,W/kg,AnimalTraits
Messor capensis,Insecta,Hymenoptera,Formicidae,7.1e-06,1.0158435,W/kg,AnimalTraits
Messor capensis,Insecta,Hymenoptera,Formicidae,7.6e-06,0.40937761,W/kg,AnimalTraits
Messor capensis,Insecta,Hymenoptera,Formicidae,8.1e-06,0.76821477,W/kg,AnimalTraits
Messor capensis,Insecta,Hymenoptera,Formicidae,8.4e-06,0.67343503,W/kg,AnimalTraits
Messor capensis,Insecta,Hymenoptera,Formicidae,9.2e-06,4.4271033,W/kg,AnimalTraits
Messor capensis,Insecta,Hymenoptera,Formicidae,9.5e-06,3.8407063,W/kg,AnimalTraits
Messor capensis,Insecta,Hymenoptera,Formicidae,9.9e-06,0.89995409,W/kg,AnimalTraits
Messor capensis,Insecta,Hymenoptera,Formicidae,9.9e-06,1.7427682,W/kg,AnimalTraits
Messor capensis,Insecta,Hymenoptera,Formicidae,9.9e-06,2.2284577,W/kg,AnimalTraits
Messor capensis,Insecta,Hymenoptera,Formicidae,9.9e-06,2.1856028,W/kg,AnimalTraits
Messor capensis,Insecta,Hymenoptera,Formicidae,1.04e-05,1.3190261,W/kg,AnimalTraits
Messor capensis,Insecta,Hymenoptera,Formicidae,1.05e-05,0.64649763,W/kg,AnimalTraits
Messor capensis,Insecta,Hymenoptera,Formicidae,1.07e-05,0.92518644,W/kg,AnimalTraits
Messor capensis,Insecta,Hymenoptera,Formicidae,1.07e-05,6.9917661,W/kg,AnimalTraits
Messor capensis,Insecta,Hymenoptera,Formicidae,1.09e-05,0.66169625,W/kg,AnimalTraits
Messor capensis,Insecta,Hymenoptera,Formicidae,1.1e-05,4.2297842,W/kg,AnimalTraits
Messor capensis,Insecta,Hymenoptera,Formicidae,1.1e-05,2.0184684,W/kg,AnimalTraits
Messor capensis,Insecta,Hymenoptera,Formicidae,1.14e-05,0.6947014,W/kg,AnimalTraits
Messor capensis,Insecta,Hymenoptera,Formicidae,1.16e-05,2.6577462,W/kg,AnimalTraits
Messor capensis,Insecta,Hymenoptera,Formicidae,1.21e-05,0.82982779,W/kg,AnimalTraits
Messor capensis,Insecta,Hymenoptera,Formicidae,1.22e-05,3.1298169,W/kg,AnimalTraits
Messor capensis,Insecta,Hymenoptera,Formicidae,1.23e-05,2.0005948,W/kg,AnimalTraits
Messor capensis,Insecta,Hymenoptera,Formicidae,1.26e-05,0.48262844,W/kg,AnimalTraits
Messor capensis,Insecta,Hymenoptera,Formicidae,1.29e-05,3.6616072,W/kg,AnimalTraits
Messor capensis,Insecta,Hymenoptera,Formicidae,1.36e-05,3.4835408,W/kg,AnimalTraits
Messor capensis,Insecta,Hymenoptera,Formicidae,1.36e-05,4.4506133,W/kg,AnimalTraits
Messor capensis,Insecta,Hymenoptera,Formicidae,1.37e-05,1.1148545,W/kg,AnimalTraits
Messor capensis,Insecta,Hymenoptera,Formicidae,1.4e-05,5.4447222,W/kg,AnimalTraits
Messor capensis,Insecta,Hymenoptera,Formicidae,1.58e-05,6.2117988,W/kg,AnimalTraits
Messor capensis,Insecta,Hymenoptera,Formicidae,1.63e-05,0.91967262,W/kg,AnimalTraits
Messor capensis,Insecta,Hymenoptera,Formicidae,1.84e-05,5.9258623,W/kg,AnimalTraits
Messor capensis,Insecta,Hymenoptera,Formicidae,1.91e-05,1.0958304,W/kg,AnimalTraits
Messor capensis,Insecta,Hymenoptera,Formicidae,1.95e-05,1.6752991,W/kg,AnimalTraits
Messor capensis,Insecta,Hymenoptera,Formicidae,1.98e-05,3.1141268,W/kg,AnimalTraits
Messor capensis,Insecta,Hymenoptera,Formicidae,2.14e-05,4.9034881,W/kg,AnimalTraits
Messor capensis,Insecta,Hymenoptera,Formicidae,2.33e-05,1.4688398,W/kg,AnimalTraits
Messor capensis,Insecta,Hymenoptera,Formicidae,2.36e-05,3.0141925,W/kg,AnimalTraits
Messor capensis,Insecta,Hymenoptera,Formicidae,2.48e-05,3.4728067,W/kg,AnimalTraits
Messor capensis,Insecta,Hymenoptera,Formicidae,2.55e-05,2.0519961,W/kg,AnimalTraits
Messor capensis,Insecta,Hymenoptera,Formicidae,2.75e-05,1.9953268,W/kg,AnimalTraits
Messor capensis,Insecta,Hymenoptera,Formicidae,3.22e-05,3.517966,W/kg,AnimalTraits
Messor capensis,Insecta,Hymenoptera,Formicidae,4.34e-05,5.1094167,W/kg,AnimalTraits
Messor pergandei,Insecta,Hymenoptera,Formicidae,1.33e-06,3.9874443,W/kg,AnimalTraits
Messor pergandei,Insecta,Hymenoptera,Formicidae,1.55e-06,4.1514011,W/kg,AnimalTraits
Messor pergandei,Insecta,Hymenoptera,Formicidae,1.71e-06,4.2591812,W/kg,AnimalTraits
Messor pergandei,Insecta,Hymenoptera,Formicidae,2.44e-06,2.8979786,W/kg,AnimalTraits
Messor pergandei,Insecta,Hymenoptera,Formicidae,2.54e-06,3.9252778,W/kg,AnimalTraits
Messor pergandei,Insecta,Hymenoptera,Formicidae,2.77e-06,3.9312074,W/kg,AnimalTraits
Messor pergandei,Insecta,Hymenoptera,Formicidae,3.16e-06,2.8194764,W/kg,AnimalTraits
Messor pergandei,Insecta,Hymenoptera,Formicidae,3.18e-06,3.0018684,W/kg,AnimalTraits
Messor pergandei,Insecta,Hymenoptera,Formicidae,3.29e-06,2.8370242,W/kg,AnimalTraits
Messor pergandei,Insecta,Hymenoptera,Formicidae,3.83e-06,2.4001013,W/kg,AnimalTraits
Messor pergandei,Insecta,Hymenoptera,Formicidae,5.27e-06,3.1933855,W/kg,AnimalTraits
Messor pergandei,Insecta,Hymenoptera,Formicidae,5.27e-06,3.1665503,W/kg,AnimalTraits
Messor pergandei,Insecta,Hymenoptera,Formicidae,6.1e-06,2.2604233,W/kg,AnimalTraits
Messor pergandei,Insecta,Hymenoptera,Formicidae,6.24e-06,2.2776997,W/kg,AnimalTraits
Messor pergandei,Insecta,Hymenoptera,Formicidae,6.26e-06,1.9428493,W/kg,AnimalTraits
Messor pergandei,Insecta,Hymenoptera,Formicidae,7.61e-06,1.6818177,W/kg,AnimalTraits
Messor pergandei,Insecta,Hymenoptera,Formicidae,7.88e-06,1.767767,W/kg,AnimalTraits
Messor pergandei,Insecta,Hymenoptera,Formicidae,8.41e-06,2.7998402,W/kg,AnimalTraits
Messor pergandei,Insecta,Hymenoptera,Formicidae,8.63e-06,2.3515602,W/kg,AnimalTraits
Messor pergandei,Insecta,Hymenoptera,Formicidae,8.7e-06,1.6986818,W/kg,AnimalTraits
Messor pergandei,Insecta,Hymenoptera,Formicidae,9.7e-06,2.3254336,W/kg,AnimalTraits
Cicindela repanda,Insecta,Coleoptera,Carabidae,8.5e-05,2.2222222,W/kg,AnimalTraits
Cicindela repanda,Insecta,Coleoptera,Carabidae,5.9e-05,1.5065913,W/kg,AnimalTraits
Cicindela repanda,Insecta,Coleoptera,Carabidae,5.5e-05,2.1212121,W/kg,AnimalTraits
Cicindela repanda,Insecta,Coleoptera,Carabidae,6.9e-05,2.0128824,W/kg,AnimalTraits
Cicindela repanda,Insecta,Coleoptera,Carabidae,4.9e-05,2.4943311,W/kg,AnimalTraits
Myrmecotypus rettenmeyeri,Arachnida,Araneae,Corinnidae,2.18e-05,1.4936419,W/kg,AnimalTraits
Clubiona barroana,Arachnida,Araneae,Clubionidae,3.5e-05,1.4259542,W/kg,AnimalTraits
Camponotus sericeiventris,Insecta,Hymenoptera,Formicidae,4.02e-05,1.8185429,W/kg,AnimalTraits
Leptogenys nitida,Insecta,Hymenoptera,Formicidae,1.71e-06,3.5072496,W/kg,AnimalTraits
Leptogenys nitida,Insecta,Hymenoptera,Formicidae,1.71e-06,3.26,W/kg,AnimalTraits
Leptogenys nitida,Insecta,Hymenoptera,Formicidae,1.71e-06,1.2727922,W/kg,AnimalTraits
Leptogenys nitida,Insecta,Hymenoptera,Formicidae,1.71e-06,2.705,W/kg,AnimalTraits
Leptogenys schwabi,Insecta,Hymenoptera,Formicidae,8.47e-06,0.93338095,W/kg,AnimalTraits
Leptogenys schwabi,Insecta,Hymenoptera,Formicidae,8.47e-06,2.91,W/kg,AnimalTraits
Leptogenys schwabi,Insecta,Hymenoptera,Formicidae,8.47e-06,1.9162594,W/kg,AnimalTraits
Leptogenys schwabi,Insecta,Hymenoptera,Formicidae,8.47e-06,2.37,W/kg,AnimalTraits
Leptogenys attenuata,Insecta,Hymenoptera,Formicidae,5.38e-06,3.99,W/kg,AnimalTraits
Acheta domesticus,Insecta,Orthoperta,Gryllidae,0.000369,3.0388889,W/kg,AnimalTraits
Encoptolophus sordidus,Insecta,Orthoptera,Acrididae,5.82e-05,7.8277778,W/kg,AnimalTraits
Hophlosphyrum griseus,Insecta,Orthoptera,Gryllidae,3.84e-05,1.5466379,W/kg,AnimalTraits
Hophlosphyrum griseus,Insecta,Orthoptera,Gryllidae,4.22e-05,2.0606239,W/kg,AnimalTraits
Hophlosphyrum griseus,Insecta,Orthoptera,Gryllidae,3.62e-05,2.2899381,W/kg,AnimalTraits
Circellium bacchus,Insecta,Coleoptera,Scarabaeidae,0.006836,1.9635752,W/kg,AnimalTraits
Pachylomerus femoralis,Insecta,Coleoptera,Scarabaeidae,0.004915,1.7314283,W/kg,AnimalTraits
Aphodius distinctus,Insecta,Coleoptera,Scarabaeidae,7.8e-06,13.247863,W/kg,AnimalTraits
Aphodius prodromus,Insecta,Coleoptera,Scarabaeidae,1.38e-05,11.916264,W/kg,AnimalTraits
Aphodius contaminatus,Insecta,Coleoptera,Scarabaeidae,1.45e-05,7.816092,W/kg,AnimalTraits
Aphodius rufus,Insecta,Coleoptera,Scarabaeidae,2.09e-05,8.0276449,W/kg,AnimalTraits
Aphodius fimetarius,Insecta,Coleoptera,Scarabaeidae,3.09e-05,5.9690759,W/kg,AnimalTraits
Aphodius rufipes,Insecta,Coleoptera,Scarabaeidae,9.12e-05,7.1759259,W/kg,AnimalTraits
Aphodius fossor,Insecta,Coleoptera,Scarabaeidae,0.0001288,5.7022084,W/kg,AnimalTraits
Periplaneta americana,Insecta,Blattodea,Blattidae,0.0009,1.0717735,W/kg,AnimalTraits
Calosoma affine,Insecta,Coleoptera,Carabidae,0.00062,1.2504024,W/kg,AnimalTraits
Teleogryllus commodus,Insecta,Orthoptera,Gryllidae,0.00095,5.894754,W/kg,AnimalTraits
Manduca rustica,Insecta,Lepidoptera,Sphingidae,0.002916,1.9521394,W/kg,AnimalTraits
Manduca rustica,Insecta,Lepidoptera,Sphingidae,0.002704,3.1294667,W/kg,AnimalTraits
Manduca corallina,Insecta,Lepidoptera,Sphingidae,0.001307,2.1337294,W/kg,AnimalTraits
Manduca corallina,Insecta,Lepidoptera,Sphingidae,0.001294,2.3721617,W/kg,AnimalTraits
Manduca corallina,Insecta,Lepidoptera,Sphingidae,0.001388,1.5218506,W/kg,AnimalTraits
Manduca corallina,Insecta,Lepidoptera,Sphingidae,0.002484,2.2967801,W/kg,AnimalTraits
Manduca lefeburei,Insecta,Lepidoptera,Sphingidae,0.000571,1.7099713,W/kg,AnimalTraits
Protambulyx strigilis,Insecta,Lepidoptera,Sphingidae,0.000901,2.6702385,W/kg,AnimalTraits
Protambulyx strigilis,Insecta,Lepidoptera,Sphingidae,0.001124,2.3391841,W/kg,AnimalTraits
Protambulyx strigilis,Insecta,Lepidoptera,Sphingidae,0.001261,1.6599395,W/kg,AnimalTraits
Erinnyis oenotrus,Insecta,Lepidoptera,Sphingidae,0.000964,3.9587461,W/kg,AnimalTraits
Erinnyis ello,Insecta,Lepidoptera,Sphingidae,0.00121,3.6074824,W/kg,AnimalTraits
Pachylia ficus,Insecta,Lepidoptera,Sphingidae,0.003225,1.674072,W/kg,AnimalTraits
Madoryx oeclus,Insecta,Lepidoptera,Sphingidae,0.001494,4.023776,W/kg,AnimalTraits
Madoryx oeclus,Insecta,Lepidoptera,Sphingidae,0.001904,2.7953269,W/kg,AnimalTraits
Perigonia lusca,Insecta,Lepidoptera,Sphingidae,0.000398,3.4313435,W/kg,AnimalTraits
Perigonia lusca,Insecta,Lepidoptera,Sphingidae,0.000419,4.7824355,W/kg,AnimalTraits
Perigonia lusca,Insecta,Lepidoptera,Sphingidae,0.000858,4.4329463,W/kg,AnimalTraits
Enyo ocypete,Insecta,Lepidoptera,Sphingidae,0.000575,2.0421304,W/kg,AnimalTraits
Enyo ocypete,Insecta,Lepidoptera,Sphingidae,0.000388,3.4375423,W/kg,AnimalTraits
Enyo ocypete,Insecta,Lepidoptera,Sphingidae,0.000397,2.8452226,W/kg,AnimalTraits
Oryba achemenides,Insecta,Lepidoptera,Sphingidae,0.00223,2.2149789,W/kg,AnimalTraits
Oryba achemenides,Insecta,Lepidoptera,Sphingidae,0.003387,2.3175196,W/kg,AnimalTraits
Pachygonia drucei,Insecta,Lepidoptera,Sphingidae,0.000702,2.2272167,W/kg,AnimalTraits
Xylophanes libya,Insecta,Lepidoptera,Sphingidae,0.000559,4.8176377,W/kg,AnimalTraits
Xylophanes chiron,Insecta,Lepidoptera,Sphingidae,0.000708,2.0100418,W/kg,AnimalTraits
Xylophanes pluto,Insecta,Lepidoptera,Sphingidae,0.000876,2.9212839,W/kg,AnimalTraits
Xylophanes pluto,Insecta,Lepidoptera,Sphingidae,0.000782,2.8235978,W/kg,AnimalTraits
Automeris hamata,Insecta,Lepidoptera,Saturniidae,0.000564,3.7339486,W/kg,AnimalTraits
Automeris jacunda,Insecta,Lepidoptera,Saturniidae,0.001083,4.4783562,W/kg,AnimalTraits
Automeris jacunda,Insecta,Lepidoptera,Saturniidae,0.00028,4.1024941,W/kg,AnimalTraits
Automeris jacunda,Insecta,Lepidoptera,Saturniidae,0.000252,3.2921249,W/kg,AnimalTraits
Automeris jacunda,Insecta,Lepidoptera,Saturniidae,0.000254,1.7587245,W/kg,AnimalTraits
Automeris jacunda,Insecta,Lepidoptera,Saturniidae,0.001402,0.77381011,W/kg,AnimalTraits
Automeris jacunda,Insecta,Lepidoptera,Saturniidae,0.001271,1.8075505,W/kg,AnimalTraits
Automeris jacunda,Insecta,Lepidoptera,Saturniidae,0.000412,4.0272596,W/kg,AnimalTraits
Automeris jacunda,Insecta,Lepidoptera,Saturniidae,0.000272,2.8154371,W/kg,AnimalTraits
Automeris fieldi,Insecta,Lepidoptera,Saturniidae,0.000394,2.9154781,W/kg,AnimalTraits
Automeris zugana,Insecta,Lepidoptera,Saturniidae,0.000874,1.6793836,W/kg,AnimalTraits
Automeris zugana,Insecta,Lepidoptera,Saturniidae,0.000576,1.329512,W/kg,AnimalTraits
Automeris zugana,Insecta,Lepidoptera,Saturniidae,0.000294,1.9535686,W/kg,AnimalTraits
Automeris zugana,Insecta,Lepidoptera,Saturniidae,0.000415,4.4594715,W/kg,AnimalTraits
Automerina auletes,Insecta,Lepidoptera,Saturniidae,0.00072,2.659024,W/kg,AnimalTraits
Dirphea agis,Insecta,Lepidoptera,Saturniidae,0.000197,2.5915361,W/kg,AnimalTraits
Hylesia praeda,Insecta,Lepidoptera,Saturniidae,0.000139,8.723129,W/kg,AnimalTraits
Hylesia praeda,Insecta,Lepidoptera,Saturniidae,0.000153,3.3368144,W/kg,AnimalTraits
Hylesia sp.,Insecta,Lepidoptera,Saturniidae,0.000771,2.1520505,W/kg,AnimalTraits
Hylesia sp.,Insecta,Lepidoptera,Saturniidae,0.000332,2.3066232,W/kg,AnimalTraits
Hylesia sp.,Insecta,Lepidoptera,Saturniidae,6.2e-05,15.439494,W/kg,AnimalTraits
Hylesia sp.,Insecta,Lepidoptera,Saturniidae,9.1e-05,6.3115294,W/kg,AnimalTraits
Hylesia sp.,Insecta,Lepidoptera,Saturniidae,6.1e-05,3.1385201,W/kg,AnimalTraits
Hylesia sp.,Insecta,Lepidoptera,Saturniidae,8.8e-05,5.0763185,W/kg,AnimalTraits
Hylesia sp.,Insecta,Lepidoptera,Saturniidae,0.000269,1.6606544,W/kg,AnimalTraits
Hyperchirica nausica,Insecta,Lepidoptera,Saturniidae,0.000216,5.3180479,W/kg,AnimalTraits
Hyperchirica nausica,Insecta,Lepidoptera,Saturniidae,0.000183,2.7897956,W/kg,AnimalTraits
Eacles imperialis,Insecta,Lepidoptera,Saturniidae,0.00112,2.678017,W/kg,AnimalTraits
Eacles imperialis,Insecta,Lepidoptera,Saturniidae,0.000838,3.1984441,W/kg,AnimalTraits
Eacles imperialis,Insecta,Lepidoptera,Saturniidae,0.001357,3.4800491,W/kg,AnimalTraits
Sphingicampa quadrilineata,Insecta,Lepidoptera,Saturniidae,0.000818,2.7539427,W/kg,AnimalTraits
Syssphinx molina,Insecta,Lepidoptera,Saturniidae,0.002205,2.0635473,W/kg,AnimalTraits
Syssphinx molina,Insecta,Lepidoptera,Saturniidae,0.001436,2.2842423,W/kg,AnimalTraits
Syssphinx molina,Insecta,Lepidoptera,Saturniidae,0.00163,3.8055038,W/kg,AnimalTraits
Adeloneivaia subungulata,Insecta,Lepidoptera,Saturniidae,0.000487,4.00983,W/kg,AnimalTraits
Adeloneivaia boisduvalii,Insecta,Lepidoptera,Saturniidae,0.001648,1.2469015,W/kg,AnimalTraits
Adeloneivaia boisduvalii,Insecta,Lepidoptera,Saturniidae,0.001381,1.7282693,W/kg,AnimalTraits
Adeloneivaia boisduvalii,Insecta,Lepidoptera,Saturniidae,0.000427,4.7825068,W/kg,AnimalTraits
Adeloneivaia boisduvalii,Insecta,Lepidoptera,Saturniidae,0.000694,1.9310491,W/kg,AnimalTraits
Adeloneivaia boisduvalii,Insecta,Lepidoptera,Saturniidae,0.00102,1.626697,W/kg,AnimalTraits
Neocossus sp.,Insecta,Lepidoptera,Cossidae,0.001737,4.4124184,W/kg,AnimalTraits
Neocossus sp.,Insecta,Lepidoptera,Cossidae,0.001607,2.4780052,W/kg,AnimalTraits
Neocossus sp.,Insecta,Lepidoptera,Cossidae,0.003107,1.5034996,W/kg,AnimalTraits
Neocossus sp.,Insecta,Lepidoptera,Cossidae,0.000856,1.9979956,W/kg,AnimalTraits
Neocossus sp.,Insecta,Lepidoptera,Cossidae,0.001624,1.0963562,W/kg,AnimalTraits
Neocossus sp.,Insecta,Lepidoptera,Cossidae,0.001146,2.7787497,W/kg,AnimalTraits
Neocossus sp.,Insecta,Lepidoptera,Cossidae,0.001872,1.7795007,W/kg,AnimalTraits
Neocossus sp.,Insecta,Lepidoptera,Cossidae,0.002224,3.3916903,W/kg,AnimalTraits
Megalpyge sp.,Insecta,Lepidoptera,Megalpygidae,0.000627,2.6259452,W/kg,AnimalTraits
Lirimiris sp.,Insecta,Lepidoptera,Notodontidae,0.000564,3.3039787,W/kg,AnimalTraits
Hapigia simplex,Insecta,Lepidoptera,Notodontidae,0.000478,3.497896,W/kg,AnimalTraits
Apetaloides firmiana,Insecta,Lepidoptera,Notodontidae,0.000169,5.1732963,W/kg,AnimalTraits
Euglyphis sp.,Insecta,Lepidoptera,Lasiocampidae,8.7e-05,4.9879622,W/kg,AnimalTraits
Artace sp.,Insecta,Lepidoptera,Lasiocampidae,0.000119,2.2523497,W/kg,AnimalTraits
Artace sp.,Insecta,Lepidoptera,Lasiocampidae,0.000145,2.9487659,W/kg,AnimalTraits
Diceroprocta apache,Insecta,Hemiptera,Cicadidae,0.000622,2.4748737,W/kg,AnimalTraits
Gromphadorhina portentosa,Insecta,Blattodea,Blaberidae,0.00495,1.0555556,W/kg,AnimalTraits
Myrmica rubra,Insecta,Hymenoptera,Formicidae,9.2e-07,7.2777778,W/kg,AnimalTraits
Tetramorium caespitum,Insecta,Hymenoptera,Formicidae,2.3e-07,10.388889,W/kg,AnimalTraits
Camponotus herculeanus,Insecta,Hymenoptera,Formicidae,6.71e-06,11.222222,W/kg,AnimalTraits
Lasius niger,Insecta,Hymenoptera,Formicidae,5.8e-07,10.277778,W/kg,AnimalTraits
Lasius alienus,Insecta,Hymenoptera,Formicidae,4.6e-07,13.055556,W/kg,AnimalTraits
Lasius flavus,Insecta,Hymenoptera,Formicidae,8.6e-07,13.166667,W/kg,AnimalTraits
Formica exsecta,Insecta,Hymenoptera,Formicidae,1.35e-06,16.055556,W/kg,AnimalTraits
Formica pratensis,Insecta,Hymenoptera,Formicidae,2.39e-06,12.944444,W/kg,AnimalTraits
Formica fusca,Insecta,Hymenoptera,Formicidae,1.47e-06,6.5,W/kg,AnimalTraits
Drosophila nikkananu,Insecta,Diptera,Drosophilidae,4.9e-07,21.971356,W/kg,AnimalTraits
Drosophila melanogaster,Insecta,Diptera,Drosophilidae,9.5e-07,25.603477,W/kg,AnimalTraits
Drosophila virilis,Insecta,Diptera,Drosophilidae,1.67e-06,20.006438,W/kg,AnimalTraits
Drosophila mimica,Insecta,Diptera,Drosophilidae,2.44e-06,13.694883,W/kg,AnimalTraits
Camponotus vicinus,Insecta,Hymenoptera,Formicidae,0.0001074,1.3546423,W/kg,AnimalTraits
Onymacris unguicularis,Insecta,Coleoptera,Tenebrionidae,0.000737,0.24444444,W/kg,AnimalTraits
Anax junius,Insecta,Odonata,Aeschnidae,0.001019,4.0093286,W/kg,AnimalTraits
Brachymesia gravida,Insecta,Odonata,Libellulidae,0.000344,4.4536764,W/kg,AnimalTraits
Erythemis simplicicollis,Insecta,Odonata,Libellulidae,0.000263,3.2860898,W/kg,AnimalTraits
Erythrodiplax berenice,Insecta,Odonata,Libellulidae,0.000125,3.4569665,W/kg,AnimalTraits
Erythrodiplax connata,Insecta,Odonata,Libellulidae,5.2e-05,3.6261886,W/kg,AnimalTraits
Erythrodiplax connata,Insecta,Odonata,Libellulidae,4.9e-05,5.5317877,W/kg,AnimalTraits
Erythrodiplax connata,Insecta,Odonata,Libellulidae,4.9e-05,5.6119586,W/kg,AnimalTraits
Libellula auripennis,Insecta,Odonata,Libellulidae,0.000464,2.9632109,W/kg,AnimalTraits
Libellula needhami,Insecta,Odonata,Libellulidae,0.000518,3.1851657,W/kg,AnimalTraits
Libellula spp. (combined),Insecta,Odonata,Libellulidae,0.000419,3.0001879,W/kg,AnimalTraits
Libellula spp. (combined),Insecta,Odonata,Libellulidae,0.000491,3.1202947,W/kg,AnimalTraits
Libellula spp. (combined),Insecta,Odonata,Libellulidae,0.000443,3.5470619,W/kg,AnimalTraits
Miathyria marcella,Insecta,Odonata,Libellulidae,0.000171,4.4108025,W/kg,AnimalTraits
Miathyria marcella,Insecta,Odonata,Libellulidae,0.000184,5.9779559,W/kg,AnimalTraits
Miathyria marcella,Insecta,Odonata,Libellulidae,0.000172,5.9382352,W/kg,AnimalTraits
Pachydiplax longipennis,Insecta,Odonata,Libellulidae,0.0002,2.6666667,W/kg,AnimalTraits
Pachydiplax longipennis,Insecta,Odonata,Libellulidae,0.000186,3.3370033,W/kg,AnimalTraits
Pachydiplax longipennis,Insecta,Odonata,Libellulidae,0.0002,3.8888889,W/kg,AnimalTraits
Pachydiplax longipennis,Insecta,Odonata,Libellulidae,0.00019,3.7216146,W/kg,AnimalTraits
Pachydiplax longipennis,Insecta,Odonata,Libellulidae,0.000187,4.0106952,W/kg,AnimalTraits
Pachydiplax longipennis,Insecta,Odonata,Libellulidae,0.000192,4.3989571,W/kg,AnimalTraits
Pantala flavescens,Insecta,Odonata,Libellulidae,0.000339,4.8670083,W/kg,AnimalTraits
Perithemis tenera,Insecta,Odonata,Libellulidae,6.1e-05,5.3451605,W/kg,AnimalTraits
Tramea carolina,Insecta,Odonata,Libellulidae,0.000383,4.6155795,W/kg,AnimalTraits
Porcellio laevis,Malacostraca,Isopoda,Porcellionidae,1.409e-05,17.885813,W/kg,AnimalTraits
Porcellio laevis,Malacostraca,Isopoda,Porcellionidae,1.799e-05,18.388611,W/kg,AnimalTraits
Trichoniscus pusillus,Malacostraca,Isopoda,Trichoniscidae,6e-07,3.3333333,W/kg,AnimalTraits
Trichoniscus pusillus,Malacostraca,Isopoda,Trichoniscidae,6e-07,3.7037037,W/kg,AnimalTraits
Trichoniscus pusillus,Malacostraca,Isopoda,Trichoniscidae,7e-07,1.9047619,W/kg,AnimalTraits
Trichoniscus pusillus,Malacostraca,Isopoda,Trichoniscidae,6.8e-07,2.2875817,W/kg,AnimalTraits
Trichoniscus pusillus,Malacostraca,Isopoda,Trichoniscidae,6.8e-07,2.2875817,W/kg,AnimalTraits
Trichoniscus pusillus,Malacostraca,Isopoda,Trichoniscidae,7e-07,2.8571429,W/kg,AnimalTraits
Trichoniscus pusillus,Malacostraca,Isopoda,Trichoniscidae,6.8e-07,1.6339869,W/kg,AnimalTraits
Trichoniscus pusillus,Malacostraca,Isopoda,Trichoniscidae,7.8e-07,2.2792023,W/kg,AnimalTraits
Trichoniscus pusillus,Malacostraca,Isopoda,Trichoniscidae,1.2e-06,1.6666667,W/kg,AnimalTraits
Trichoniscus pusillus,Malacostraca,Isopoda,Trichoniscidae,1.17e-06,3.6087369,W/kg,AnimalTraits
Trichoniscus pusillus,Malacostraca,Isopoda,Trichoniscidae,1.2e-06,2.5925926,W/kg,AnimalTraits
Trichoniscus pusillus,Malacostraca,Isopoda,Trichoniscidae,1.2e-06,2.962963,W/kg,AnimalTraits
Trichoniscus pusillus,Malacostraca,Isopoda,Trichoniscidae,1.33e-06,2.1720969,W/kg,AnimalTraits
Trichoniscus pusillus,Malacostraca,Isopoda,Trichoniscidae,1.3e-06,1.8803419,W/kg,AnimalTraits
Trichoniscus pusillus,Malacostraca,Isopoda,Trichoniscidae,1.3e-06,1.1965812,W/kg,AnimalTraits
Trichoniscus pusillus,Malacostraca,Isopoda,Trichoniscidae,1.37e-06,1.459854,W/kg,AnimalTraits
Trichoniscus pusillus,Malacostraca,Isopoda,Trichoniscidae,1.37e-06,3.24412,W/kg,AnimalTraits
Trichoniscus pusillus,Malacostraca,Isopoda,Trichoniscidae,1.5e-06,2.3703704,W/kg,AnimalTraits
Trichoniscus pusillus,Malacostraca,Isopoda,Trichoniscidae,1.6e-06,2.5,W/kg,AnimalTraits
Trichoniscus pusillus,Malacostraca,Isopoda,Trichoniscidae,1.7e-06,4.3137255,W/kg,AnimalTraits
Trichoniscus pusillus,Malacostraca,Isopoda,Trichoniscidae,1.8e-06,3.8271605,W/kg,AnimalTraits
Trichoniscus pusillus,Malacostraca,Isopoda,Trichoniscidae,1.9e-06,5.9649123,W/kg,AnimalTraits
Trichoniscus pusillus,Malacostraca,Isopoda,Trichoniscidae,1.9e-06,3.0409357,W/kg,AnimalTraits
Trichoniscus pusillus,Malacostraca,Isopoda,Trichoniscidae,2e-06,2.7777778,W/kg,AnimalTraits
Trichoniscus pusillus,Malacostraca,Isopoda,Trichoniscidae,2e-06,1.5555556,W/kg,AnimalTraits
Trichoniscus pusillus,Malacostraca,Isopoda,Trichoniscidae,2.1e-06,4.8677249,W/kg,AnimalTraits
Microtus nivalis,Mammalia,Rodentia,Cricetidae,0.0333,21.222222,W/kg,AnimalTraits
Zapus hudsonius,Mammalia,Rodentia,Dipodidae,0.03,8.3333333,W/kg,AnimalTraits
Perognathus californicus,Mammalia,Rodentia,Heteromyodae,0.022,5.3888889,W/kg,AnimalTraits
Myopus schisticolor,Mammalia,Rodentia,Cricetidae,0.0282,19.666667,W/kg,AnimalTraits
Fukomys mechowi,Mammalia,Rodentia,Bathyergidae,0.267,3.3333333,W/kg,AnimalTraits
Microtus breweri,Mammalia,Rodentia,Cricetidae,0.0531,7.7108182,W/kg,AnimalTraits
Microtus pennsylvanicus,Mammalia,Rodentia,Cricetidae,0.0447,9.9925429,W/kg,AnimalTraits
Octomys mimax,Mammalia,Rodentia,Octodontidae,0.1186,5.3888889,W/kg,AnimalTraits
Tympanoctomys barrerae,Mammalia,Rodentia,Octodontidae,0.0518,6.9444444,W/kg,AnimalTraits
Tympanoctomys barrerae,Mammalia,Rodentia,Octodontidae,0.091,5,W/kg,AnimalTraits
Georychus capensis,Mammalia,Rodentia,Bathyergidae,0.1065,8,W/kg,AnimalTraits
Georychus capensis,Mammalia,Rodentia,Bathyergidae,0.1113,5.5555556,W/kg,AnimalTraits
Georychus capensis,Mammalia,Rodentia,Bathyergidae,0.1091,6.1111111,W/kg,AnimalTraits
Georychus capensis,Mammalia,Rodentia,Bathyergidae,0.1129,5,W/kg,AnimalTraits
Georychus capensis,Mammalia,Rodentia,Bathyergidae,0.1121,5.7777778,W/kg,AnimalTraits
Georychus capensis,Mammalia,Rodentia,Bathyergidae,0.1186,6.3333333,W/kg,AnimalTraits
Georychus capensis,Mammalia,Rodentia,Bathyergidae,0.1192,6.4444444,W/kg,AnimalTraits
Georychus capensis,Mammalia,Rodentia,Bathyergidae,0.1159,6.8888889,W/kg,AnimalTraits
Georychus capensis,Mammalia,Rodentia,Bathyergidae,0.28,8.5,W/kg,AnimalTraits
Gerbillus allenbyi,Mammalia,Rodentia,Muridae,0.0353,6.1111111,W/kg,AnimalTraits
Gerbillus nanus,Mammalia,Rodentia,Muridae,0.0284,4.3333333,W/kg,AnimalTraits
Cryptomys sp.,Mammalia,Rodentia,Bathyergidae,0.0819,6.2222222,W/kg,AnimalTraits
Fukomys damarensis,Mammalia,Rodentia,Bathyergidae,0.124,3.1666667,W/kg,AnimalTraits
Aepyprymnus rufescens,Mammalia,Diprotodontia,Potoroidae,2.82,2.12,W/kg,AnimalTraits
Eutamias minimus borealis,Mammalia,Rodentia,Sciuridae,0.0493,10.141988,W/kg,AnimalTraits
Eutamias minimus oreocetes,Mammalia,Rodentia,Sciuridae,0.0458,9.7040272,W/kg,AnimalTraits
Eutamias amoenus luteiventris,Mammalia,Rodentia,Sciuridae,0.0573,8.5320923,W/kg,AnimalTraits
Otospermophilus beecheyi,Mammalia,Rodentia,Sciuridae,0.5996,2.9444444,W/kg,AnimalTraits
Erinaceus concolor,Mammalia,Eulipotyphla,Erinaceidae,0.8227,2.3444444,W/kg,AnimalTraits
Spalax ehrenbergi,Mammalia,Rodentia,Spalacidae,0.104,5.7222222,W/kg,AnimalTraits
Spalax ehrenbergi,Mammalia,Rodentia,Spalacidae,0.128,4.7777778,W/kg,AnimalTraits
Spalax ehrenbergi,Mammalia,Rodentia,Spalacidae,0.117,4.7222222,W/kg,AnimalTraits
Spalax ehrenbergi,Mammalia,Rodentia,Spalacidae,0.124,4.8333333,W/kg,AnimalTraits
Spalax ehrenbergi,Mammalia,Rodentia,Spalacidae,0.121,3.4444444,W/kg,AnimalTraits
Rhinonicteris aurantia,Mammalia,Chiroptera,Hipposideridae,0.00827,10.888889,W/kg,AnimalTraits
Miniopterus schreibersii,Mammalia,Chiroptera,Miniopteridae,0.01091,13.222222,W/kg,AnimalTraits
Miniopterus gigas,Mammalia,Chiroptera,Miniopteridae,0.1072,4.8888889,W/kg,AnimalTraits
Elephantulus rozeti,Mammalia,Macroscelidea,Macroscelididae,0.04531,5.8611111,W/kg,AnimalTraits
Elephantulus myurus,Mammalia,Macroscelidea,Macroscelididae,0.06297,5.85,W/kg,AnimalTraits
Macroderma gigas,Mammalia,Chiroptera,Megadermatidae,0.15,5.2222222,W/kg,AnimalTraits
Perognathus longimembris,Mammalia,Rodentia,Heteromyidae,0.00823,5.9444444,W/kg,AnimalTraits
Perognathus hispidus,Mammalia,Rodentia,Heteromyidae,0.0395,6.9444444,W/kg,AnimalTraits
Tamias striatus,Mammalia,Rodentia,Sciuridae,0.0874,5.7222222,W/kg,AnimalTraits
Cynomys ludovicianus,Mammalia,Rodentia,Sciuridae,1.1123,2.1277233,W/kg,AnimalTraits
Tragulus javanicus,Mammalia,Artiodactyla,Tragulidae,1.613,5.6277778,W/kg,AnimalTraits
Tragulus javanicus,Mammalia,Artiodactyla,Tragulidae,1.613,5.55,W/kg,AnimalTraits
Equus Asinus,Mammalia,Perissodactyla,Equidae,105.5,1.9966667,W/kg,AnimalTraits
Lama glama,Mammalia,Artiodactyla,Camelidae,115,1.28,W/kg,AnimalTraits
Madoqua kirkii,Mammalia,Artiodactyla,Bovidae,3.97,2.8888889,W/kg,AnimalTraits
Microtus oeconomus,Mammalia,Rodentia,Cricetidae,0.032,17.5,W/kg,AnimalTraits
Dicrostonyx groenlandicus,Mammalia,Rodentia,Cricetidae,0.047,10.921986,W/kg,AnimalTraits
Lemmus trimucronatus,Mammalia,Rodentia,Cricetidae,0.064,13.697917,W/kg,AnimalTraits
Mustela rixosa,Mammalia,Carnivora,Mustelidae,0.075,12.222222,W/kg,AnimalTraits
Citellus undulatus,Mammalia,Rodentia,Sciuridae,0.68,4.8039216,W/kg,AnimalTraits
Vulpes lagopus,Mammalia,Carnivora,Canidae,3.6,2.1203704,W/kg,AnimalTraits
Ictidomys tridecemlineatus,Mammalia,Rodentia,Sciuridae,0.2338,4.3,W/kg,AnimalTraits
Cricetomys gambianus,Mammalia,Rodentia,Nesomyidae,1.8709,3.3888889,W/kg,AnimalTraits
Abrothrix andinus,Mammalia,Rodentia,Cricetidae,0.0346,10.388889,W/kg,AnimalTraits
Abrothrix longipilis,Mammalia,Rodentia,Cricetidae,0.0423,7.5555556,W/kg,AnimalTraits
Abrothrix olivaceus,Mammalia,Rodentia,Cricetidae,0.027,10.166667,W/kg,AnimalTraits
Auliscomys boliviensis,Mammalia,Rodentia,Cricetidae,0.0768,8,W/kg,AnimalTraits
Auliscomys micropus,Mammalia,Rodentia,Cricetidae,0.0623,8.7222222,W/kg,AnimalTraits
Eligmodontia typus,Mammalia,Rodentia,Cricetidae,0.0175,9.5,W/kg,AnimalTraits
Oryzomys longicaudatus,Mammalia,Rodentia,Cricetidae,0.0282,10.055556,W/kg,AnimalTraits
Phyllotis darwini,Mammalia,Rodentia,Cricetidae,0.059,6.7222222,W/kg,AnimalTraits
Myotomys unisulcatus,Mammalia,Rodentia,Muridae,0.096,6.1666667,W/kg,AnimalTraits
Parotomys brantsii,Mammalia,Rodentia,Muridae,0.0865,5.3888889,W/kg,AnimalTraits
Peropteryx macrotis,Mammalia,Chrioptera,Emballonuridae,0.0051,12.833333,W/kg,AnimalTraits
Natalus tumidirostris,Mammalia,Chrioptera,Natalidae,0.0054,8.5555556,W/kg,AnimalTraits
Mystromys albicaudatus,Mammalia,Rodentia,Nesomyidae,0.09378,7.5111111,W/kg,AnimalTraits
Peromyscus pirrensis,Mammalia,Rodentia,Cricetidae,0.1277,5.3333333,W/kg,AnimalTraits
Peromyscus pirrensis,Mammalia,Rodentia,Cricetidae,0.1743,4.7222222,W/kg,AnimalTraits
Peromyscus pirrensis,Mammalia,Rodentia,Cricetidae,0.1397,4.5,W/kg,AnimalTraits
Peromyscus pirrensis,Mammalia,Rodentia,Cricetidae,0.1126,5.4444444,W/kg,AnimalTraits
Peromyscus pirrensis,Mammalia,Rodentia,Cricetidae,0.1298,4.6666667,W/kg,AnimalTraits
Peromyscus pirrensis,Mammalia,Rodentia,Cricetidae,0.1436,4.6666667,W/kg,AnimalTraits
Tamiasciurus hudsonicus,Mammalia,Rodentia,Sciuridae,0.224,6.0555556,W/kg,AnimalTraits
Tamiasciurus hudsonicus,Mammalia,Rodentia,Sciuridae,0.231,6.2777778,W/kg,AnimalTraits
Raphicerus campestris,Mammalia,Artiodactyla,Bovidae,9.55,2.1388889,W/kg,AnimalTraits
Cephalophus monticola,Mammalia,Artiodactyla,Bovidae,4.15,2.3888889,W/kg,AnimalTraits
Tatera afra,Mammalia,Rodentia,Muridae,0.1483,9.5,W/kg,AnimalTraits
Macroscelides proboscideus,Mammalia,Macroscelidea,Macroscelididae,0.039,7.4444444,W/kg,AnimalTraits
Petrodromus tetradactylus,Mammalia,Macroscelidea,Macroscelididae,0.20611,4.8388889,W/kg,AnimalTraits
Elephantulus intufi,Mammalia,Macroscelidea,Macroscelididae,0.04649,6.2138889,W/kg,AnimalTraits
Elephantulus brachyrhynchus,Mammalia,Macroscelidea,Macroscelididae,0.0453,5.3605556,W/kg,AnimalTraits
Geomys bursarius,Mammalia,Rodentia,Geomyidae,0.197,3.8888889,W/kg,AnimalTraits
Ochrotomys nuttalli,Mammalia,Rodentia,Cricetidae,0.0195,7.7222222,W/kg,AnimalTraits
Herpestes auropunctatus,Mammalia,Carnivora,Herpestidae,0.611,3.6666667,W/kg,AnimalTraits
Phyllotis rupestris,Mammalia,Rodentia,Cricetidae,0.0555,5.6666667,W/kg,AnimalTraits
Phyllotis magister,Mammalia,Rodentia,Cricetidae,0.0628,6.3888889,W/kg,AnimalTraits
Phyllotis darwini,Mammalia,Rodentia,Cricetidae,0.0762,6.2222222,W/kg,AnimalTraits
Octodontomys gliroides,Mammalia,Rodentia,Octodontidae,0.152,4.7777778,W/kg,AnimalTraits
Octodon degus,Mammalia,Rodentia,Octodontidae,0.206,5.1666667,W/kg,AnimalTraits
Trichomys apereoides,Mammalia,Rodentia,Echimyidae,0.323,3.5555556,W/kg,AnimalTraits
Chinchilla lanigera,Mammalia,Rodentia,Chinchillidae,0.426,2.9444444,W/kg,AnimalTraits
Kerodon rupestris,Mammalia,Rodentia,Caviidae,0.801,2.2777778,W/kg,AnimalTraits
Myoprocta acouchy,Mammalia,Rodentia,Dasyproctidae,0.914,3.0555556,W/kg,AnimalTraits
Dolichotis salinicola,Mammalia,Rodentia,Caviidae,1.613,2.5,W/kg,AnimalTraits
Dasyprocta leporina,Mammalia,Rodentia,Dasyproctidae,2.687,3.2222222,W/kg,AnimalTraits
Dasyprocta azarae,Mammalia,Rodentia,Dasyproctidae,3.849,2.7222222,W/kg,AnimalTraits
Agouti paca,Mammalia,Rodentia,Cuniculidae,9.156,1.6666667,W/kg,AnimalTraits
Hydrochaeris hydrochaeris,Mammalia,Rodentia,Caviidae,26.4,1.3888889,W/kg,AnimalTraits
Condylura cristata,Mammalia,Eulipotyphla,Talpidae,0.049,12.5,W/kg,AnimalTraits
Otomys sloggetti,Mammalia,Rodentia,Muridae,0.11329,6.5555556,W/kg,AnimalTraits
Nyctophilus major,Mammalia,Chiroptera,Vespertilionidae,0.0136,8.3333333,W/kg,AnimalTraits
Zaglossus bruijni,Mammalia,Monotremata,Tachyglossidae,13.63,0.45,W/kg,AnimalTraits
Tachyglossus aculeatus,Mammalia,Monotremata,Tachyglossidae,3.43,0.73333333,W/kg,AnimalTraits
Ornithorhynchus anatinus,Mammalia,Monotremata,Ornithorhynchisae,1.32,2.0166667,W/kg,AnimalTraits
Notoryctes caurinus,Mammalia,Notoryctemorphia,Notoryctidae,0.034,3.5,W/kg,AnimalTraits
Mustela erminea,Mammalia,Carnivora,Mustelidae,0.041,18.292683,W/kg,AnimalTraits
Mustela erminea,Mammalia,Carnivora,Mustelidae,0.045,19.851852,W/kg,AnimalTraits
Mustela erminea,Mammalia,Carnivora,Mustelidae,0.065,11.076923,W/kg,AnimalTraits
Mustela rixosa,Mammalia,Carnivora,Mustelidae,0.071,12.816901,W/kg,AnimalTraits
Mustela rixosa,Mammalia,Carnivora,Mustelidae,0.077,14.069264,W/kg,AnimalTraits
Mustela rixosa,Mammalia,Carnivora,Mustelidae,0.084,11.349206,W/kg,AnimalTraits
Mustela erminea,Mammalia,Carnivora,Mustelidae,0.08,12.333333,W/kg,AnimalTraits
Mustela erminea,Mammalia,Carnivora,Mustelidae,0.085,16.784314,W/kg,AnimalTraits
Mustela erminea,Mammalia,Carnivora,Mustelidae,0.115,9.0434783,W/kg,AnimalTraits
Mustela rixosa,Mammalia,Carnivora,Mustelidae,0.223,11.270553,W/kg,AnimalTraits
Mustela rixosa,Mammalia,Carnivora,Mustelidae,0.231,9.6103896,W/kg,AnimalTraits
Cerdocyon thous,Mammalia,Carnivora,Canidae,6.874,1.4888889,W/kg,AnimalTraits
Cerdocyon thous,Mammalia,Carnivora,Canidae,4.354,1.55,W/kg,AnimalTraits
Vulpes zerda,Mammalia,Carnivora,Canidae,1.2,2.6666667,W/kg,AnimalTraits
Elephantulus rufescens,Mammalia,Macroscelidae,Macroscelididae,0.053,5.9611111,W/kg,AnimalTraits
Oxymycterus roberti,Mammalia,Rodentia,Cricetidae,0.071,7.1888889,W/kg,AnimalTraits
Oxymycterus roberti,Mammalia,Rodentia,Cricetidae,0.096,4.9222222,W/kg,AnimalTraits
Petrodromus tetradactylus,Mammalia,Macroscelidea,Macroscelididae,0.21,3.3777778,W/kg,AnimalTraits
Cyclopes didactylus,Mammalia,Pilosa,Cyclopedidae,0.24,2.65,W/kg,AnimalTraits
Myrmecobius fasciatus,Mammalia,Dasyuromorphia,Myrmecobiidae,0.4,1.9777778,W/kg,AnimalTraits
Tachyglossus aculeatus,Mammalia,Monotremata,Tachyglossidae,2.14,0.72777778,W/kg,AnimalTraits
Tachyglossus setosus,Mammalia,Monotremata,Tachyglossidae,3.58,0.85,W/kg,AnimalTraits
Manis javanica,Mammalia,Phollidota,Manidae,4.22,1.4555556,W/kg,AnimalTraits
Tamandua tetradactyla,Mammalia,Pilosa,Myrmecophagidae,3.5,1.4055556,W/kg,AnimalTraits
Tamandua mexicana,Mammalia,Pilosa,Myrmecophagidae,4.21,1.1222222,W/kg,AnimalTraits
Proteles cristata,Mammalia,Carnivora,Hyaenidae,7.71,1.4111111,W/kg,AnimalTraits
Zaglossus bruijni,Mammalia,Monotremata,Tachyglossidae,10.3,0.65555556,W/kg,AnimalTraits
Myrmecophaga tridactyla,Mammalia,Pilosa,Myrmecophagidae,30.6,0.47222222,W/kg,AnimalTraits
Orycteropus afer,Mammalia,Tubulidentata,Orycteropodidae,48,0.71111111,W/kg,AnimalTraits
Clethrionomys californicus,Mammalia,Rodentia,Cricetidae,0.0183,18.555556,W/kg,AnimalTraits
Phenacomys intermedius,Mammalia,Rodentia,Cricetidae,0.0215,17.388889,W/kg,AnimalTraits
Arborimus longicaudus,Mammalia,Rodentia,Cricetidae,0.0218,15,W/kg,AnimalTraits
Clethrionomys gapperi,Mammalia,Rodentia,Cricetidae,0.0214,15.722222,W/kg,AnimalTraits
Clethrionomys gapperi,Mammalia,Rodentia,Cricetidae,0.0228,10.833333,W/kg,AnimalTraits
Microtus pinetorum,Mammalia,Rodentia,Cricetidae,0.0238,13.055556,W/kg,AnimalTraits
Microtus longicaudus,Mammalia,Rodentia,Cricetidae,0.0302,11.444444,W/kg,AnimalTraits
Lagurus curtatus,Mammalia,Rodentia,Cricetidae,0.0303,9.2222222,W/kg,AnimalTraits
Microtus oeconomus,Mammalia,Rodentia,Cricetidae,0.0354,15.777778,W/kg,AnimalTraits
Microtus montanus,Mammalia,Rodentia,Cricetidae,0.0281,14.055556,W/kg,AnimalTraits
Microtus montanus,Mammalia,Rodentia,Cricetidae,0.0304,14.222222,W/kg,AnimalTraits
Microtus montanus,Mammalia,Rodentia,Cricetidae,0.0512,9.7222222,W/kg,AnimalTraits
Lemmus sibiricus,Mammalia,Rodentia,Cricetidae,0.044,8.8888889,W/kg,AnimalTraits
Microtus xanthognathus,Mammalia,Rodentia,Cricetidae,0.0685,8,W/kg,AnimalTraits
Dicrostonyx groenlandicus,Mammalia,Rodentia,Cricetidae,0.0605,9.3888889,W/kg,AnimalTraits
Dicrostonyx groenlandicus,Mammalia,Rodentia,Cricetidae,0.0623,9.3888889,W/kg,AnimalTraits
Arvicola richardsoni,Mammalia,Rodentia,Cricetidae,0.08,12,W/kg,AnimalTraits
Neofiber alleni,Mammalia,Rodentia,Cricetidae,0.2581,4.6666667,W/kg,AnimalTraits
Ondatra zibethicus,Mammalia,Rodentia,Cricetidae,1.0046,3.5555556,W/kg,AnimalTraits
Hylomys sulillus,Mammalia,Eulipotyphla,Erinnaceidae,0.0773,5.7777778,W/kg,AnimalTraits
Mustela vison,Mammalia,Carnivora,Mustelidae,0.656,4.1440739,W/kg,AnimalTraits
Mustela vison,Mammalia,Carnivora,Mustelidae,0.667,4.0539355,W/kg,AnimalTraits
Mustela vison,Mammalia,Carnivora,Mustelidae,0.788,4.070992,W/kg,AnimalTraits
Lepus arcticus,Mammalia,Lagomorpha,Leporidae,3.0044,2,W/kg,AnimalTraits
Cebuella pygmaea,Mammalia,Primates,Callitrichidae,0.096,5.4444444,W/kg,AnimalTraits
Cebuella pygmaea,Mammalia,Primates,Callitrichidae,0.133,6.1111111,W/kg,AnimalTraits
Neurotrichus gibbsii,Mammalia,Eulipotyphla,Talpidae,0.0118,21.888889,W/kg,AnimalTraits
Echinosorex gymnura,Mammalia,Eulipotyphla,Erinaceidae,0.7212,3.8888889,W/kg,AnimalTraits
Genetta tigrina,Mammalia,Carnivora,Viverridae,1.698,2.4444444,W/kg,AnimalTraits
Martes americana,Mammalia,Carnivora,Mustelidae,1.038,3.6722222,W/kg,AnimalTraits
Scalopus aquaticus,Mammalia,Eulipotyphla,Talpidae,0.048,7.8333333,W/kg,AnimalTraits
Spalacopus cyanus,Mammalia,Rodentia,Octodontidae,0.185,4.3888889,W/kg,AnimalTraits
Cannomys badius,Mammalia,Rodentia,Spalacidae,0.344,2.7777778,W/kg,AnimalTraits
Aplodontia rufa,Mammalia,Rodentia,Aplodontiidae,0.63,2.4444444,W/kg,AnimalTraits
Galerella sanguinea,Mammalia,Carnivora,Herpestidae,0.54,4.2222222,W/kg,AnimalTraits
Oreamnos americanus,Mammalia,Artiodactyla,Bovidae,32,1.4444444,W/kg,AnimalTraits
Eremitalpa granti,Mammalia,Afrosoricida,Chrysochloridae,0.02062,2.9286561,W/kg,AnimalTraits
Hydromys chrysogaster,Mammalia,Rodentia,Muridae,0.77,3.3,W/kg,AnimalTraits
Bootettix punctatus,Insecta,Orthoptera,Acrididae,2.727e-05,5.7982756,W/kg,AnimalTraits
Bootettix punctatus,Insecta,Orthoptera,Acrididae,6.675e-05,7.9903066,W/kg,AnimalTraits
Trimerotropis sp.,Insecta,Orthoptera,Acrididae,7.15e-05,6.8589358,W/kg,AnimalTraits
Trimerotropis sp.,Insecta,Orthoptera,Acrididae,0.0002203,6.120402,W/kg,AnimalTraits
Melanoplus complanipes,Insecta,Orthoptera,Acrididae,4.206e-05,6.426815,W/kg,AnimalTraits
Melanoplus complanipes,Insecta,Orthoptera,Acrididae,0.00024104,3.6690985,W/kg,AnimalTraits
Anconia integra,Insecta,Orthoptera,Acrididae,0.0008167,4.2269272,W/kg,AnimalTraits
Insara covilleae,Insecta,Orthoptera,Tettigoniidae,8.2e-05,10.543748,W/kg,AnimalTraits
Insara covilleae,Insecta,Orthoptera,Tettigoniidae,0.0001032,22.988827,W/kg,AnimalTraits
Tanaocerus koebeli,Insecta,Orthoptera,Tanaoceridae,0.0001025,6.3403908,W/kg,AnimalTraits
Ceuthophilus fossor,Insecta,Orthoptera,Gryllacrididae,7.015e-05,12.342942,W/kg,AnimalTraits
Eusattus dubius,Insecta,Coleoptera,Tenebrionidae,2.722e-05,9.6402225,W/kg,AnimalTraits
Eleodes grandicollis,Insecta,Coleoptera,Tenebrionidae,0.00052193,5.1068823,W/kg,AnimalTraits
Eleodes armata,Insecta,Coleoptera,Tenebrionidae,0.0004519,3.0562726,W/kg,AnimalTraits
Eleodes tenebrosa,Insecta,Coleoptera,Tenebrionidae,5.153e-05,5.0518851,W/kg,AnimalTraits
Eleodes sp.,Insecta,Coleoptera,Tenebrionidae,8.885e-05,3.8733738,W/kg,AnimalTraits
Euschides luctata,Insecta,Coleoptera,Tenebrionidae,8.38e-05,5.3425846,W/kg,AnimalTraits
Trogloderus costatus,Insecta,Coleoptera,Tenebrionidae,2.987e-05,3.4569665,W/kg,AnimalTraits
Anepsius brunneus,Insecta,Coleoptera,Tenebrionidae,6.15e-06,3.9755115,W/kg,AnimalTraits
Sphaeriontis dilatata,Insecta,Coleoptera,Tenebrionidae,4.6e-05,4.0619356,W/kg,AnimalTraits
Edrotes ventricosus,Insecta,Coleoptera,Tenebrionidae,2.435e-05,4.0619356,W/kg,AnimalTraits
Cryptoglossa verrucossa,Insecta,Coleoptera,Tenebrionidae,0.0002334,1.6420591,W/kg,AnimalTraits
Centrioptera muricata,Insecta,Coleoptera,Tenebrionidae,0.0001326,3.5983878,W/kg,AnimalTraits
Triorophus laevis,Insecta,Coleoptera,Tenebrionidae,8.46e-06,8.1710117,W/kg,AnimalTraits
Calosoma sp.,Insecta,Coleoptera,Carabidae,0.00015123,4.902607,W/kg,AnimalTraits
Eucyllus vagans,Insecta,Coleoptera,Curculionidae,7.43e-06,4.2897811,W/kg,AnimalTraits
Eucyllus unicolor,Insecta,Coleoptera,Curculionidae,2.59e-06,5.3661548,W/kg,AnimalTraits
Miloderes sp.,Insecta,Coleoptera,Curculionidae,3.4e-06,25.41656,W/kg,AnimalTraits
Ophryastes varius,Insecta,Coleoptera,Curculionidae,2.726e-05,4.0069384,W/kg,AnimalTraits
Smicronyx imbricata,Insecta,Coleoptera,Curculionidae,3.2e-07,9.0823938,W/kg,AnimalTraits
Griburius sp.,Insecta,Coleoptera,Curculionidae,3.31e-06,18.345493,W/kg,AnimalTraits
Griburius sp.,Insecta,Coleoptera,Curculionidae,9.42e-06,3.8340901,W/kg,AnimalTraits
Monoxia sp.,Insecta,Coleoptera,Chrysomelidae,4.63e-06,17.74838,W/kg,AnimalTraits
Saprinus sp.,Insecta,Coleoptera,Histeridae,8.21e-06,7.5974695,W/kg,AnimalTraits
Pogonomyrmex sp.,Insecta,Hemiptera,Formicidae,3.74e-06,23.94735,W/kg,AnimalTraits
Lygus kalmii,Insecta,Hemiptera,Lygaeidae,1.017e-05,13.631447,W/kg,AnimalTraits
Dendrocoris contaminatus,Insecta,Hemiptera,Pentatomidae,1.1e-05,14.283557,W/kg,AnimalTraits
Phytocoris nigripubescens,Insecta,Hemiptera,Miridae,1.27e-06,23.507372,W/kg,AnimalTraits
Slaterocoris sp.,Insecta,Hemiptera,Miridae,8.6e-07,18.730473,W/kg,AnimalTraits
Multareoides bifuractus,Insecta,Heteroptera,Membracidae,1.34e-06,11.14086,W/kg,AnimalTraits
Scolopendra michelbacheri,Chilopoda,Scolopendromorpha,Scolopendridae,0.0001199,4.4626295,W/kg,AnimalTraits
Loxosceles unicolor,Arachnida,Araneae,Loxoscelidae,1.555e-05,3.2369777,W/kg,AnimalTraits
Psilochorus utahensis,Arachnida,Araneae,Pholcidae,1.86e-06,22.556706,W/kg,AnimalTraits
Syspira eclectica,Arachnida,Araneae,Clubionidae,5.76e-05,5.0204581,W/kg,AnimalTraits
Metacyrba labyrinthea,Arachnida,Araneae,Salticidae,1.12e-05,6.8746493,W/kg,AnimalTraits
Ctenophorus nuchalis,Reptilia,Squamata,Agamidae,0.0343,0.38096905,W/kg,AnimalTraits
Mus musculus,Mammalia,Rodentia,Muridae,0.0321,9,W/kg,AnimalTraits
Sauromalus hispidus,Reptilia,Squamata,Iguanidae,0.574,0.35778632,W/kg,AnimalTraits
Varanus gouldii,Reptilia,Squamata,Varanidae,0.674,0.45129865,W/kg,AnimalTraits
Ptyodactylus hasselquistii,Reptilia,Squamata,Phyllodactylidae,0.0064,0.54671748,W/kg,AnimalTraits
Bunopus tuberculatus,Reptilia,Squamata,Gekkonidae,0.0022,4.0786859,W/kg,AnimalTraits
Sceloporus occidentalis,Reptilia,Squamata,Phrynosomatidae,0.0131,0.54644809,W/kg,AnimalTraits
Sceloporus occidentalis,Reptilia,Squamata,Phrynosomatidae,0.0152,0.59198543,W/kg,AnimalTraits
Sceloporus occidentalis,Reptilia,Squamata,Phrynosomatidae,0.0128,0.74908925,W/kg,AnimalTraits
Trachemys scripta,Reptilia,Testudines,Emydidae,0.305,0.094590802,W/kg,AnimalTraits
Terrapene ornata,Reptilia,Testudines,Emydidae,0.354,0.080705913,W/kg,AnimalTraits
Chelydra serpentina,Reptilia,Testudines,Chelydridae,3.473,0.054415674,W/kg,AnimalTraits
Anniella pulchra,Reptilia,Squamata,Anniellidae,0.0045,0.65953219,W/kg,AnimalTraits
Homonota gaudichaudii,Reptilia,Squamata,Phyllodactylidae,0.00079,0.88607595,W/kg,AnimalTraits
Varanus giganteus,Reptilia,Squamata,Varanidae,2.496,0.23833333,W/kg,AnimalTraits
Varanus albigularis,Reptilia,Squamata,Varanidae,0.963,0.35291439,W/kg,AnimalTraits
Uromastyx microlepis,Reptilia,Squamata,Agamidae,0.06966,0.21611111,W/kg,AnimalTraits
Uromastyx microlepis,Reptilia,Squamata,Agamidae,0.1982,0.15166667,W/kg,AnimalTraits
Uromastyx microlepis,Reptilia,Squamata,Agamidae,0.47596,0.13166667,W/kg,AnimalTraits
Acrochordus arafurae,Reptilia,Squamata,Acrochordidae,1.0474,0.083736168,W/kg,AnimalTraits
Aspidites melanocephalus,Reptilia,Squamata,Pythonidae,1.0275,0.25918901,W/kg,AnimalTraits
Antaresia praelongus,Reptilia,Squamata,Pythonidae,0.1055,0.16990676,W/kg,AnimalTraits
Antaresia childreni,Reptilia,Squamata,Pythonidae,0.3317,0.25990805,W/kg,AnimalTraits
Liasis fuscus,Reptilia,Squamata,Pythonidae,1.3069,0.079845479,W/kg,AnimalTraits
Liasis olivaceus,Reptilia,Squamata,Pythonidae,3.3232,0.11924475,W/kg,AnimalTraits
Antaresia stimsoni,Reptilia,Squamata,Pythonidae,0.3499,0.20552743,W/kg,AnimalTraits
Morelia spilota,Reptilia,Squamata,Pythonidae,1.5165,0.19066927,W/kg,AnimalTraits
Morelia variegata,Reptilia,Squamata,Pythonidae,2.1735,0.094645773,W/kg,AnimalTraits
Pseudonaja nuchalis,Reptilia,Squamata,Elapidae,0.2141,0.23920949,W/kg,AnimalTraits
Tiliqua rugosa,Reptilia,Squamata,Scincidae,0.548,0.39886722,W/kg,AnimalTraits
Varanus rosenbergi,Reptilia,Squamata,Varanidae,1.287,0.32905771,W/kg,AnimalTraits
Varanus gouldii,Reptilia,Squamata,Varanidae,1.086,0.23900814,W/kg,AnimalTraits
Varanus panoptes,Reptilia,Squamata,Varanidae,0.931,0.30814742,W/kg,AnimalTraits
Varanus mertensi,Reptilia,Squamata,Varanidae,0.904,0.18134339,W/kg,AnimalTraits
Anniella pulchra,Reptilia,Squamata,Anniellidae,0.00494,0.36777778,W/kg,AnimalTraits
Ophisaurus ventralis,Reptilia,Squamata,Anguidae,0.03217,0.21222222,W/kg,AnimalTraits
Trogonophis wiegmanni,Reptilia,Squamata,Trogonophidae,0.00497,0.21722222,W/kg,AnimalTraits
Thamnophis butleri,Reptilia,Squamata,Colubridae,0.01904,0.32833333,W/kg,AnimalTraits
Varanus gilleni,Reptilia,Squamata,Varanidae,0.0275,0.37144483,W/kg,AnimalTraits
Natrix maura,Reptilia,Squamata,Colubridae,0.0225,0.55555556,W/kg,AnimalTraits
Natrix natrix,Reptilia,Squamata,Colubridae,0.0375,0.66666667,W/kg,AnimalTraits
Natrix helvetica,Reptilia,Squamata,Colubridae,0.0825,1.1666667,W/kg,AnimalTraits
Cnemidophorus murinus,Reptilia,Squamata,Teiidae,0.0552,0.33525139,W/kg,AnimalTraits
Varanus gouldii,Reptilia,Squamata,Varanidae,0.169,0.24113612,W/kg,AnimalTraits
Varanus panoptes,Reptilia,Squamata,Varanidae,2.003,0.31617996,W/kg,AnimalTraits
Sphaerodactylus cinereus,Reptilia,Squamata,Sphaerodactylidae,0.00054,0.46654147,W/kg,AnimalTraits
Sphaerodactylus notatus,Reptilia,Squamata,Sphaerodactylidae,0.00033,0.47140128,W/kg,AnimalTraits
Anolis sagrei,Reptilia,Squamata,Dactyloidae,0.0004,0.9768212,W/kg,AnimalTraits
Coleonyx switaki,Reptilia,Squamata,Eublepharidae,0.00946,0.41111111,W/kg,AnimalTraits
Coleonyx variegatus,Reptilia,Squamata,Eublepharidae,0.00362,0.81111111,W/kg,AnimalTraits
