species,class,order,family,mass_kg,brain_size,brain_units,source
Hyla versicolor,Amphibia,Anura,Hylidae,0.01315,4.225844e-05,kg,AnimalTraits
Pseudacris triseriata,Amphibia,Anura,Hylidae,0.0001,2.25848e-06,kg,AnimalTraits
Acris crepitans,Amphibia,Anura,Hylidae,0.0003,4.43408e-06,kg,AnimalTraits
Platymantis vitiensis,Amphibia,Anura,Ceratobatrachidae,0.0003,4.93136e-06,kg,AnimalTraits
Rana sylvatica,Amphibia,Anura,Ranidae,0.00037,8.56772e-06,kg,AnimalTraits
Rana pipiens,Amphibia,Anura,Ranidae,0.0011,2.03574e-05,kg,AnimalTraits
Rana clamitans,Amphibia,Anura,Ranidae,0.00362,3.915044e-05,kg,AnimalTraits
Xenopus laevis,Amphibia,Anura,Pipidae,0.03237,5.137524e-05,kg,AnimalTraits
Rhinophrynus dorsalis,Amphibia,Anura,Rhionphrynidae,0.01657,3.292408e-05,kg,AnimalTraits
Zygiella x-notata,Arachnida,Araneae,Araneidae,3.9e-05,1.22248e-06,kg,AnimalTraits
Zygiella x-notata,Arachnida,Araneae,Araneidae,2.9e-05,1.35716e-06,kg,AnimalTraits
Mysmena sp.,Arachnida,Araneae,Mysmenidae,1e-07,4.0404e-09,kg,AnimalTraits
Mysmenopsis tengellacompa,Arachnida,Araneae,Mysmenidae,3e-07,1.87516e-08,kg,AnimalTraits
Anapisona simoni,Arachnida,Araneae,Anapidae,8e-07,1.31572e-08,kg,AnimalTraits
Anapisona simoni,Arachnida,Araneae,Anapidae,8e-07,1.20176e-08,kg,AnimalTraits
Faiditus elevatus,Arachnida,Araneae,Theridiidae,3e-06,3.39808e-08,kg,AnimalTraits
Faiditus elevatus,Arachnida,Araneae,Theridiidae,2.4e-06,5.51152e-08,kg,AnimalTraits
Faiditus sp.,Arachnida,Araneae,Theridiidae,2.7e-06,5.57368e-08,kg,AnimalTraits
Leucauge mariana,Arachnida,Araneae,Tetragnathidae,6e-05,1.580936e-07,kg,AnimalTraits
Leucauge mariana,Arachnida,Araneae,Tetragnathidae,2e-05,1.34162e-07,kg,AnimalTraits
Argiope argentata,Arachnida,Araneae,Araneidae,0.00025,3.451952e-07,kg,AnimalTraits
Nephila clavipes,Arachnida,Araneae,Araneidae,0.002,6.6304e-07,kg,AnimalTraits
Nephila clavipes,Arachnida,Araneae,Araneidae,1.12e-05,1.615124e-07,kg,AnimalTraits
Casuarius casuarius,Aves,Casuariiformes,Casuariidae,43.85,0.0376586,kg,AnimalTraits
Dromaius novaehollandiae,Aves,Casuariiformes,Casuariidae,36.5,0.02991968,kg,AnimalTraits
Alectura lathami,Aves,Galliformes,Megapodiidae,2.3,0.00588448,kg,AnimalTraits
Leipoa ocellata,Aves,Galliformes,Megapodiidae,2,0.004662,kg,AnimalTraits
Coturnix pectoralis,Aves,Galliformes,Phasianidae,0.105,0.00099456,kg,AnimalTraits
Excalfactoria chinensis,Aves,Galliformes,Phasianidae,0.0375,0.00058016,kg,AnimalTraits
Anseranas semipalmata,Aves,Anseriformes,Anseranatidae,2.4,0.0091168,kg,AnimalTraits
Dendrocygna eytoni,Aves,Anseriformes,Anatidae,1,0.00472416,kg,AnimalTraits
Dendrocygna arcuata,Aves,Anseriformes,Anatidae,0.8,0.00467236,kg,AnimalTraits
Biziura lobata,Aves,Anseriformes,Anatidae,1.975,0.00903392,kg,AnimalTraits
Stictonetta naevosa,Aves,Anseriformes,Anatidae,0.91,0.00456876,kg,AnimalTraits
Cereopsis novaehollandiae,Aves,Anseriformes,Anatidae,5,0.00914788,kg,AnimalTraits
Cygnus atratus,Aves,Anseriformes,Anatidae,6.1,0.0125874,kg,AnimalTraits
Tadorna radjah,Aves,Anseriformes,Anatidae,0.885,0.00536648,kg,AnimalTraits
Tadorna tadornoides,Aves,Anseriformes,Anatidae,1.45,0.00603988,kg,AnimalTraits
Chenonetta jubata,Aves,Anseriformes,Anatidae,0.8,0.00422688,kg,AnimalTraits
Malacorhynchus membranaceus,Aves,Anseriformes,Anatidae,0.375,0.0029526,kg,AnimalTraits
Nettapus pulchellus,Aves,Anseriformes,Anatidae,0.28,0.00277648,kg,AnimalTraits
Anas rhynchotis,Aves,Anseriformes,Anatidae,0.65,0.00366744,kg,AnimalTraits
Anas gracilis,Aves,Anseriformes,Anatidae,0.4965,0.00364672,kg,AnimalTraits
Anas castanea,Aves,Anseriformes,Anatidae,0.65,0.00386428,kg,AnimalTraits
Anas superciliosa,Aves,Anseriformes,Anatidae,1,0.00552188,kg,AnimalTraits
Aythya australis,Aves,Anseriformes,Anatidae,0.85,0.00506604,kg,AnimalTraits
Oxyura australis,Aves,Anseriformes,Anatidae,0.85,0.00416472,kg,AnimalTraits
Phaethon rubricauda,Aves,Phaethontiformes,Phaethontidae,0.8,0.00468272,kg,AnimalTraits
Tachybaptus novaehollandiae,Aves,Podicipediformes,Podicipedidae,0.165,0.00171976,kg,AnimalTraits
Poliocephalus poliocephalus,Aves,Podicipediformes,Podicipedidae,0.24,0.00178192,kg,AnimalTraits
Podiceps cristatus,Aves,Podicipediformes,Podicipedidae,1.1,0.00322196,kg,AnimalTraits
Columba leucomela,Aves,Columbiformes,Columbidae,0.42,0.00237244,kg,AnimalTraits
Macropygia amboinensis,Aves,Columbiformes,Columbidae,0.2,0.00154364,kg,AnimalTraits
Chalcophaps indica,Aves,Columbiformes,Columbidae,0.135,0.001295,kg,AnimalTraits
Phaps chalcoptera,Aves,Columbiformes,Columbidae,0.335,0.00184408,kg,AnimalTraits
Phaps elegans,Aves,Columbiformes,Columbidae,0.205,0.0017094,kg,AnimalTraits
Phaps histrionica,Aves,Columbiformes,Columbidae,0.3,0.0017094,kg,AnimalTraits
Ocyphaps lophotes,Aves,Columbiformes,Columbidae,0.19,0.0017612,kg,AnimalTraits
Geophaps plumifera,Aves,Columbiformes,Columbidae,0.095,0.00122248,kg,AnimalTraits
Geophaps smithii,Aves,Columbiformes,Columbidae,0.205,0.00144004,kg,AnimalTraits
Petrophassa albipennis,Aves,Columbiformes,Columbidae,0.125,0.0011396,kg,AnimalTraits
Geopelia cuneata,Aves,Columbiformes,Columbidae,0.033,0.00080808,kg,AnimalTraits
Geopelia striata,Aves,Columbiformes,Columbidae,0.0485,0.00081844,kg,AnimalTraits
Geopelia humeralis,Aves,Columbiformes,Columbidae,0.13,0.00130536,kg,AnimalTraits
Leucosarcia melanoleuca,Aves,Columbiformes,Columbidae,0.415,0.00249676,kg,AnimalTraits
Ptilinopus magnificus,Aves,Columbiformes,Columbidae,0.335,0.00224812,kg,AnimalTraits
Ptilinopus superbus,Aves,Columbiformes,Columbidae,0.107,0.00112924,kg,AnimalTraits
Ptilinopus regina,Aves,Columbiformes,Columbidae,0.095,0.00125356,kg,AnimalTraits
Lopholaimus antarcticus,Aves,Columbiformes,Columbidae,0.575,0.00280756,kg,AnimalTraits
Podargus strigoides,Aves,Caprimulgiformes,Podargidae,0.285,0.00503496,kg,AnimalTraits
Eurostopodus mystacalis,Aves,Caprimulgiformes,Caprimulgidae,0.13,0.00137788,kg,AnimalTraits
Eurostopodus argus,Aves,Caprimulgiformes,Caprimulgidae,0.0975,0.00128464,kg,AnimalTraits
Caprimulgus macrurus,Aves,Caprimulgiformes,Caprimulgidae,0.0675,0.00104636,kg,AnimalTraits
Aegotheles cristatus,Aves,Apodiformes,Aegothelidae,0.045,0.00147112,kg,AnimalTraits
Aerodramus terraereginae,Aves,Apodiformes,Apodidae,0.0125,0.00024864,kg,AnimalTraits
Hirundapus caudacutus,Aves,Apodiformes,Apodidae,0.1175,0.00133644,kg,AnimalTraits
Oceanites oceanicus,Aves,Procellariiformes,Oceanitidae,0.035,0.00073556,kg,AnimalTraits
Pelagodroma marina,Aves,Procellariiformes,Oceanitidae,0.055,0.00100492,kg,AnimalTraits
Diomedea exulans,Aves,Procellariiformes,Diomedeidae,8.59,0.029267,kg,AnimalTraits
Thalassarche cauta,Aves,Procellariiformes,Diomedeidae,4.025,0.02003624,kg,AnimalTraits
Thalassarche chrysostoma,Aves,Procellariiformes,Diomedeidae,3.41,0.0198394,kg,AnimalTraits
Phoebetria palpebrata,Aves,Procellariiformes,Diomedeidae,2.8,0.01754984,kg,AnimalTraits
Macronectes giganteus,Aves,Procellariiformes,Procellariidae,4.34,0.01858584,kg,AnimalTraits
Fulmarus glacialoides,Aves,Procellariiformes,Procellariidae,0.8,0.00772856,kg,AnimalTraits
Daption capense,Aves,Procellariiformes,Procellariidae,0.44,0.00520072,kg,AnimalTraits
Halobaena caerulea,Aves,Procellariiformes,Procellariidae,0.201,0.00286972,kg,AnimalTraits
Pachyptila salvini,Aves,Procellariiformes,Procellariidae,0.162,0.00213416,kg,AnimalTraits
Pachyptila desolata,Aves,Procellariiformes,Procellariidae,0.152,0.0021756,kg,AnimalTraits
Pachyptila belcheri,Aves,Procellariiformes,Procellariidae,0.149,0.002072,kg,AnimalTraits
Pachyptila turtur,Aves,Procellariiformes,Procellariidae,0.1279,0.002072,kg,AnimalTraits
Procellaria aequinoctialis,Aves,Procellariiformes,Procellariidae,1.369,0.00931364,kg,AnimalTraits
Procellaria cinerea,Aves,Procellariiformes,Procellariidae,1.032,0.00879564,kg,AnimalTraits
Ardenna pacifica,Aves,Procellariiformes,Procellariidae,0.465,0.00411292,kg,AnimalTraits
Ardenna grisea,Aves,Procellariiformes,Procellariidae,0.8,0.00550116,kg,AnimalTraits
Ardenna tenuirostris,Aves,Procellariiformes,Procellariidae,0.585,0.004662,kg,AnimalTraits
Puffinus gavia,Aves,Procellariiformes,Procellariidae,0.266,0.00302512,kg,AnimalTraits
Lugensa brevirostris,Aves,Procellariiformes,Procellariidae,0.357,0.00441336,kg,AnimalTraits
Pterodroma lessonii,Aves,Procellariiformes,Procellariidae,0.692,0.00608132,kg,AnimalTraits
Pterodroma macroptera,Aves,Procellariiformes,Procellariidae,0.58,0.00505568,kg,AnimalTraits
Pterodroma leucoptera,Aves,Procellariiformes,Procellariidae,0.18,0.00256928,kg,AnimalTraits
Pelecanoides urinatrix,Aves,Procellariiformes,Procellariidae,0.15,0.00175084,kg,AnimalTraits
Eudyptula minor,Aves,Sphenisciformes,Spheniscidae,1.1,0.00762496,kg,AnimalTraits
Fregata minor,Aves,Suliformes,Fregatidae,1.44,0.00956228,kg,AnimalTraits
Sula leucogaster,Aves,Suliformes,Sulidae,2.05,0.00936544,kg,AnimalTraits
Anhinga novaehollandiae,Aves,Suliformes,Anhingidae,1.5,0.00472416,kg,AnimalTraits
Microcarbo melanoleucos,Aves,Pelecaniformes,Phalacrocoracidae,0.65,0.00553224,kg,AnimalTraits
Phalacrocorax carbo,Aves,Suliformes,Phalacrocoracidae,2.15,0.0108262,kg,AnimalTraits
Phalacrocorax sulcirostris,Aves,Suliformes,Phalacrocoracidae,1,0.00584304,kg,AnimalTraits
Phalacrocorax varius,Aves,Suliformes,Phalacrocoracidae,2.2,0.00954156,kg,AnimalTraits
Phalacrocorax fuscescens,Aves,Suliformes,Phalacrocoracidae,1.515,0.00921004,kg,AnimalTraits
Pelecanus conspicillatus,Aves,Pelecaniformes,Pelecanidae,5.4,0.02577568,kg,AnimalTraits
Botaurus poiciloptilus,Aves,Pelecaniformes,Ardeidae,1.16,0.0060088,kg,AnimalTraits
Ixobrychus dubius,Aves,Pelecaniformes,Ardeidae,0.0895,0.0017094,kg,AnimalTraits
Ixobrychus flavicollis,Aves,Pelecaniformes,Ardeidae,0.3665,0.0026936,kg,AnimalTraits
Ardea pacifica,Aves,Pelecaniformes,Ardeidae,0.91,0.00534576,kg,AnimalTraits
Ardea modesta,Aves,Pelecaniformes,Ardeidae,1.1615,0.00522144,kg,AnimalTraits
Ardea intermedia intermedia,Aves,Pelecaniformes,Ardeidae,0.403,0.0042994,kg,AnimalTraits
Ardea sumatrana,Aves,Pelecaniformes,Ardeidae,1.95,0.00904428,kg,AnimalTraits
Ardea ibis,Aves,Pelecaniformes,Ardeidae,0.363,0.00394716,kg,AnimalTraits
Butorides striata,Aves,Pelecaniformes,Ardeidae,0.225,0.00256928,kg,AnimalTraits
Egretta novaehollandiae,Aves,Pelecaniformes,Ardeidae,0.58,0.00405076,kg,AnimalTraits
Nycticorax caledonicus,Aves,Pelecaniformes,Ardeidae,0.725,0.0057498,kg,AnimalTraits
Plegadis falcinellus,Aves,Pelecaniformes,Threskiornithidae,0.5325,0.00530432,kg,AnimalTraits
Threskiornis molucca,Aves,Pelecaniformes,Threskiornithidae,1.825,0.0102564,kg,AnimalTraits
Threskiornis spinicollis,Aves,Pelecaniformes,Threskiornithidae,1.36,0.00871276,kg,AnimalTraits
Platalea regia,Aves,Pelecaniformes,Threskiornithidae,1.735,0.0118104,kg,AnimalTraits
Platalea flavipes,Aves,Pelecaniformes,Threskiornithidae,1.871,0.01152032,kg,AnimalTraits
Pandion cristatus,Aves,Accipitriformes,Pandionidae,1.415,0.00971768,kg,AnimalTraits
Elanus axillaris,Aves,Accipitriformes,Accipitridae,0.2605,0.00349132,kg,AnimalTraits
Lophoictinia isura,Aves,Accipitriformes,Accipitridae,0.5675,0.006734,kg,AnimalTraits
Hamirostra melanosternon,Aves,Accipitriformes,Accipitridae,1.3,0.0107226,kg,AnimalTraits
Aviceda subcristata,Aves,Accipitriformes,Accipitridae,0.3535,0.0048692,kg,AnimalTraits
Haliaeetus leucogaster,Aves,Accipitriformes,Accipitridae,3.35,0.01308468,kg,AnimalTraits
Haliastur sphenurus,Aves,Accipitriformes,Accipitridae,0.775,0.00684796,kg,AnimalTraits
Haliastur indus,Aves,Accipitriformes,Accipitridae,0.5835,0.0064232,kg,AnimalTraits
Milvus migrans,Aves,Accipitriformes,Accipitridae,0.587,0.00602952,kg,AnimalTraits
Accipiter fasciatus,Aves,Accipitriformes,Accipitridae,0.403,0.004662,kg,AnimalTraits
Accipiter cirrocephalus,Aves,Accipitriformes,Accipitridae,0.1825,0.00247604,kg,AnimalTraits
Accipiter novaehollandiae,Aves,Accipitriformes,Accipitridae,0.515,0.00491064,kg,AnimalTraits
Circus approximans,Aves,Accipitriformes,Accipitridae,0.74,0.00567728,kg,AnimalTraits
Aquila audax,Aves,Accipitriformes,Accipitridae,3.814,0.01682464,kg,AnimalTraits
Hieraaetus morphnoides,Aves,Accipitriformes,Accipitridae,0.815,0.00809116,kg,AnimalTraits
Falco cenchroides,Aves,Falconiformes,Falconidae,0.185,0.00324268,kg,AnimalTraits
Falco berigora,Aves,Falconiformes,Falconidae,0.5475,0.00646464,kg,AnimalTraits
Falco longipennis,Aves,Falconiformes,Falconidae,0.2485,0.0034706,kg,AnimalTraits
Falco subniger,Aves,Falconiformes,Falconidae,0.765,0.006734,kg,AnimalTraits
Falco peregrinus,Aves,Falconiformes,Falconidae,0.715,0.00641284,kg,AnimalTraits
Grus antigone,Aves,Gruiformes,Gruidae,5.75,0.02078216,kg,AnimalTraits
Grus rubicunda,Aves,Gruiformes,Gruidae,6.2,0.01832684,kg,AnimalTraits
Porphyrio porphyrio,Aves,Gruiformes,Rallidae,0.9945,0.0048692,kg,AnimalTraits
Lewinia pectoralis,Aves,Gruiformes,Rallidae,0.0875,0.00138824,kg,AnimalTraits
Gallirallus philippensis,Aves,Gruiformes,Rallidae,0.1815,0.00204092,kg,AnimalTraits
Porzana pusilla,Aves,Gruiformes,Rallidae,0.037,0.000777,kg,AnimalTraits
Porzana fluminea,Aves,Gruiformes,Rallidae,0.06,0.00106708,kg,AnimalTraits
Amaurornis moluccana,Aves,Gruiformes,Rallidae,0.1685,0.00220668,kg,AnimalTraits
Tribonyx ventralis,Aves,Gruiformes,Rallidae,0.39,0.00286972,kg,AnimalTraits
Gallinula tenebrosa,Aves,Gruiformes,Rallidae,0.528,0.00280756,kg,AnimalTraits
Fulica atra,Aves,Gruiformes,Rallidae,0.568,0.0029526,kg,AnimalTraits
Ardeotis australis,Aves,Otidiformes,Otididae,5.5,0.0120694,kg,AnimalTraits
Burhinus grallarius,Aves,Charadriiformes,Burhinidae,0.695,0.00446516,kg,AnimalTraits
Esacus magnirostris,Aves,Charadriiformes,Burhinidae,1,0.0055426,kg,AnimalTraits
Haematopus longirostris,Aves,Charadriiformes,Haematopodidae,0.596,0.004403,kg,AnimalTraits
Recurvirostra novaehollandiae,Aves,Charadriiformes,Recurvirostridae,0.33,0.00206164,kg,AnimalTraits
Cladorhynchus leucocephalus,Aves,Charadriiformes,Recurvirostridae,0.24,0.00166796,kg,AnimalTraits
Pluvialis fulva,Aves,Charadriiformes,Charadriidae,0.1475,0.00183372,kg,AnimalTraits
Pluvialis squatarola,Aves,Charadriiformes,Charadriidae,0.25,0.00265216,kg,AnimalTraits
Charadrius ruficapillus,Aves,Charadriiformes,Charadriidae,0.0405,0.00084952,kg,AnimalTraits
Charadrius bicinctus,Aves,Charadriiformes,Charadriidae,0.07,0.00114996,kg,AnimalTraits
Charadrius mongolus,Aves,Charadriiformes,Charadriidae,0.0635,0.00117068,kg,AnimalTraits
Charadrius leschenaultii,Aves,Charadriiformes,Charadriidae,0.0875,0.00130536,kg,AnimalTraits
Charadrius australis,Aves,Charadriiformes,Charadriidae,0.084,0.0011914,kg,AnimalTraits
Elseyornis melanops,Aves,Charadriiformes,Charadriidae,0.0325,0.00087024,kg,AnimalTraits
Erythrogonys cinctus,Aves,Charadriiformes,Charadriidae,0.0475,0.0010878,kg,AnimalTraits
Vanellus tricolor,Aves,Charadriiformes,Charadriidae,0.184,0.00247604,kg,AnimalTraits
Vanellus miles,Aves,Charadriiformes,Charadriidae,0.31,0.0029526,kg,AnimalTraits
Pedionomus torquatus,Aves,Charadriiformes,Pedionomidae,0.0675,0.00079772,kg,AnimalTraits
Irediparra gallinacea,Aves,Charadriiformes,Jacanidae,0.108,0.00117068,kg,AnimalTraits
Rostratula australis,Aves,Charadriiformes,Rostratulidae,0.1255,0.00147112,kg,AnimalTraits
Gallinago hardwickii,Aves,Charadriiformes,Scolopacidae,0.19,0.00206164,kg,AnimalTraits
Limosa lapponica,Aves,Charadriiformes,Scolopacidae,0.316,0.00286972,kg,AnimalTraits
Numenius phaeopus,Aves,Charadriiformes,Scolopacidae,0.35,0.00324268,kg,AnimalTraits
Numenius madagascariensis,Aves,Charadriiformes,Scolopacidae,0.9,0.0048692,kg,AnimalTraits
Xenus cinereus,Aves,Charadriiformes,Scolopacidae,0.075,0.00106708,kg,AnimalTraits
Actitis hypoleucos,Aves,Charadriiformes,Scolopacidae,0.048,0.00089096,kg,AnimalTraits
Tringa brevipes,Aves,Charadriiformes,Scolopacidae,0.125,0.00138824,kg,AnimalTraits
Tringa incana,Aves,Charadriiformes,Scolopacidae,0.11,0.00133644,kg,AnimalTraits
Tringa nebularia,Aves,Charadriiformes,Scolopacidae,0.17,0.0020202,kg,AnimalTraits
Tringa stagnatilis,Aves,Charadriiformes,Scolopacidae,0.07,0.0020202,kg,AnimalTraits
Tringa glareola,Aves,Charadriiformes,Scolopacidae,0.055,0.00105672,kg,AnimalTraits
Arenaria interpres,Aves,Charadriiformes,Scolopacidae,0.115,0.00107744,kg,AnimalTraits
Calidris tenuirostris,Aves,Charadriiformes,Scolopacidae,0.155,0.00159544,kg,AnimalTraits
Calidris canutus,Aves,Charadriiformes,Scolopacidae,0.12,0.00136752,kg,AnimalTraits
Calidris alba,Aves,Charadriiformes,Scolopacidae,0.06,0.00104636,kg,AnimalTraits
Calidris ruficollis,Aves,Charadriiformes,Scolopacidae,0.025,0.00068376,kg,AnimalTraits
Calidris subminuta,Aves,Charadriiformes,Scolopacidae,0.025,0.00061124,kg,AnimalTraits
Calidris melanotos,Aves,Charadriiformes,Scolopacidae,0.06,0.00105672,kg,AnimalTraits
Calidris acuminata,Aves,Charadriiformes,Scolopacidae,0.065,0.00102564,kg,AnimalTraits
Calidris ferruginea,Aves,Charadriiformes,Scolopacidae,0.057,0.00102564,kg,AnimalTraits
Limicola falcinellus,Aves,Charadriiformes,Scolopacidae,0.04,0.00074592,kg,AnimalTraits
Phalaropus lobatus,Aves,Charadriiformes,Scolopacidae,0.034,0.0004662,kg,AnimalTraits
Turnix melanogaster,Aves,Charadriiformes,Turnicidae,0.0825,0.00109816,kg,AnimalTraits
Turnix varius,Aves,Charadriiformes,Turnicidae,0.08,0.00107744,kg,AnimalTraits
Turnix pyrrhothorax,Aves,Charadriiformes,Turnicidae,0.0515,0.00059052,kg,AnimalTraits
Turnix velox,Aves,Charadriiformes,Turnicidae,0.046,0.00069412,kg,AnimalTraits
Stiltia isabella,Aves,Charadriiformes,Glareolidae,0.0545,0.0010878,kg,AnimalTraits
Stercorarius pomarinus,Aves,Charadriiformes,Stercorariidae,0.7,0.00496244,kg,AnimalTraits
Stercorarius parasiticus,Aves,Charadriiformes,Stercorariidae,0.465,0.00403004,kg,AnimalTraits
Stercorarius longicaudus,Aves,Charadriiformes,Stercorariidae,0.295,0.00306656,kg,AnimalTraits
Anous stolidus,Aves,Charadriiformes,Laridae,0.185,0.00231028,kg,AnimalTraits
Anous minutus,Aves,Charadriiformes,Laridae,0.11,0.00156436,kg,AnimalTraits
Onychoprion fuscata,Aves,Charadriiformes,Laridae,0.176,0.00240352,kg,AnimalTraits
Sternula albifrons,Aves,Charadriiformes,Laridae,0.0475,0.00106708,kg,AnimalTraits
Hydroprogne caspia,Aves,Charadriiformes,Laridae,0.5655,0.00485884,kg,AnimalTraits
Chlidonias hybrida,Aves,Charadriiformes,Laridae,0.085,0.00153328,kg,AnimalTraits
Sterna dougallii,Aves,Charadriiformes,Laridae,0.095,0.00158508,kg,AnimalTraits
Sterna sumatrana,Aves,Charadriiformes,Laridae,0.09,0.00135716,kg,AnimalTraits
Sterna hirundo,Aves,Charadriiformes,Laridae,0.12,0.00194768,kg,AnimalTraits
Sterna vittata,Aves,Charadriiformes,Laridae,0.15,0.00208236,kg,AnimalTraits
Thalasseus bergii,Aves,Charadriiformes,Laridae,0.31,0.00348096,kg,AnimalTraits
Larus pacificus,Aves,Charadriiformes,Laridae,1.187,0.0070448,kg,AnimalTraits
Larus dominicanus,Aves,Charadriiformes,Laridae,0.94,0.00684796,kg,AnimalTraits
Chroicocephalus novaehollandiae,Aves,Charadriiformes,Laridae,0.3125,0.00323232,kg,AnimalTraits
Probosciger aterrimus,Aves,Psittaciformes,Cacatuidae,0.806,0.021238,kg,AnimalTraits
Calyptorhynchus banksii,Aves,Psittaciformes,Cacatuidae,0.67,0.0123802,kg,AnimalTraits
Calyptorhynchus lathami,Aves,Psittaciformes,Cacatuidae,0.463,0.01013208,kg,AnimalTraits
Calyptorhynchus funereus,Aves,Psittaciformes,Cacatuidae,0.66,0.01562288,kg,AnimalTraits
Calyptorhynchus latirostris,Aves,Psittaciformes,Cacatuidae,0.65,0.014763,kg,AnimalTraits
Calyptorhynchus baudinii,Aves,Psittaciformes,Cacatuidae,0.66,0.01515668,kg,AnimalTraits
Callocephalon fimbriatum,Aves,Psittaciformes,Cacatuidae,0.25,0.00774928,kg,AnimalTraits
Lophochroa leadbeateri,Aves,Psittaciformes,Cacatuidae,0.387,0.00877492,kg,AnimalTraits
Eolophus roseicapillus,Aves,Psittaciformes,Cacatuidae,0.312,0.00666148,kg,AnimalTraits
Cacatua tenuirostris,Aves,Psittaciformes,Cacatuidae,0.565,0.01102304,kg,AnimalTraits
Cacatua pastinator,Aves,Psittaciformes,Cacatuidae,0.765,0.01138564,kg,AnimalTraits
Cacatua sanguinea,Aves,Psittaciformes,Cacatuidae,0.472,0.00923076,kg,AnimalTraits
Cacatua galerita,Aves,Psittaciformes,Cacatuidae,0.728,0.01475264,kg,AnimalTraits
Nymphicus hollandicus,Aves,Psittaciformes,Cacatuidae,0.08815,0.00247604,kg,AnimalTraits
Trichoglossus haematodus,Aves,Psittaciformes,Psittaculidae,0.125,0.00379176,kg,AnimalTraits
Trichoglossus chlorolepidotus,Aves,Psittaciformes,Psittaculidae,0.0869,0.0031598,kg,AnimalTraits
Psitteuteles versicolor,Aves,Psittaciformes,Psittacidae,0.0536,0.002072,kg,AnimalTraits
Glossopsitta concinna,Aves,Psittaciformes,Psittaculidae,0.07,0.00297332,kg,AnimalTraits
Glossopsitta pusilla,Aves,Psittaciformes,Psittaculidae,0.0415,0.00164724,kg,AnimalTraits
Glossopsitta porphyrocephala,Aves,Psittaciformes,Psittaculidae,0.045,0.00195804,kg,AnimalTraits
Cyclopsitta diophthalma,Aves,Psittaciformes,Psittaculidae,0.0366,0.0017612,kg,AnimalTraits
Eclectus roratus,Aves,Psittaciformes,Psittacidae,0.507,0.00762496,kg,AnimalTraits
Geoffroyus geoffroyi,Aves,Psittaciformes,Psittacidae,0.152,0.00441336,kg,AnimalTraits
Alisterus scapularis,Aves,Psittaciformes,Psittaculidae,0.207,0.00464128,kg,AnimalTraits
Aprosmictus erythropterus,Aves,Psittaciformes,Psittaculidae,0.155,0.0039886,kg,AnimalTraits
Polytelis swainsonii,Aves,Psittaciformes,Psittaculidae,0.145,0.0034706,kg,AnimalTraits
Polytelis anthopeplus,Aves,Psittaciformes,Psittaculidae,0.175,0.0039886,kg,AnimalTraits
Polytelis alexandrae,Aves,Psittaciformes,Psittaculidae,0.105,0.00267288,kg,AnimalTraits
Platycercus caledonicus,Aves,Psittaciformes,Psittaculidae,0.128,0.00376068,kg,AnimalTraits
Platycercus elegans,Aves,Psittaciformes,Psittaculidae,0.124,0.00391608,kg,AnimalTraits
Platycercus eximius,Aves,Psittaciformes,Psittaculidae,0.105,0.00311836,kg,AnimalTraits
Platycercus adscitus,Aves,Psittaciformes,Psittaculidae,0.1035,0.00317016,kg,AnimalTraits
Platycercus venustus,Aves,Psittaciformes,Psittaculidae,0.0925,0.00265216,kg,AnimalTraits
Platycercus icterotis,Aves,Psittaciformes,Psittaculidae,0.065,0.00246568,kg,AnimalTraits
Barnardius zonarius,Aves,Psittaciformes,Psittaculidae,0.1416,0.00405076,kg,AnimalTraits
Purpureicephalus spurius,Aves,Psittaciformes,Psittaculidae,0.115,0.00361564,kg,AnimalTraits
Northiella haematogaster,Aves,Psittaciformes,Psittaculidae,0.078,0.0024864,kg,AnimalTraits
Lathamus discolor,Aves,Psittaciformes,Psittaculidae,0.065,0.00245532,kg,AnimalTraits
Psephotus haematonotus,Aves,Psittaciformes,Psittaculidae,0.0625,0.00204092,kg,AnimalTraits
Psephotus varius,Aves,Psittaciformes,Psittaculidae,0.055,0.00185444,kg,AnimalTraits
Psephotus chrysopterygius,Aves,Psittaciformes,Psittaculidae,0.04115,0.0014504,kg,AnimalTraits
Psephotus dissimilis,Aves,Psittaciformes,Psittaculidae,0.0475,0.00180264,kg,AnimalTraits
Melopsittacus undulatus,Aves,Psittaciformes,Psittaculidae,0.026,0.001554,kg,AnimalTraits
Neopsephotus bourkii,Aves,Psittaciformes,Psittaculidae,0.045,0.001295,kg,AnimalTraits
Neophema chrysostoma,Aves,Psittaciformes,Psittaculidae,0.055,0.00159544,kg,AnimalTraits
Neophema elegans,Aves,Psittaciformes,Psittaculidae,0.0425,0.00132608,kg,AnimalTraits
Neophema petrophila,Aves,Psittaciformes,Psittaculidae,0.055,0.0017612,kg,AnimalTraits
Neophema pulchella,Aves,Psittaciformes,Psittaculidae,0.04,0.00133644,kg,AnimalTraits
Neophema splendida,Aves,Psittaciformes,Psittaculidae,0.0385,0.00132608,kg,AnimalTraits
Pezoporus wallicus,Aves,Psittaciformes,Psittaculidae,0.0775,0.00275576,kg,AnimalTraits
Centropus phasianinus,Aves,Cuculiformes,Cuculidae,0.377,0.00426832,kg,AnimalTraits
Eudynamys orientalis,Aves,Cuculiformes,Cuculidae,0.243,0.00254856,kg,AnimalTraits
Scythrops novaehollandiae,Aves,Cuculiformes,Cuculidae,0.7475,0.0055426,kg,AnimalTraits
Chrysococcyx basalis,Aves,Cuculiformes,Cuculidae,0.0245,0.00064232,kg,AnimalTraits
Chrysococcyx osculans,Aves,Cuculiformes,Cuculidae,0.032,0.00075628,kg,AnimalTraits
Chrysococcyx lucidus,Aves,Cuculiformes,Cuculidae,0.025,0.00071484,kg,AnimalTraits
Chrysococcyx minutillus,Aves,Cuculiformes,Cuculidae,0.017,0.00060088,kg,AnimalTraits
Cacomantis castaneiventris,Aves,Cuculiformes,Cuculidae,0.03,0.0009842,kg,AnimalTraits
Cacomantis flabelliformis,Aves,Cuculiformes,Cuculidae,0.0538,0.00112924,kg,AnimalTraits
Cacomantis variolosus,Aves,Cuculiformes,Cuculidae,0.038,0.00100492,kg,AnimalTraits
Cacomantis pallidus,Aves,Cuculiformes,Cuculidae,0.0905,0.00148148,kg,AnimalTraits
Ninox strenua,Aves,Strigiformes,Strigidae,1.35,0.01185184,kg,AnimalTraits
Ninox rufa,Aves,Strigiformes,Strigidae,0.82,0.00873348,kg,AnimalTraits
Ninox connivens,Aves,Strigiformes,Strigidae,0.522,0.0066304,kg,AnimalTraits
Ninox novaeseelandiae,Aves,Strigiformes,Strigidae,0.234,0.00572908,kg,AnimalTraits
Tyto tenebricosa,Aves,Strigiformes,Tytonidae,0.585,0.0131572,kg,AnimalTraits
Tyto novaehollandiae,Aves,Strigiformes,Tytonidae,0.593,0.00877492,kg,AnimalTraits
Tyto javanica,Aves,Strigiformes,Tytonidae,0.36,0.00674436,kg,AnimalTraits
Tyto longimembris,Aves,Strigiformes,Tytonidae,0.3715,0.00541828,kg,AnimalTraits
Ceyx azureus,Aves,Coraciiformes,Alcedinidae,0.035,0.00101528,kg,AnimalTraits
Tanysiptera sylvia,Aves,Coraciiformes,Alcedinidae,0.047,0.00118104,kg,AnimalTraits
Dacelo novaeguineae,Aves,Coraciiformes,Alcedinidae,0.281,0.00446516,kg,AnimalTraits
Dacelo leachii,Aves,Coraciiformes,Alcedinidae,0.31,0.00438228,kg,AnimalTraits
Syma torotoro,Aves,Coraciiformes,Alcedinidae,0.0395,0.00114996,kg,AnimalTraits
Todiramphus macleayii,Aves,Coraciiformes,Alcedinidae,0.038,0.00110852,kg,AnimalTraits
Todiramphus pyrrhopygius,Aves,Coraciiformes,Alcedinidae,0.0555,0.00117068,kg,AnimalTraits
Todiramphus sanctus,Aves,Coraciiformes,Alcedinidae,0.0515,0.00106708,kg,AnimalTraits
Todiramphus chloris,Aves,Coraciiformes,Alcedinidae,0.067,0.00138824,kg,AnimalTraits
Merops ornatus,Aves,Coraciiformes,Meropidae,0.031,0.00064232,kg,AnimalTraits
Eurystomus orientalis,Aves,Coraciiformes,Coraciidae,0.1875,0.00205128,kg,AnimalTraits
Pitta versicolor,Aves,Passeriformes,Pittidae,0.1,0.00193732,kg,AnimalTraits
Menura novaehollandiae,Aves,Passeriformes,Menuridae,1.024,0.01109556,kg,AnimalTraits
Atrichornis clamosus,Aves,Passeriformes,Atrichorniithidae,0.043,0.0017612,kg,AnimalTraits
Cormobates leucophaea,Aves,Passeriformes,Climacteridae,0.0207,0.00083916,kg,AnimalTraits
Climacteris erythrops,Aves,Passeriformes,Climacteridae,0.023,0.00091168,kg,AnimalTraits
Climacteris picumnus,Aves,Passeriformes,Climacteridae,0.0318,0.001036,kg,AnimalTraits
Climacteris melanura,Aves,Passeriformes,Climacteridae,0.032,0.00089096,kg,AnimalTraits
Climacteris rufa,Aves,Passeriformes,Climacteridae,0.033,0.00106708,kg,AnimalTraits
Ailuroedus maculosus,Aves,Passeriformes,Ptilonorhynchidae,0.1692,0.0045584,kg,AnimalTraits
Ailuroedus crassirostris,Aves,Passeriformes,Ptilonorhynchidae,0.21,0.00415436,kg,AnimalTraits
Scenopoeetes dentirostris,Aves,Passeriformes,Ptilonorhynchidae,0.1655,0.003626,kg,AnimalTraits
Amblyornis newtonianus,Aves,Passeriformes,Ptilonorhynchidae,0.079,0.0024864,kg,AnimalTraits
Sericulus chrysocephalus,Aves,Passeriformes,Ptilonorhynchidae,0.104,0.00346024,kg,AnimalTraits
Ptilonorhynchus violaceus,Aves,Passeriformes,Ptilonorhynchidae,0.198,0.00488992,kg,AnimalTraits
Ptilonorhynchus maculatus,Aves,Passeriformes,Ptilonorhynchidae,0.147,0.0037814,kg,AnimalTraits
Ptilonorhynchus nuchalis,Aves,Passeriformes,Ptilonorhynchidae,0.2,0.00519036,kg,AnimalTraits
Malurus cyaneus,Aves,Passeriformes,Maluridae,0.0106,0.00048692,kg,AnimalTraits
Malurus splendens,Aves,Passeriformes,Maluridae,0.0092,0.0004662,kg,AnimalTraits
Malurus coronatus,Aves,Passeriformes,Maluridae,0.0105,0.00049728,kg,AnimalTraits
Malurus melanocephalus,Aves,Passeriformes,Maluridae,0.0073,0.0004662,kg,AnimalTraits
Malurus leucopterus,Aves,Passeriformes,Maluridae,0.0075,0.00040404,kg,AnimalTraits
Malurus lamberti,Aves,Passeriformes,Maluridae,0.008,0.00047656,kg,AnimalTraits
Malurus pulcherrimus,Aves,Passeriformes,Maluridae,0.00925,0.00043512,kg,AnimalTraits
Malurus elegans,Aves,Passeriformes,Maluridae,0.00975,0.00059052,kg,AnimalTraits
Stipiturus malachurus,Aves,Passeriformes,Maluridae,0.0076,0.0004144,kg,AnimalTraits
Amytornis goyderi,Aves,Passeriformes,Maluridae,0.017,0.00080808,kg,AnimalTraits
Dasyornis brachypterus,Aves,Passeriformes,Dasyornithidae,0.045,0.0015022,kg,AnimalTraits
Dasyornis broadbenti,Aves,Passeriformes,Dasyornithidae,0.074,0.00194768,kg,AnimalTraits
Pycnoptilus floccosus,Aves,Passeriformes,Acanthizidae,0.0292,0.00122248,kg,AnimalTraits
Origma solitaria,Aves,Passeriformes,Acanthizidae,0.0145,0.0008806,kg,AnimalTraits
Sericornis citreogularis,Aves,Passeriformes,Acanthizidae,0.0169,0.00081844,kg,AnimalTraits
Sericornis frontalis,Aves,Passeriformes,Acanthizidae,0.013,0.00078736,kg,AnimalTraits
Sericornis magnirostra,Aves,Passeriformes,Acanthizidae,0.01,0.0006216,kg,AnimalTraits
Hylacola pyrrhopygia,Aves,Passeriformes,Acanthizidae,0.017,0.00106708,kg,AnimalTraits
Hylacola cauta,Aves,Passeriformes,Acanthizidae,0.0147,0.00083916,kg,AnimalTraits
Calamanthus fuliginosus,Aves,Passeriformes,Acanthizidae,0.0208,0.0007252,kg,AnimalTraits
Calamanthus campestris,Aves,Passeriformes,Acanthizidae,0.014,0.00066304,kg,AnimalTraits
Pyrrholaemus brunneus,Aves,Passeriformes,Acanthizidae,0.012,0.00059052,kg,AnimalTraits
Chthonicola sagittata,Aves,Passeriformes,Acanthizidae,0.0135,0.0006216,kg,AnimalTraits
Smicrornis brevirostris,Aves,Passeriformes,Acanthizidae,0.0057,0.00030044,kg,AnimalTraits
Gerygone fusca,Aves,Passeriformes,Acanthizidae,0.006,0.00035224,kg,AnimalTraits
Gerygone magnirostris,Aves,Passeriformes,Acanthizidae,0.007,0.00043512,kg,AnimalTraits
Gerygone chloronota,Aves,Passeriformes,Acanthizidae,0.0065,0.00037296,kg,AnimalTraits
Acanthiza lineata,Aves,Passeriformes,Acanthizidae,0.0073,0.00052836,kg,AnimalTraits
Acanthiza nana,Aves,Passeriformes,Acanthizidae,0.0065,0.00037296,kg,AnimalTraits
Acanthiza chrysorrhoa,Aves,Passeriformes,Acanthizidae,0.0091,0.00044548,kg,AnimalTraits
Acanthiza uropygialis,Aves,Passeriformes,Acanthizidae,0.006,0.00037296,kg,AnimalTraits
Acanthiza reguloides,Aves,Passeriformes,Acanthizidae,0.0074,0.00040404,kg,AnimalTraits
Acanthiza inornata,Aves,Passeriformes,Acanthizidae,0.007,0.00045584,kg,AnimalTraits
Acanthiza ewingii,Aves,Passeriformes,Acanthizidae,0.007,0.00065268,kg,AnimalTraits
Acanthiza pusilla,Aves,Passeriformes,Acanthizidae,0.0074,0.0004662,kg,AnimalTraits
Aphelocephala leucopsis,Aves,Passeriformes,Acanthizidae,0.0125,0.00055944,kg,AnimalTraits
Aphelocephala nigricincta,Aves,Passeriformes,Acanthizidae,0.011,0.00048692,kg,AnimalTraits
Pardalotus punctatus,Aves,Passeriformes,Pardalotidae,0.009,0.0004144,kg,AnimalTraits
Pardalotus striatus,Aves,Passeriformes,Pardalotidae,0.0106,0.00053872,kg,AnimalTraits
Acanthorhynchus tenuirostris,Aves,Passeriformes,Meliphagidae,0.011,0.00049728,kg,AnimalTraits
Certhionyx variegatus,Aves,Passeriformes,Meliphagidae,0.027,0.00087024,kg,AnimalTraits
Meliphaga lewinii,Aves,Passeriformes,Meliphagidae,0.0333,0.00121212,kg,AnimalTraits
Meliphaga notata,Aves,Passeriformes,Meliphagidae,0.026,0.00090132,kg,AnimalTraits
Meliphaga gracilis,Aves,Passeriformes,Meliphagidae,0.015,0.0006734,kg,AnimalTraits
Lichenostomus frenatus,Aves,Passeriformes,Meliphagidae,0.035,0.00107744,kg,AnimalTraits
Lichenostomus hindwoodi,Aves,Passeriformes,Meliphagidae,0.02345,0.00092204,kg,AnimalTraits
Lichenostomus chrysops,Aves,Passeriformes,Meliphagidae,0.01625,0.00074592,kg,AnimalTraits
Lichenostomus virescens,Aves,Passeriformes,Meliphagidae,0.0253,0.00095312,kg,AnimalTraits
Lichenostomus unicolor,Aves,Passeriformes,Meliphagidae,0.031,0.00084952,kg,AnimalTraits
Lichenostomus flavus,Aves,Passeriformes,Meliphagidae,0.022,0.00073556,kg,AnimalTraits
Lichenostomus leucotis,Aves,Passeriformes,Meliphagidae,0.0224,0.00092204,kg,AnimalTraits
Lichenostomus melanops,Aves,Passeriformes,Meliphagidae,0.0267,0.00095312,kg,AnimalTraits
Lichenostomus cratitius,Aves,Passeriformes,Meliphagidae,0.02,0.00095312,kg,AnimalTraits
Lichenostomus keartlandi,Aves,Passeriformes,Meliphagidae,0.015,0.00071484,kg,AnimalTraits
Lichenostomus ornatus,Aves,Passeriformes,Meliphagidae,0.017,0.000777,kg,AnimalTraits
Lichenostomus plumulus,Aves,Passeriformes,Meliphagidae,0.0167,0.00089096,kg,AnimalTraits
Lichenostomus fuscus,Aves,Passeriformes,Meliphagidae,0.0172,0.00075628,kg,AnimalTraits
Lichenostomus flavescens,Aves,Passeriformes,Meliphagidae,0.0138,0.00053872,kg,AnimalTraits
Lichenostomus penicillatus,Aves,Passeriformes,Meliphagidae,0.0177,0.00085988,kg,AnimalTraits
Purnella albifrons,Aves,Passeriformes,Meliphagidae,0.0175,0.00074592,kg,AnimalTraits
Manorina melanophrys,Aves,Passeriformes,Meliphagidae,0.03,0.00118104,kg,AnimalTraits
Manorina melanocephala,Aves,Passeriformes,Meliphagidae,0.068,0.00192696,kg,AnimalTraits
Manorina flavigula,Aves,Passeriformes,Meliphagidae,0.0603,0.00141932,kg,AnimalTraits
Acanthagenys rufogularis,Aves,Passeriformes,Meliphagidae,0.05,0.00120176,kg,AnimalTraits
Anthochaera chrysoptera,Aves,Passeriformes,Meliphagidae,0.072,0.0017612,kg,AnimalTraits
Anthochaera phrygia,Aves,Passeriformes,Meliphagidae,0.042,0.00106708,kg,AnimalTraits
Anthochaera carunculata,Aves,Passeriformes,Meliphagidae,0.1094,0.0022792,kg,AnimalTraits
Ramsayornis modestus,Aves,Passeriformes,Meliphagidae,0.011,0.00052836,kg,AnimalTraits
Conopophila albogularis,Aves,Passeriformes,Meliphagidae,0.012,0.00053872,kg,AnimalTraits
Conopophila rufogularis,Aves,Passeriformes,Meliphagidae,0.011,0.00045584,kg,AnimalTraits
Epthianura tricolor,Aves,Passeriformes,Meliphagidae,0.011,0.00045584,kg,AnimalTraits
Epthianura aurifrons,Aves,Passeriformes,Meliphagidae,0.011,0.00044548,kg,AnimalTraits
Epthianura albifrons,Aves,Passeriformes,Meliphagidae,0.013,0.00054908,kg,AnimalTraits
Ashbyia lovensis,Aves,Passeriformes,Meliphagidae,0.018,0.00069412,kg,AnimalTraits
Sugomel niger,Aves,Passeriformes,Meliphagidae,0.0095,0.00038332,kg,AnimalTraits
Myzomela obscura,Aves,Passeriformes,Meliphagidae,0.013,0.00052836,kg,AnimalTraits
Myzomela sanguinolenta,Aves,Passeriformes,Meliphagidae,0.008,0.00035224,kg,AnimalTraits
Gliciphila melanops,Aves,Passeriformes,Meliphagidae,0.018,0.00064232,kg,AnimalTraits
Cissomela pectoralis,Aves,Passeriformes,Meliphagidae,0.0095,0.00044548,kg,AnimalTraits
Lichmera indistincta,Aves,Passeriformes,Meliphagidae,0.0103,0.00052836,kg,AnimalTraits
Phylidonyris novaehollandiae,Aves,Passeriformes,Meliphagidae,0.0204,0.0009324,kg,AnimalTraits
Phylidonyris niger,Aves,Passeriformes,Meliphagidae,0.0185,0.0008288,kg,AnimalTraits
Trichodere cockerelli,Aves,Passeriformes,Meliphagidae,0.015,0.0006734,kg,AnimalTraits
Melithreptus validirostris,Aves,Passeriformes,Meliphagidae,0.025,0.00132608,kg,AnimalTraits
Melithreptus brevirostris,Aves,Passeriformes,Meliphagidae,0.0154,0.00070448,kg,AnimalTraits
Melithreptus albogularis,Aves,Passeriformes,Meliphagidae,0.012,0.00065268,kg,AnimalTraits
Melithreptus lunatus,Aves,Passeriformes,Meliphagidae,0.014,0.0006216,kg,AnimalTraits
Entomyzon cyanotis,Aves,Passeriformes,Meliphagidae,0.1033,0.00231028,kg,AnimalTraits
Philemon buceroides,Aves,Passeriformes,Meliphagidae,0.1109,0.0022274,kg,AnimalTraits
Philemon argenticeps,Aves,Passeriformes,Meliphagidae,0.0874,0.0017612,kg,AnimalTraits
Philemon corniculatus,Aves,Passeriformes,Meliphagidae,0.1,0.00205128,kg,AnimalTraits
Philemon citreogularis,Aves,Passeriformes,Meliphagidae,0.0622,0.00163688,kg,AnimalTraits
Xanthotis macleayana,Aves,Passeriformes,Meliphagidae,0.032,0.00094276,kg,AnimalTraits
Xanthotis flaviventer,Aves,Passeriformes,Meliphagidae,0.035,0.0010878,kg,AnimalTraits
Plectorhyncha lanceolata,Aves,Passeriformes,Meliphagidae,0.04,0.00112924,kg,AnimalTraits
Grantiella picta,Aves,Passeriformes,Meliphagidae,0.0215,0.0007252,kg,AnimalTraits
Pomatostomus temporalis,Aves,Passeriformes,Pomatostomidae,0.0695,0.0019684,kg,AnimalTraits
Pomatostomus halli,Aves,Passeriformes,Pomatostomidae,0.04,0.0016576,kg,AnimalTraits
Pomatostomus superciliosus,Aves,Passeriformes,Pomatostomidae,0.041,0.00157472,kg,AnimalTraits
Pomatostomus ruficeps,Aves,Passeriformes,Pomatostomidae,0.055,0.0024346,kg,AnimalTraits
Orthonyx temminckii,Aves,Passeriformes,Orthonychidae,0.059,0.00182336,kg,AnimalTraits
Orthonyx spaldingii,Aves,Passeriformes,Orthonychidae,0.1492,0.0030044,kg,AnimalTraits
Cinclosoma punctatum,Aves,Passeriformes,Psophodidae,0.1116,0.00218596,kg,AnimalTraits
Cinclosoma cinnamomeum,Aves,Passeriformes,Psophodidae,0.0568,0.00152292,kg,AnimalTraits
Psophodes olivaceus,Aves,Passeriformes,Psophodidae,0.0599,0.00225848,kg,AnimalTraits
Psophodes cristatus,Aves,Passeriformes,Psophodidae,0.04,0.0014504,kg,AnimalTraits
Psophodes occidentalis,Aves,Passeriformes,Psophodidae,0.039,0.00137788,kg,AnimalTraits
Daphoenositta chrysoptera,Aves,Passeriformes,Neosittidae,0.0118,0.00063196,kg,AnimalTraits
Coracina maxima,Aves,Passeriformes,Campephagidae,0.1395,0.0022792,kg,AnimalTraits
Coracina novaehollandiae,Aves,Passeriformes,Campephagidae,0.115,0.0024864,kg,AnimalTraits
Coracina papuensis,Aves,Passeriformes,Campephagidae,0.0657,0.00210308,kg,AnimalTraits
Coracina tenuirostris,Aves,Passeriformes,Campephagidae,0.0666,0.00178192,kg,AnimalTraits
Lalage sueurii,Aves,Passeriformes,Campephagidae,0.0275,0.00090132,kg,AnimalTraits
Falcunculus frontatus,Aves,Passeriformes,Pachycephalidae,0.028,0.00128464,kg,AnimalTraits
Pachycephala olivacea,Aves,Passeriformes,Pachycephalidae,0.04,0.00153328,kg,AnimalTraits
Pachycephala rufogularis,Aves,Passeriformes,Pachycephalidae,0.037,0.00112924,kg,AnimalTraits
Pachycephala pectoralis,Aves,Passeriformes,Pachycephalidae,0.0274,0.00116032,kg,AnimalTraits
Pachycephala simplex,Aves,Passeriformes,Pachycephalidae,0.0175,0.00085988,kg,AnimalTraits
Pachycephala rufiventris,Aves,Passeriformes,Pachycephalidae,0.0226,0.00106708,kg,AnimalTraits
Colluricincla megarhyncha,Aves,Passeriformes,Pachycephalidae,0.0372,0.00138824,kg,AnimalTraits
Colluricincla harmonica,Aves,Passeriformes,Pachycephalidae,0.0676,0.002072,kg,AnimalTraits
Oreoica gutturalis,Aves,Passeriformes,Oreoicidae,0.0633,0.00173012,kg,AnimalTraits
Sphecotheres vieilloti,Aves,Passeriformes,Oriolidae,0.1226,0.00232064,kg,AnimalTraits
Oriolus flavocinctus,Aves,Passeriformes,Oriolidae,0.0977,0.0021756,kg,AnimalTraits
Oriolus sagittatus,Aves,Passeriformes,Oriolidae,0.095,0.00203056,kg,AnimalTraits
Artamus leucorynchus,Aves,Passeriformes,Artamidae,0.041,0.00111888,kg,AnimalTraits
Artamus personatus,Aves,Passeriformes,Artamidae,0.0347,0.00106708,kg,AnimalTraits
Artamus superciliosus,Aves,Passeriformes,Artamidae,0.035,0.00107744,kg,AnimalTraits
Artamus cinereus,Aves,Passeriformes,Artamidae,0.0377,0.00095312,kg,AnimalTraits
Artamus cyanopterus,Aves,Passeriformes,Artamidae,0.035,0.001036,kg,AnimalTraits
Artamus minor,Aves,Passeriformes,Artamidae,0.017,0.00053872,kg,AnimalTraits
Melloria quoyi,Aves,Passeriformes,Artamidae,0.1744,0.0036778,kg,AnimalTraits
Cracticus torquatus,Aves,Passeriformes,Artamidae,0.0907,0.00288008,kg,AnimalTraits
Cracticus nigrogularis,Aves,Passeriformes,Artamidae,0.1241,0.00312872,kg,AnimalTraits
Cracticus tibicen,Aves,Passeriformes,Artamidae,0.2798,0.0048174,kg,AnimalTraits
Strepera graculina,Aves,Passeriformes,Artamidae,0.3048,0.00553224,kg,AnimalTraits
Strepera fuliginosa,Aves,Passeriformes,Artamidae,0.3604,0.0059052,kg,AnimalTraits
Strepera versicolor,Aves,Passeriformes,Artamidae,0.3845,0.00618492,kg,AnimalTraits
Dicrurus bracteatus,Aves,Passeriformes,Dicruridae,0.0826,0.0018648,kg,AnimalTraits
Rhipidura rufifrons,Aves,Passeriformes,Rhipiduridae,0.0097,0.00037296,kg,AnimalTraits
Rhipidura albiscapa,Aves,Passeriformes,Rhipiduridae,0.0078,0.00035224,kg,AnimalTraits
Rhipidura rufiventris,Aves,Passeriformes,Rhipiduridae,0.014,0.0005698,kg,AnimalTraits
Rhipidura leucophrys,Aves,Passeriformes,Rhipiduridae,0.0207,0.00060088,kg,AnimalTraits
Corvus coronoides,Aves,Passeriformes,Corvidae,0.6344,0.01018388,kg,AnimalTraits
Corvus mellori,Aves,Passeriformes,Corvidae,0.53,0.008806,kg,AnimalTraits
Corvus bennetti,Aves,Passeriformes,Corvidae,0.4,0.00667184,kg,AnimalTraits
Corvus orru,Aves,Passeriformes,Corvidae,0.5819,0.00923076,kg,AnimalTraits
Myiagra rubecula,Aves,Passeriformes,Monarchidae,0.0126,0.00055944,kg,AnimalTraits
Myiagra cyanoleuca,Aves,Passeriformes,Monarchidae,0.017,0.00065268,kg,AnimalTraits
Myiagra alecto,Aves,Passeriformes,Monarchidae,0.0205,0.00075628,kg,AnimalTraits
Myiagra inquieta,Aves,Passeriformes,Monarchidae,0.017,0.00078736,kg,AnimalTraits
Carterornis leucotis,Aves,Passeriformes,Monarchidae,0.0121,0.00053872,kg,AnimalTraits
Monarcha melanopsis,Aves,Passeriformes,Monarchidae,0.023,0.00095312,kg,AnimalTraits
Symposiarchus trivirgatus,Aves,Passeriformes,Monarchidae,0.0131,0.00065268,kg,AnimalTraits
Grallina cyanoleuca,Aves,Passeriformes,Monarchidae,0.088,0.00174048,kg,AnimalTraits
Arses telescophthalmus,Aves,Passeriformes,Monarchidae,0.013,0.00064232,kg,AnimalTraits
Corcorax melanorhamphos,Aves,Passeriformes,Corcoracidae,0.36,0.0053872,kg,AnimalTraits
Struthidea cinerea,Aves,Passeriformes,Corcoracidae,0.135,0.00308728,kg,AnimalTraits
Ptiloris paradiseus,Aves,Passeriformes,Paradisaeidae,0.12,0.00288008,kg,AnimalTraits
Ptiloris victoriae,Aves,Passeriformes,Paradisaeidae,0.0965,0.00263144,kg,AnimalTraits
Ptiloris magnificus,Aves,Passeriformes,Paradisaeidae,0.134,0.0029008,kg,AnimalTraits
Microeca fascinans,Aves,Passeriformes,Petroicidae,0.0145,0.00055944,kg,AnimalTraits
Microeca flavigaster,Aves,Passeriformes,Petroicidae,0.0123,0.00052836,kg,AnimalTraits
Petroica boodang,Aves,Passeriformes,Petroicidae,0.0133,0.00053872,kg,AnimalTraits
Petroica goodenovii,Aves,Passeriformes,Petroicidae,0.009,0.00038332,kg,AnimalTraits
Petroica phoenicea,Aves,Passeriformes,Petroicidae,0.013,0.00050764,kg,AnimalTraits
Petroica rosea,Aves,Passeriformes,Petroicidae,0.008,0.00044548,kg,AnimalTraits
Petroica rodinogaster,Aves,Passeriformes,Petroicidae,0.0099,0.00050764,kg,AnimalTraits
Melanodryas cucullata,Aves,Passeriformes,Petroicidae,0.0209,0.0008288,kg,AnimalTraits
Melanodryas vittata,Aves,Passeriformes,Petroicidae,0.027,0.001036,kg,AnimalTraits
Tregellasia capito,Aves,Passeriformes,Petroicidae,0.0136,0.00079772,kg,AnimalTraits
Tregellasia leucops,Aves,Passeriformes,Petroicidae,0.0148,0.00061124,kg,AnimalTraits
Eopsaltria australis,Aves,Passeriformes,Petroicidae,0.0199,0.00089096,kg,AnimalTraits
Eopsaltria griseogularis,Aves,Passeriformes,Petroicidae,0.0201,0.00085988,kg,AnimalTraits
Eopsaltria georgiana,Aves,Passeriformes,Petroicidae,0.0185,0.000777,kg,AnimalTraits
Peneonanthe pulverulenta,Aves,Passeriformes,Petroicidae,0.02,0.00085988,kg,AnimalTraits
Heteromyias cinereifrons,Aves,Passeriformes,Petroicidae,0.035,0.0010878,kg,AnimalTraits
Poecilodryas superciliosa,Aves,Passeriformes,Petroicidae,0.0179,0.00095312,kg,AnimalTraits
Poecilodryas cerviniventris,Aves,Passeriformes,Petroicidae,0.0199,0.00074592,kg,AnimalTraits
Drymodes brunneopygia,Aves,Passeriformes,Petroicidae,0.0335,0.0009842,kg,AnimalTraits
Mirafra javanica,Aves,Passeriformes,Petroicidae,0.0225,0.00075628,kg,AnimalTraits
Cisticola exilis,Aves,Passeriformes,Cisticolidae,0.0075,0.00040404,kg,AnimalTraits
Acrocephalus orientalis,Aves,Passeriformes,Acrocephalidae,0.0173,0.00094276,kg,AnimalTraits
Megalurus gramineus,Aves,Passeriformes,Locustellidae,0.0135,0.00058016,kg,AnimalTraits
Megalurus mathewsi,Aves,Passeriformes,Locustellidae,0.029,0.0009324,kg,AnimalTraits
Megalurus cruralis,Aves,Passeriformes,Locustellidae,0.0515,0.00116032,kg,AnimalTraits
Zosterops lateralis,Aves,Passeriformes,Zosteropidae,0.0118,0.00048692,kg,AnimalTraits
Cheramoeca leucosterna,Aves,Passeriformes,Hirundinidae,0.0141,0.00042476,kg,AnimalTraits
Hirundo rustica,Aves,Passeriformes,Hirundinidae,0.017,0.0005698,kg,AnimalTraits
Hirundo neoxena,Aves,Passeriformes,Hirundinidae,0.015,0.00049728,kg,AnimalTraits
Petrochelidon ariel,Aves,Passeriformes,Hirundinidae,0.0105,0.00037296,kg,AnimalTraits
Petrochelidon nigricans,Aves,Passeriformes,Hirundinidae,0.0167,0.00053872,kg,AnimalTraits
Zoothera lunulata,Aves,Passeriformes,Turdidae,0.1083,0.00223776,kg,AnimalTraits
Zoothera heinei,Aves,Passeriformes,Turdidae,0.085,0.0018648,kg,AnimalTraits
Dicaeum hirundinaceum,Aves,Passeriformes,Dicaeidae,0.009,0.00038332,kg,AnimalTraits
Cinnyris jugularis,Aves,Passeriformes,Nectariniidae,0.009,0.0004144,kg,AnimalTraits
Taeniopygia guttata,Aves,Passeriformes,Estrildidae,0.012,0.00045584,kg,AnimalTraits
Taeniopygia bichenovii,Aves,Passeriformes,Estrildidae,0.009,0.0004144,kg,AnimalTraits
Poephila acuticauda,Aves,Passeriformes,Estrildidae,0.0145,0.00052836,kg,AnimalTraits
Poephila cincta,Aves,Passeriformes,Estrildidae,0.015,0.00048692,kg,AnimalTraits
Poephila personata,Aves,Passeriformes,Estrildidae,0.0125,0.000518,kg,AnimalTraits
Neochmia phaeton,Aves,Passeriformes,Estrildidae,0.0099,0.000518,kg,AnimalTraits
Neochmia temporalis,Aves,Passeriformes,Estrildidae,0.0094,0.00053872,kg,AnimalTraits
Stagonopleura bella,Aves,Passeriformes,Estrildidae,0.014,0.00066304,kg,AnimalTraits
Erythrura trichroa,Aves,Passeriformes,Estrildidae,0.0145,0.00060088,kg,AnimalTraits
Erythrura gouldiae,Aves,Passeriformes,Estrildidae,0.0145,0.00054908,kg,AnimalTraits
Anthus novaeseelandiae,Aves,Passeriformes,Motacillidae,0.0264,0.00087024,kg,AnimalTraits
Motacilla sp.,Aves,Passeriformes,Motacillidae,0.023,0.0005698,kg,AnimalTraits
Haematopus longirostris,Aves,Charadriiformes,Haematopodidae,0.6781,0.00473452,kg,AnimalTraits
Haematopus fuliginosus,Aves,Charadriiformes,Haematopodidae,0.7594,0.00539756,kg,AnimalTraits
Himantopus himantopus,Aves,Charadriiformes,Recurvirostridae,0.1744,0.0019684,kg,AnimalTraits
Recurvirostra novaehollandiae,Aves,Charadriiformes,Recurvirostridae,0.3244,0.002072,kg,AnimalTraits
Pluvialis fulva,Aves,Charadriiformes,Charadriidae,0.1291,0.00199948,kg,AnimalTraits
Pluvialis squatarola,Aves,Charadriiformes,Charadriidae,0.2752,0.0026418,kg,AnimalTraits
Charadrius ruficapillus,Aves,Charadriiformes,Charadriidae,0.0375,0.00084952,kg,AnimalTraits
Charadrius bicinctus,Aves,Charadriiformes,Charadriidae,0.0586,0.00114996,kg,AnimalTraits
Elseyornis melanops,Aves,Charadriiformes,Charadriidae,0.0303,0.00087024,kg,AnimalTraits
Thinornis rubricollis,Aves,Charadriiformes,Charadriidae,0.1008,0.00117068,kg,AnimalTraits
Erythrogonys cinctus,Aves,Charadriiformes,Charadriidae,0.0484,0.00100492,kg,AnimalTraits
Vanellus tricolor,Aves,Charadriiformes,Charadriidae,0.1842,0.00247604,kg,AnimalTraits
Vanellus miles,Aves,Charadriiformes,Charadriidae,0.3598,0.0029526,kg,AnimalTraits
Gallinago hardwickii,Aves,Charadriiformes,Scolopacidae,0.1537,0.0020202,kg,AnimalTraits
Limosa lapponica,Aves,Charadriiformes,Scolopacidae,0.3336,0.00286972,kg,AnimalTraits
Numenius phaeopus,Aves,Charadriiformes,Scolopacidae,0.3801,0.00324268,kg,AnimalTraits
Numenius madagascariensis,Aves,Charadriiformes,Scolopacidae,0.7641,0.0048692,kg,AnimalTraits
Actitis hypoleucos,Aves,Charadriiformes,Scolopacidae,0.0433,0.00089096,kg,AnimalTraits
Tringa brevipes,Aves,Charadriiformes,Scolopacidae,0.1237,0.00140896,kg,AnimalTraits
Tringa nebularia,Aves,Charadriiformes,Scolopacidae,0.1735,0.0019166,kg,AnimalTraits
Tringa stagnatilis,Aves,Charadriiformes,Scolopacidae,0.0703,0.00105672,kg,AnimalTraits
Arenaria interpres,Aves,Charadriiformes,Scolopacidae,0.1115,0.00138824,kg,AnimalTraits
Calidris alba,Aves,Charadriiformes,Scolopacidae,0.0545,0.00104636,kg,AnimalTraits
Calidris ruficollis,Aves,Charadriiformes,Scolopacidae,0.0268,0.00068376,kg,AnimalTraits
Calidris melanotos,Aves,Charadriiformes,Scolopacidae,0.0609,0.00112924,kg,AnimalTraits
Calidris acuminata,Aves,Charadriiformes,Scolopacidae,0.0646,0.00102564,kg,AnimalTraits
Calidris ferruginea,Aves,Charadriiformes,Scolopacidae,0.0552,0.00102564,kg,AnimalTraits
Menura novaehollandiae,Aves,Passeriformes,Menuridae,0.91,0.0105,kg,AnimalTraits
Pica nuttalli,Aves,Passeriformes,Corvidae,0.16,0.0043,kg,AnimalTraits
Ptilostomus afer,Aves,Passeriformes,Corvidae,0.13,0.0029,kg,AnimalTraits
Corvus rhipidurus,Aves,Passeriformes,Corvidae,0.745,0.0094,kg,AnimalTraits
Corvus cryptoleucus,Aves,Passeriformes,Corvidae,0.535,0.0087,kg,AnimalTraits
Corvus caurinus,Aves,Passeriformes,Corvidae,0.39,0.007,kg,AnimalTraits
Corvus ossifragus,Aves,Passeriformes,Corvidae,0.285,0.0067,kg,AnimalTraits
Corvus palmarum,Aves,Passeriformes,Corvidae,0.29,0.0059,kg,AnimalTraits
Corvus nasicus,Aves,Passeriformes,Corvidae,0.36,0.0059,kg,AnimalTraits
Corvus enca,Aves,Passeriformes,Corvidae,0.24,0.0066,kg,AnimalTraits
Corvus orru,Aves,Passeriformes,Corvidae,0.435,0.0081,kg,AnimalTraits
Corvus bennetti,Aves,Passeriformes,Corvidae,0.43,0.0079,kg,AnimalTraits
Corvus tristis,Aves,Passeriformes,Corvidae,0.635,0.0103,kg,AnimalTraits
Corvus moneduloides,Aves,Passeriformes,Corvidae,0.275,0.0063,kg,AnimalTraits
Corvus macrorhynchos,Aves,Passeriformes,Corvidae,0.49,0.0097,kg,AnimalTraits
Corvus splendens,Aves,Passeriformes,Corvidae,0.295,0.0057,kg,AnimalTraits
Pyrrhocorax graculus,Aves,Passeriformes,Corvidae,0.15,0.0035,kg,AnimalTraits
Pyrrhocorax pyrrhocorax,Aves,Passeriformes,Corvidae,0.3,0.0061,kg,AnimalTraits
Podoces hendersoni,Aves,Passeriformes,Corvidae,0.12,0.0039,kg,AnimalTraits
Nucifraga caryocatactes,Aves,Passeriformes,Corvidae,0.16,0.0054,kg,AnimalTraits
Gymnorhinus cyanocephalus,Aves,Passeriformes,Corvidae,0.105,0.0026,kg,AnimalTraits
Cyanopica cyanus,Aves,Passeriformes,Corvidae,0.07,0.0027,kg,AnimalTraits
Aphelocoma coerulescens,Aves,Passeriformes,Corvidae,0.08,0.0028,kg,AnimalTraits
Aphelocoma ultramarina,Aves,Passeriformes,Corvidae,0.125,0.0037,kg,AnimalTraits
Cyanolyca argentigula,Aves,Passeriformes,Corvidae,0.2,0.0026,kg,AnimalTraits
Cyanolyca viridicyanea,Aves,Passeriformes,Corvidae,0.1,0.0033,kg,AnimalTraits
Cissilopha beecheii,Aves,Passeriformes,Corvidae,0.195,0.0043,kg,AnimalTraits
Cissilopha sanblasiana,Aves,Passeriformes,Corvidae,0.11,0.003,kg,AnimalTraits
Cissilopha melanocyanea,Aves,Passeriformes,Corvidae,0.11,0.0033,kg,AnimalTraits
Cyanocorax yncas,Aves,Passeriformes,Corvidae,0.08,0.0024,kg,AnimalTraits
Cyanocorax affinis,Aves,Passeriformes,Corvidae,0.21,0.0037,kg,AnimalTraits
Cyanocorax chrysops,Aves,Passeriformes,Corvidae,0.155,0.0027,kg,AnimalTraits
Cyanocorax cayanus,Aves,Passeriformes,Corvidae,0.175,0.0042,kg,AnimalTraits
Cyanocorax violaceus,Aves,Passeriformes,Corvidae,0.26,0.0047,kg,AnimalTraits
Cyanocorax cyanomelas,Aves,Passeriformes,Corvidae,0.22,0.0038,kg,AnimalTraits
Cyanocorax caeruleus,Aves,Passeriformes,Corvidae,0.27,0.0037,kg,AnimalTraits
Psilorhinus morio,Aves,Passeriformes,Corvidae,0.205,0.005,kg,AnimalTraits
Calocitta formosa,Aves,Passeriformes,Corvidae,0.21,0.0042,kg,AnimalTraits
Cyanocitta stelleri,Aves,Passeriformes,Corvidae,0.13,0.0034,kg,AnimalTraits
Perisoreus infaustus,Aves,Passeriformes,Corvidae,0.085,0.0027,kg,AnimalTraits
Perisoreus canadensis,Aves,Passeriformes,Corvidae,0.075,0.0024,kg,AnimalTraits
Dendrocitta formosae,Aves,Passeriformes,Corvidae,0.105,0.0024,kg,AnimalTraits
Urocissa caerulea,Aves,Passeriformes,Corvidae,0.215,0.0046,kg,AnimalTraits
Cissa chinensis,Aves,Passeriformes,Corvidae,0.125,0.003,kg,AnimalTraits
Myrmecia croslandi,Insecta,Hymenoptera,Formicidae,2.6059e-05,5.51e-07,kg,AnimalTraits
Myrmecia croslandi,Insecta,Hymenoptera,Formicidae,1.5219e-05,5.15e-07,kg,AnimalTraits
Myrmecia croslandi,Insecta,Hymenoptera,Formicidae,2.3594e-05,5.64e-07,kg,AnimalTraits
Myrmecia croslandi,Insecta,Hymenoptera,Formicidae,1.4298e-05,4.4e-07,kg,AnimalTraits
Myrmecia croslandi,Insecta,Hymenoptera,Formicidae,1.716e-05,5.2e-07,kg,AnimalTraits
Myrmecia croslandi,Insecta,Hymenoptera,Formicidae,2.0997e-05,5.33e-07,kg,AnimalTraits
Myrmecia croslandi,Insecta,Hymenoptera,Formicidae,2.4925e-05,5.61e-07,kg,AnimalTraits
Myrmecia gulosa,Insecta,Hymenoptera,Formicidae,2.4624e-05,8.45e-07,kg,AnimalTraits
Myrmecia gulosa,Insecta,Hymenoptera,Formicidae,7.3623e-05,1.213e-06,kg,AnimalTraits
Myrmecia gulosa,Insecta,Hymenoptera,Formicidae,2.3351e-05,8.5e-07,kg,AnimalTraits
Myrmecia gulosa,Insecta,Hymenoptera,Formicidae,7.0207e-05,1.174e-06,kg,AnimalTraits
Myrmecia gulosa,Insecta,Hymenoptera,Formicidae,0.000110076,1.292e-06,kg,AnimalTraits
Myrmecia gulosa,Insecta,Hymenoptera,Formicidae,9.883e-05,1.365e-06,kg,AnimalTraits
Myrmecia gulosa,Insecta,Hymenoptera,Formicidae,1.9895e-05,7.88e-07,kg,AnimalTraits
Myrmecia gulosa,Insecta,Hymenoptera,Formicidae,2.9103e-05,8.44e-07,kg,AnimalTraits
Myrmecia gulosa,Insecta,Hymenoptera,Formicidae,5.5055e-05,9.75e-07,kg,AnimalTraits
Myrmecia gulosa,Insecta,Hymenoptera,Formicidae,6.8202e-05,1.104e-06,kg,AnimalTraits
Myrmecia gulosa,Insecta,Hymenoptera,Formicidae,4.1244e-05,1.022e-06,kg,AnimalTraits
Myrmecia gulosa,Insecta,Hymenoptera,Formicidae,0.000109074,1.267e-06,kg,AnimalTraits
Myrmecia gulosa,Insecta,Hymenoptera,Formicidae,2.6048e-05,8.74e-07,kg,AnimalTraits
Myrmecia gulosa,Insecta,Hymenoptera,Formicidae,8.9034e-05,1.164e-06,kg,AnimalTraits
Myrmecia gulosa,Insecta,Hymenoptera,Formicidae,4.8029e-05,9.21e-07,kg,AnimalTraits
Myrmecia gulosa,Insecta,Hymenoptera,Formicidae,8.0886e-05,1.152e-06,kg,AnimalTraits
Myrmecia gulosa,Insecta,Hymenoptera,Formicidae,7.6072e-05,1.121e-06,kg,AnimalTraits
Myrmecia gulosa,Insecta,Hymenoptera,Formicidae,2.6048e-05,8.74e-07,kg,AnimalTraits
Myrmecia gulosa,Insecta,Hymenoptera,Formicidae,8.221e-05,1.117e-06,kg,AnimalTraits
Myrmecia gulosa,Insecta,Hymenoptera,Formicidae,3.6819e-05,9.67e-07,kg,AnimalTraits
Myrmecia nigrocincta,Insecta,Hymenoptera,Formicidae,1.9483e-05,5.68e-07,kg,AnimalTraits
Myrmecia nigrocincta,Insecta,Hymenoptera,Formicidae,1.6239e-05,5.77e-07,kg,AnimalTraits
Myrmecia nigrocincta,Insecta,Hymenoptera,Formicidae,1.6906e-05,6.13e-07,kg,AnimalTraits
Myrmecia nigrocincta,Insecta,Hymenoptera,Formicidae,1.9621e-05,5.83e-07,kg,AnimalTraits
Myrmecia nigrocincta,Insecta,Hymenoptera,Formicidae,1.1947e-05,5.11e-07,kg,AnimalTraits
Myrmecia nigrocincta,Insecta,Hymenoptera,Formicidae,1.5607e-05,5.76e-07,kg,AnimalTraits
Myrmecia tarsata,Insecta,Hymenoptera,Formicidae,3.2521e-05,7.12e-07,kg,AnimalTraits
Myrmecia tarsata,Insecta,Hymenoptera,Formicidae,9.3735e-05,9.82e-07,kg,AnimalTraits
Myrmecia tarsata,Insecta,Hymenoptera,Formicidae,5.638e-05,9.27e-07,kg,AnimalTraits
Myrmecia tarsata,Insecta,Hymenoptera,Formicidae,9.4044e-05,9.68e-07,kg,AnimalTraits
Myrmecia tarsata,Insecta,Hymenoptera,Formicidae,8.3526e-05,9.9e-07,kg,AnimalTraits
Myrmecia tarsata,Insecta,Hymenoptera,Formicidae,3.8383e-05,7.57e-07,kg,AnimalTraits
Myrmecia tarsata,Insecta,Hymenoptera,Formicidae,3.077e-05,7.81e-07,kg,AnimalTraits
Myrmecia tarsata,Insecta,Hymenoptera,Formicidae,7.6884e-05,9.85e-07,kg,AnimalTraits
Myrmecia tarsata,Insecta,Hymenoptera,Formicidae,5.8001e-05,8.38e-07,kg,AnimalTraits
Myrmecia tarsata,Insecta,Hymenoptera,Formicidae,7.1297e-05,9.81e-07,kg,AnimalTraits
Myrmecia tarsata,Insecta,Hymenoptera,Formicidae,6.0711e-05,9.21e-07,kg,AnimalTraits
Myrmecia tarsata,Insecta,Hymenoptera,Formicidae,8.5927e-05,9.58e-07,kg,AnimalTraits
Myrmecia tarsata,Insecta,Hymenoptera,Formicidae,6.5596e-05,9.71e-07,kg,AnimalTraits
Myrmecia tarsata,Insecta,Hymenoptera,Formicidae,4.0866e-05,7.65e-07,kg,AnimalTraits
Myrmecia tarsata,Insecta,Hymenoptera,Formicidae,9.5688e-05,1.02e-06,kg,AnimalTraits
Myrmecia tarsata,Insecta,Hymenoptera,Formicidae,3.5842e-05,7.35e-07,kg,AnimalTraits
Myrmecia midas,Insecta,Hymenoptera,Formicidae,5.3375e-05,1.033e-06,kg,AnimalTraits
Myrmecia midas,Insecta,Hymenoptera,Formicidae,0.00017698,1.588e-06,kg,AnimalTraits
Myrmecia midas,Insecta,Hymenoptera,Formicidae,0.00017355,1.687e-06,kg,AnimalTraits
Myrmecia midas,Insecta,Hymenoptera,Formicidae,5.6575e-05,1.251e-06,kg,AnimalTraits
Myrmecia midas,Insecta,Hymenoptera,Formicidae,0.000106208,1.394e-06,kg,AnimalTraits
Myrmecia midas,Insecta,Hymenoptera,Formicidae,7.2338e-05,1.125e-06,kg,AnimalTraits
Myrmecia midas,Insecta,Hymenoptera,Formicidae,4.198e-05,9.1e-07,kg,AnimalTraits
Myrmecia midas,Insecta,Hymenoptera,Formicidae,9.7124e-05,1.4e-06,kg,AnimalTraits
Myrmecia midas,Insecta,Hymenoptera,Formicidae,0.000147656,1.573e-06,kg,AnimalTraits
Myrmecia midas,Insecta,Hymenoptera,Formicidae,4.1681e-05,1.149e-06,kg,AnimalTraits
Myrmecia midas,Insecta,Hymenoptera,Formicidae,2.4273e-05,8.65e-07,kg,AnimalTraits
Myrmecia midas,Insecta,Hymenoptera,Formicidae,2.2167e-05,8.39e-07,kg,AnimalTraits
Myrmecia midas,Insecta,Hymenoptera,Formicidae,5.7414e-05,1.44e-06,kg,AnimalTraits
Myrmecia midas,Insecta,Hymenoptera,Formicidae,6.6934e-05,1.28e-06,kg,AnimalTraits
Myrmecia midas,Insecta,Hymenoptera,Formicidae,0.000100186,1.4e-06,kg,AnimalTraits
Myrmecia midas,Insecta,Hymenoptera,Formicidae,8.3857e-05,1.268e-06,kg,AnimalTraits
Myrmecia midas,Insecta,Hymenoptera,Formicidae,0.000105375,1.384e-06,kg,AnimalTraits
Myrmecia midas,Insecta,Hymenoptera,Formicidae,7.2835e-05,1.182e-06,kg,AnimalTraits
Myrmecia midas,Insecta,Hymenoptera,Formicidae,3.3988e-05,8.76e-07,kg,AnimalTraits
Myrmecia midas,Insecta,Hymenoptera,Formicidae,4.6325e-05,9.04e-07,kg,AnimalTraits
Myrmecia midas,Insecta,Hymenoptera,Formicidae,7.017e-05,1.101e-06,kg,AnimalTraits
Myrmecia midas,Insecta,Hymenoptera,Formicidae,8.9125e-05,1.22e-06,kg,AnimalTraits
Myrmecia midas,Insecta,Hymenoptera,Formicidae,8.7207e-05,1.284e-06,kg,AnimalTraits
Myrmecia nigriceps,Insecta,Hymenoptera,Formicidae,2.9772e-05,8.02e-07,kg,AnimalTraits
Myrmecia nigriceps,Insecta,Hymenoptera,Formicidae,3.788e-05,7.74e-07,kg,AnimalTraits
Myrmecia nigriceps,Insecta,Hymenoptera,Formicidae,4.0513e-05,8.45e-07,kg,AnimalTraits
Myrmecia nigriceps,Insecta,Hymenoptera,Formicidae,5.1948e-05,8.5e-07,kg,AnimalTraits
Myrmecia nigriceps,Insecta,Hymenoptera,Formicidae,7.7081e-05,1.121e-06,kg,AnimalTraits
Myrmecia nigriceps,Insecta,Hymenoptera,Formicidae,7.433e-05,1.125e-06,kg,AnimalTraits
Myrmecia nigriceps,Insecta,Hymenoptera,Formicidae,8.2891e-05,1.07e-06,kg,AnimalTraits
Myrmecia nigriceps,Insecta,Hymenoptera,Formicidae,9.9754e-05,1.232e-06,kg,AnimalTraits
Myrmecia nigriceps,Insecta,Hymenoptera,Formicidae,8.9543e-05,1.099e-06,kg,AnimalTraits
Myrmecia nigriceps,Insecta,Hymenoptera,Formicidae,8.3681e-05,1.113e-06,kg,AnimalTraits
Myrmecia pyriformis,Insecta,Hymenoptera,Formicidae,4.0145e-05,9.74e-07,kg,AnimalTraits
Myrmecia pyriformis,Insecta,Hymenoptera,Formicidae,4.9047e-05,1.061e-06,kg,AnimalTraits
Myrmecia pyriformis,Insecta,Hymenoptera,Formicidae,6.2603e-05,1.2e-06,kg,AnimalTraits
Myrmecia pyriformis,Insecta,Hymenoptera,Formicidae,7.7132e-05,1.237e-06,kg,AnimalTraits
Myrmecia pyriformis,Insecta,Hymenoptera,Formicidae,8.3928e-05,1.301e-06,kg,AnimalTraits
Myrmecia pyriformis,Insecta,Hymenoptera,Formicidae,9.4456e-05,1.35e-06,kg,AnimalTraits
Myrmecia pyriformis,Insecta,Hymenoptera,Formicidae,4.5646e-05,9.5e-07,kg,AnimalTraits
Myrmecia pyriformis,Insecta,Hymenoptera,Formicidae,2.2306e-05,6.07e-07,kg,AnimalTraits
Myrmecia pyriformis,Insecta,Hymenoptera,Formicidae,2.6676e-05,7.45e-07,kg,AnimalTraits
Myrmecia pyriformis,Insecta,Hymenoptera,Formicidae,0.000119796,1.471e-06,kg,AnimalTraits
Myrmecia pyriformis,Insecta,Hymenoptera,Formicidae,0.000102054,1.373e-06,kg,AnimalTraits
Myrmecia pyriformis,Insecta,Hymenoptera,Formicidae,0.000127825,1.509e-06,kg,AnimalTraits
Myrmecia pyriformis,Insecta,Hymenoptera,Formicidae,0.000121093,1.525e-06,kg,AnimalTraits
Myrmecia pyriformis,Insecta,Hymenoptera,Formicidae,2.7773e-05,7.82e-07,kg,AnimalTraits
Myrmecia pyriformis,Insecta,Hymenoptera,Formicidae,3.2848e-05,8.4e-07,kg,AnimalTraits
Myrmecia pyriformis,Insecta,Hymenoptera,Formicidae,5.2452e-05,1.082e-06,kg,AnimalTraits
Myrmecia pyriformis,Insecta,Hymenoptera,Formicidae,6.0025e-05,1.094e-06,kg,AnimalTraits
Myrmecia pyriformis,Insecta,Hymenoptera,Formicidae,7.2051e-05,1.225e-06,kg,AnimalTraits
Bombus impatiens,Insecta,Hymenoptera,Apidae,0.0002795,1.20176e-06,kg,AnimalTraits
Apis mellifera,Insecta,Hymenoptera,Apidae,8.4e-05,6.6304e-07,kg,AnimalTraits
Acromyrmex echinatior,Insecta,Hymenoptera,Formicidae,1.1451e-05,1.27e-07,kg,AnimalTraits
Apterostigma sp.1,Insecta,Hymenoptera,Formicidae,6.235e-07,4.2e-08,kg,AnimalTraits
Apterostigma sp.2,Insecta,Hymenoptera,Formicidae,7.37e-07,5.1e-08,kg,AnimalTraits
Apterostigma sp.3,Insecta,Hymenoptera,Formicidae,2.381e-06,8.2e-08,kg,AnimalTraits
Atta colombica,Insecta,Hymenoptera,Formicidae,2.4978e-05,1.15e-07,kg,AnimalTraits
Cyphomyrmex cornutus,Insecta,Hymenoptera,Formicidae,3.9e-07,2.9e-08,kg,AnimalTraits
Cyphomyrmex longiscapus,Insecta,Hymenoptera,Formicidae,3.88e-07,2.8e-08,kg,AnimalTraits
Cyphomyrmex muelleri,Insecta,Hymenoptera,Formicidae,5.32e-07,3.3e-08,kg,AnimalTraits
Cyphomyrmex sp.,Insecta,Hymenoptera,Formicidae,4.1e-07,3e-08,kg,AnimalTraits
Mycetophylax sp.,Insecta,Hymenoptera,Formicidae,1.4865e-06,4.7e-08,kg,AnimalTraits
Mycocepurus smithii,Insecta,Hymenoptera,Formicidae,3.2e-07,2.2e-08,kg,AnimalTraits
Myrmicocrypta ednaella,Insecta,Hymenoptera,Formicidae,3.195e-07,2.3e-08,kg,AnimalTraits
Sericomyrmex sp.,Insecta,Hymenoptera,Formicidae,1.3205e-06,5.3e-08,kg,AnimalTraits
Trachymyrmex coniktzi,Insecta,Hymenoptera,Formicidae,9.01e-07,4.7e-08,kg,AnimalTraits
Trachymyrmex coniktzi,Insecta,Hymenoptera,Formicidae,1.2355e-06,6e-08,kg,AnimalTraits
Trachymyrmex sp.1,Insecta,Hymenoptera,Formicidae,1.1825e-06,5e-08,kg,AnimalTraits
Trachymyrmex sp.2,Insecta,Hymenoptera,Formicidae,2.261e-06,7e-08,kg,AnimalTraits
Trachymyrmex zeteki,Insecta,Hymenoptera,Formicidae,2.1265e-06,6.4e-08,kg,AnimalTraits
Cephalotes atratus,Insecta,Hymenoptera,Formicidae,3.17655e-05,4.17e-07,kg,AnimalTraits
Cephalotes sp.,Insecta,Hymenoptera,Formicidae,7.36e-06,1.4e-07,kg,AnimalTraits
Cephalotes umbraculatus,Insecta,Hymenoptera,Formicidae,7.98e-06,1.6e-07,kg,AnimalTraits
Crematogaster sp.,Insecta,Hymenoptera,Formicidae,7.95e-07,4.4e-08,kg,AnimalTraits
Megalomyrmex sp.1,Insecta,Hymenoptera,Formicidae,1.37e-07,1e-08,kg,AnimalTraits
Megalomyrmex sp.2,Insecta,Hymenoptera,Formicidae,1.189e-06,4.7e-08,kg,AnimalTraits
Monomorium floricola,Insecta,Hymenoptera,Formicidae,6.5e-08,6e-09,kg,AnimalTraits
Monomorium trageri,Insecta,Hymenoptera,Formicidae,1.01e-07,1e-08,kg,AnimalTraits
Pheidole obscurithorax,Insecta,Hymenoptera,Formicidae,5.54e-07,3e-08,kg,AnimalTraits
Pheidole sp.1,Insecta,Hymenoptera,Formicidae,9.3e-08,8e-09,kg,AnimalTraits
Pheidole sp.2,Insecta,Hymenoptera,Formicidae,2.34e-07,1.6e-08,kg,AnimalTraits
Pheidole sp.3,Insecta,Hymenoptera,Formicidae,6.9e-08,8e-09,kg,AnimalTraits
Pheidole sp.4,Insecta,Hymenoptera,Formicidae,1.02e-07,1.1e-08,kg,AnimalTraits
Pheidole sp.5,Insecta,Hymenoptera,Formicidae,2.54e-07,2e-08,kg,AnimalTraits
Pheidole sp.6,Insecta,Hymenoptera,Formicidae,1.22e-07,1.3e-08,kg,AnimalTraits
Pheidole sp.7,Insecta,Hymenoptera,Formicidae,1.027e-06,4.9e-08,kg,AnimalTraits
Pheidole sp.8,Insecta,Hymenoptera,Formicidae,1.1645e-06,4.7e-08,kg,AnimalTraits
Pheidole sp.9,Insecta,Hymenoptera,Formicidae,5.29e-07,2.8e-08,kg,AnimalTraits
Pogonomyrmex badius,Insecta,Hymenoptera,Formicidae,2.1941e-05,1.39e-07,kg,AnimalTraits
Solenopsis sp.1,Insecta,Hymenoptera,Formicidae,9.85e-08,1e-08,kg,AnimalTraits
Solenopsis sp.2,Insecta,Hymenoptera,Formicidae,4.73e-07,3.1e-08,kg,AnimalTraits
Wasmannia aurpunctata,Insecta,Hymenoptera,Formicidae,1.09e-07,7e-09,kg,AnimalTraits
Ectatomma ruidum,Insecta,Hymenoptera,Formicidae,1.0531e-05,2.2e-07,kg,AnimalTraits
Ectatomma tuberculatum,Insecta,Hymenoptera,Formicidae,1.852e-05,3.87e-07,kg,AnimalTraits
Gnamptogenys sp.1,Insecta,Hymenoptera,Formicidae,5.76e-07,2.8e-08,kg,AnimalTraits
Gnamptogenys sp.2,Insecta,Hymenoptera,Formicidae,9.873e-06,2.44e-07,kg,AnimalTraits
Azteca sp.1,Insecta,Hymenoptera,Formicidae,7.17e-07,5.1e-08,kg,AnimalTraits
Azteca sp.2,Insecta,Hymenoptera,Formicidae,1.743e-06,7.2e-08,kg,AnimalTraits
Dolichoderus sp.,Insecta,Hymenoptera,Formicidae,4.5825e-06,1.38e-07,kg,AnimalTraits
Tapinoma melanocephalum,Insecta,Hymenoptera,Formicidae,1.32e-07,1.1e-08,kg,AnimalTraits
Brachymyrmex sp.1,Insecta,Hymenoptera,Formicidae,4.4e-08,6e-09,kg,AnimalTraits
Brachymyrmex sp.2,Insecta,Hymenoptera,Formicidae,7.45e-08,6e-09,kg,AnimalTraits
Camponotus sericeiventris,Insecta,Hymenoptera,Formicidae,3.739e-05,4.4e-07,kg,AnimalTraits
Camponotus sp.1,Insecta,Hymenoptera,Formicidae,5.0525e-06,1.84e-07,kg,AnimalTraits
Camponotus sp.2,Insecta,Hymenoptera,Formicidae,2.213e-05,2.95e-07,kg,AnimalTraits
Camponotus sp.3,Insecta,Hymenoptera,Formicidae,2.5665e-05,3.04e-07,kg,AnimalTraits
Paratrechina longicornis,Insecta,Hymenoptera,Formicidae,3.42e-07,2.8e-08,kg,AnimalTraits
Eciton burchellii,Insecta,Hymenoptera,Formicidae,1.7449e-05,2.02e-07,kg,AnimalTraits
Nomamyrmex sp.,Insecta,Hymenoptera,Formicidae,1.18945e-05,2.04e-07,kg,AnimalTraits
Odontomachus bauri,Insecta,Hymenoptera,Formicidae,1.57825e-05,2.12e-07,kg,AnimalTraits
Odontomachus brunneus,Insecta,Hymenoptera,Formicidae,6.1925e-06,1.92e-07,kg,AnimalTraits
Odontomachus hastatus,Insecta,Hymenoptera,Formicidae,2.5325e-05,4.3e-07,kg,AnimalTraits
Pachycondyla apicalis,Insecta,Hymenoptera,Formicidae,4.0717e-05,6.59e-07,kg,AnimalTraits
Pachycondyla obscuricornis,Insecta,Hymenoptera,Formicidae,1.51775e-05,3.97e-07,kg,AnimalTraits
Pachycondyla sp.1,Insecta,Hymenoptera,Formicidae,9.7e-06,1.9e-07,kg,AnimalTraits
Pachycondyla sp.2,Insecta,Hymenoptera,Formicidae,4.4785e-06,1.55e-07,kg,AnimalTraits
Pachycondyla sp.3,Insecta,Hymenoptera,Formicidae,2.723e-06,7.5e-08,kg,AnimalTraits
Pachycondyla villosa,Insecta,Hymenoptera,Formicidae,4.6435e-05,5.03e-07,kg,AnimalTraits
Paraponera clavata,Insecta,Hymenoptera,Formicidae,0.000168785,1.73e-06,kg,AnimalTraits
Pseudomyrmex sp.1,Insecta,Hymenoptera,Formicidae,2.889e-06,1.35e-07,kg,AnimalTraits
Pseudomyrmex sp.2,Insecta,Hymenoptera,Formicidae,4.985e-07,4.5e-08,kg,AnimalTraits
Pseudomyrmex sp.3,Insecta,Hymenoptera,Formicidae,5.228e-06,2.77e-07,kg,AnimalTraits
Alouatta palliata,Mammalia,Primates,Atelidae,6.917,0.06378,kg,AnimalTraits
Alouatta palliata,Mammalia,Primates,Atelidae,7.8245,0.06553,kg,AnimalTraits
Alouatta palliata,Mammalia,Primates,Atelidae,7.2575,0.06022,kg,AnimalTraits
Alouatta palliata,Mammalia,Primates,Atelidae,7.031,0.0549,kg,AnimalTraits
Alouatta palliata,Mammalia,Primates,Atelidae,7.484,0.0567,kg,AnimalTraits
Alouatta palliata,Mammalia,Primates,Atelidae,7.2575,0.0567,kg,AnimalTraits
Alouatta palliata,Mammalia,Primates,Atelidae,7.031,0.05313,kg,AnimalTraits
Ateles geoffroyi,Mammalia,Primates,Atelidae,2.268,0.0945,kg,AnimalTraits
Ateles geoffroyi,Mammalia,Primates,Atelidae,1.835,0.091,kg,AnimalTraits
Ateles geoffroyi,Mammalia,Primates,Atelidae,2.268,0.082,kg,AnimalTraits
Ateles geoffroyi,Mammalia,Primates,Atelidae,1.92,0.0955,kg,AnimalTraits
Ateles geoffroyi,Mammalia,Primates,Atelidae,2.155,0.095,kg,AnimalTraits
Saguinus oedipus,Mammalia,Primates,Callitrichidae,0.37,0.0097,kg,AnimalTraits
Saguinus oedipus,Mammalia,Primates,Callitrichidae,0.37,0.0092,kg,AnimalTraits
Aotus trivirgatus,Mammalia,Primates,Aotidae,0.63,0.0172,kg,AnimalTraits
Aotus trivirgatus,Mammalia,Primates,Aotidae,0.72,0.0172,kg,AnimalTraits
Saimiri sciureus,Mammalia,Primates,Cebidae,0.58,0.0231,kg,AnimalTraits
Saimiri sciureus,Mammalia,Primates,Cebidae,0.72,0.025,kg,AnimalTraits
Cebus albifrons,Mammalia,Primates,Cebidae,1.47,0.0607,kg,AnimalTraits
Cebus albifrons,Mammalia,Primates,Cebidae,1.77,0.0652,kg,AnimalTraits
Cebus apella,Mammalia,Primates,Cebidae,1.81,0.0626,kg,AnimalTraits
Cebus apella,Mammalia,Primates,Cebidae,2.77,0.0708,kg,AnimalTraits
Ateles geoffroyi,Mammalia,Primates,Atelidae,4.68,0.1077,kg,AnimalTraits
Ateles geoffroyi,Mammalia,Primates,Atelidae,4.76,0.1076,kg,AnimalTraits
Ateles paniscus,Mammalia,Primates,Atelidae,5.22,0.1012,kg,AnimalTraits
Ateles paniscus,Mammalia,Primates,Atelidae,5.04,0.1065,kg,AnimalTraits
Chlorocebus aethiops,Mammalia,Primates,Cercopithecidae,3.22,0.0661,kg,AnimalTraits
Chlorocebus aethiops,Mammalia,Primates,Cercopithecidae,5.23,0.0663,kg,AnimalTraits
Macaca fascicularis,Mammalia,Primates,Cercopithecidae,3.36,0.0619,kg,AnimalTraits
Macaca fascicularis,Mammalia,Primates,Cercopithecidae,4.74,0.07,kg,AnimalTraits
Macaca mulatta,Mammalia,Primates,Cercopithecidae,4.88,0.0852,kg,AnimalTraits
Macaca mulatta,Mammalia,Primates,Cercopithecidae,5.21,0.0907,kg,AnimalTraits
Macaca arctoides,Mammalia,Primates,Cercopithecidae,7.45,0.0998,kg,AnimalTraits
Macaca arctoides,Mammalia,Primates,Cercopithecidae,7.81,0.1016,kg,AnimalTraits
Papio anubis,Mammalia,Primates,Cercopithecidae,12.9,0.148,kg,AnimalTraits
Papio anubis,Mammalia,Primates,Cercopithecidae,16.06,0.1747,kg,AnimalTraits
Rattus sp.,Mammalia,Rondentia,Muridae,0.179,0.001537,kg,AnimalTraits
Meriones unguiculatus,Mammalia,Rondentia,Muridae,0.054,0.000968,kg,AnimalTraits
Mus sp.,Mammalia,Rondentia,Muridae,0.024,0.000403,kg,AnimalTraits
Cryptoprocta ferox,Mammalia,Carnivora,Eupleridae,9.5,0.03678,kg,AnimalTraits
Atilax paludinosus,Mammalia,Carnivora,Herpestidae,3.3,0.02784,kg,AnimalTraits
Herpestes urva,Mammalia,Carnivora,Herpestidae,1.863,0.0223,kg,AnimalTraits
Paracynictis selousi,Mammalia,Carnivora,Herpestidae,1.64,0.01673,kg,AnimalTraits
Conepatus chinga,Mammalia,Carnivora,Mustelidae,1.918,0.01632,kg,AnimalTraits
Conepatus leuconotus,Mammalia,Carnivora,Mustelidae,3.5,0.01852,kg,AnimalTraits
Mephitis mephitis,Mammalia,Carnivora,Mephitidae,1.7,0.01175,kg,AnimalTraits
Mydaus marchei,Mammalia,Carnivora,Mephitidae,1.414,0.01487,kg,AnimalTraits
Spilogale gracilis,Mammalia,Carnivora,Mephitidae,0.42,0.00681,kg,AnimalTraits
Spilogale putorius,Mammalia,Carnivora,Mephitidae,0.341,0.00733,kg,AnimalTraits
Galictis cuja,Mammalia,Carnivora,Mustelidae,1,0.02352,kg,AnimalTraits
Ictonyx striatus,Mammalia,Carnivora,Mustelidae,1.3,0.00817,kg,AnimalTraits
Mellivora capensis,Mammalia,Carnivora,Mustelidae,9,0.08604,kg,AnimalTraits
Mustela erminea,Mammalia,Carnivora,Mustelidae,0.156,0.00342,kg,AnimalTraits
Poecilogale albinucha,Mammalia,Carnivora,Mustelidae,0.34,0.00456,kg,AnimalTraits
Taxidea taxus,Mammalia,Carnivora,Mustelidae,6,0.056,kg,AnimalTraits
Vormela peregusna,Mammalia,Carnivora,Mustelidae,0.45,0.00653,kg,AnimalTraits
Bassaricyon alleni,Mammalia,Carnivora,Procyonidae,1.235,0.01937,kg,AnimalTraits
Paguma larvata,Mammalia,Carnivora,Viverridae,4.3,0.02647,kg,AnimalTraits
Viverra tangalunga,Mammalia,Carnivora,Viverridae,10,0.02725,kg,AnimalTraits
Euphractus sexcinctus,Mammalia,Cingulata,Chlamyphoridae,7.99,0.02137,kg,AnimalTraits
Tolypeutes matacus,Mammalia,Cingulata,Chlamyphoridae,1.2,0.00886,kg,AnimalTraits
Zaedyus pichiy,Mammalia,Cingulata,Chlamyphoridae,1.74,0.00798,kg,AnimalTraits
Atelerix albiventris,Mammalia,Eulipotyphla,Erinaceidae,0.28,0.00176,kg,AnimalTraits
Echinosorex gymnura,Mammalia,Eulipotyphla,Erinaceidae,0.957,0.0055,kg,AnimalTraits
Mesechinus dauuricus,Mammalia,Eulipotyphla,Erinaceidae,0.342,0.0029,kg,AnimalTraits
Manis pentadactyla,Mammalia,Pholidota,Manidae,4.675,0.01764,kg,AnimalTraits
Manis tricuspis,Mammalia,Pholidota,Manidae,2.067,0.0093,kg,AnimalTraits
Clyomys laticeps,Mammalia,Rodentia,Echimyidae,0.201,0.00352,kg,AnimalTraits
Echimys chrysurus,Mammalia,Rodentia,Echimyidae,0.652,0.00502,kg,AnimalTraits
Makalata didelphoides,Mammalia,Rodentia,Echimyidae,0.108,0.00345,kg,AnimalTraits
Makalata macrura,Mammalia,Rodentia,Echimyidae,0.439,0.00389,kg,AnimalTraits
Mesomys hispidus,Mammalia,Rodentia,Echimyidae,0.175,0.00264,kg,AnimalTraits
Proechimys brevicauda,Mammalia,Rodentia,Echimyidae,0.285,0.00295,kg,AnimalTraits
Coendou prehensilis,Mammalia,Rodentia,Erethizontidae,4.4,0.01673,kg,AnimalTraits
Coendou rothschildi,Mammalia,Rodentia,Erethizontidae,2,0.02085,kg,AnimalTraits
Sphiggurus vestitus,Mammalia,Rodentia,Erethizontidae,0.736,0.01171,kg,AnimalTraits
Atherurus macrourus,Mammalia,Rodentia,Hystricidae,2,0.03157,kg,AnimalTraits
Hystrix africaeaustralis,Mammalia,Rodentia,Hystricidae,14.936,0.03571,kg,AnimalTraits
Hystrix brachyura,Mammalia,Rodentia,Hystricidae,8,0.03764,kg,AnimalTraits
Hystrix cristata,Mammalia,Rodentia,Hystricidae,20,0.04955,kg,AnimalTraits
Hystrix indica,Mammalia,Rodentia,Hystricidae,14.65,0.04407,kg,AnimalTraits
Hystrix sumatrae,Mammalia,Rodentia,Hystricidae,3.26,0.02704,kg,AnimalTraits
Trichys fasciculata,Mammalia,Rodentia,Hystricidae,1.56,0.01305,kg,AnimalTraits
Saguinus oedipus,Mammalia,Primates,Cebidae,0.32714,0.00964,kg,AnimalTraits
Ursus arctos,Mammalia,Carnivora,Ursidae,131.02267,0.33597,kg,AnimalTraits
Pan troglodytes,Mammalia,Primates,Hominidae,60.43316,0.35481,kg,AnimalTraits
Saguinus geoffroyi,Mammalia,Primates,Cebidae,0.63467,0.01427,kg,AnimalTraits
Panthera tigris,Mammalia,Carnivora,Felidae,195,0.26973,kg,AnimalTraits
Tamandua tetradactyla,Mammalia,Xenarthra,Myrmecophagidae,4.361,0.0275,kg,AnimalTraits
Pongo pygmaeus,Mammalia,Primates,Hominidae,54.22904,0.34199,kg,AnimalTraits
Hylobates muelleri,Mammalia,Primates,Hylobatidae,5.95488,0.09531,kg,AnimalTraits
Hylobates syndactylus,Mammalia,Primates,Hylobatidae,12.172,0.1348,kg,AnimalTraits
Gorilla gorilla,Mammalia,Primates,Hominidae,120.975,0.45455,kg,AnimalTraits
Damaliscus pygargus,Mammalia,Cetartiodactyla,Bovidae,62.5,0.2546,kg,AnimalTraits
Homo sapiens,Mammalia,Primates,Hominidae,65.14286,1.25043,kg,AnimalTraits
Rhynchocyon petersi,Mammalia,Macroscelidea,Macroscelididae,0.37,0.0054,kg,AnimalTraits
Cercocebus agilis,Mammalia,Primates,Cercopithecidae,4.7,0.0953,kg,AnimalTraits
Mandrillus sphinx,Mammalia,Primates,Cercopithecidae,11.5,0.1592,kg,AnimalTraits
Saimiri boliviensis,Mammalia,Primates,Cebidae,0.75,0.02406,kg,AnimalTraits
Trachypithecus francoisi,Mammalia,Primates,Cercopithecidae,9.1,0.0944,kg,AnimalTraits
Colobus guereza,Mammalia,Primates,Cercopithecidae,10.28125,0.0839,kg,AnimalTraits
Colobus angolensis,Mammalia,Primates,Cercopithecidae,9.67,0.0744,kg,AnimalTraits
Tragelaphus eurycerus,Mammalia,Cetartiodactyla,Bovidae,253,0.389,kg,AnimalTraits
Tarsius bancanus,Mammalia,Primates,Tarsiidae,0.0776,0.0027,kg,AnimalTraits
Nycticebus pygmaeus,Mammalia,Primates,Lorisidae,0.48,0.0078,kg,AnimalTraits
Choloepus didactylus,Mammalia,Xenarthra,Megalonychidae,5.07,0.0282,kg,AnimalTraits
Macropus parma,Mammalia,Diprotodontia,Macropodidae,3.76,0.0174,kg,AnimalTraits
Wallabia bicolor,Mammalia,Diprotodontia,Macropodidae,16.4,0.0327,kg,AnimalTraits
Nycticebus coucang,Mammalia,Primates,Lorisidae,0.6555,0.01274,kg,AnimalTraits
Perodicticus potto,Mammalia,Primates,Lorisidae,0.92933,0.01207,kg,AnimalTraits
Macaca maura,Mammalia,Primates,Cercopithecidae,6.846,0.09448,kg,AnimalTraits
Leontopithecus rosalia,Mammalia,Primates,Cebidae,0.51238,0.01305,kg,AnimalTraits
Alouatta caraya,Mammalia,Primates,Atelidae,5.0125,0.0507,kg,AnimalTraits
Lemur catta,Mammalia,Primates,Lemuridae,2.09,0.02163,kg,AnimalTraits
Erythrocebus patas,Mammalia,Primates,Cercopithecidae,7.376,0.1002,kg,AnimalTraits
Callithrix pygmaea,Mammalia,Primates,Cebidae,0.13475,0.00464,kg,AnimalTraits
Loris tardigradus,Mammalia,Primates,Lorisidae,0.322,0.006,kg,AnimalTraits
Cheirogaleus medius,Mammalia,Primates,Cheirogaleidae,0.17967,0.00334,kg,AnimalTraits
Dasyurus spartacus,Mammalia,Dasyuromorphia,Dasyuridae,0.487,0.0054908,kg,AnimalTraits
Thylamys pallidior,Mammalia,Didelphimorphia,Didelphidae,0.0207,0.00074592,kg,AnimalTraits
Petaurus biacensis,Mammalia,Diprotodontia,Petauridae,0.0845,0.00174048,kg,AnimalTraits
Petaurus abidi,Mammalia,Diprotodontia,Petauridae,0.284,0.00396788,kg,AnimalTraits
Phalanger rothschildi,Mammalia,Diprotodontia,Phalangeridae,1.244,0.00636104,kg,AnimalTraits
Strigocuscus pelengensis,Mammalia,Diprotodontia,Phalangeridae,0.991,0.00644392,kg,AnimalTraits
Phalanger intercastellanus,Mammalia,Diprotodontia,Phalangeridae,1.434,0.0076146,kg,AnimalTraits
Spilocuscus kraemeri,Mammalia,Diprotodontia,Phalangeridae,1.547,0.011914,kg,AnimalTraits
Rhynchomeles prattorum,Mammalia,Peramelemorphia,Peramelidae,0.907,0.0050764,kg,AnimalTraits
Planigale tenuirostris,Mammalia,Dasyuromorphia,Dasyuridae,0.0039,0.00014504,kg,AnimalTraits
Planigale ingrami,Mammalia,Dasyuromorphia,Dasyuridae,0.0041,0.0001554,kg,AnimalTraits
Planigale gilesi,Mammalia,Dasyuromorphia,Dasyuridae,0.0061,0.00017612,kg,AnimalTraits
Planigale maculata,Mammalia,Dasyuromorphia,Dasyuridae,0.0067,0.0002072,kg,AnimalTraits
Ningaui ridei,Mammalia,Dasyuromorphia,Dasyuridae,0.004,0.00024864,kg,AnimalTraits
Ningaui yvonneae,Mammalia,Dasyuromorphia,Dasyuridae,0.0078,0.00026936,kg,AnimalTraits
Planigale novaeguineae,Mammalia,Dasyuromorphia,Dasyuridae,0.0086,0.00027972,kg,AnimalTraits
Sminthopsis virginiae,Mammalia,Dasyuromorphia,Dasyuridae,0.0105,0.00035224,kg,AnimalTraits
Sminthopsis bindi,Mammalia,Dasyuromorphia,Dasyuridae,0.0136,0.0003626,kg,AnimalTraits
Sminthopsis douglasi,Mammalia,Dasyuromorphia,Dasyuridae,0.0171,0.0003626,kg,AnimalTraits
Sminthopsis crassicaudata,Mammalia,Dasyuromorphia,Dasyuridae,0.0133,0.00037296,kg,AnimalTraits
Sminthopsis macroura,Mammalia,Dasyuromorphia,Dasyuridae,0.017,0.0004144,kg,AnimalTraits
Sminthopsis hirtipes,Mammalia,Dasyuromorphia,Dasyuridae,0.009,0.00042476,kg,AnimalTraits
Sminthopsis leucopus,Mammalia,Dasyuromorphia,Dasyuridae,0.0124,0.00042476,kg,AnimalTraits
Parantechinus roryi,Mammalia,Dasyuromorphia,Dasyuridae,0.0166,0.00043512,kg,AnimalTraits
Sminthopsis murina,Mammalia,Dasyuromorphia,Dasyuridae,0.0159,0.00045584,kg,AnimalTraits
Antechinomys laniger,Mammalia,Dasyuromorphia,Dasyuridae,0.0178,0.00048692,kg,AnimalTraits
Sminthopsis griseoventer,Mammalia,Dasyuromorphia,Dasyuridae,0.0198,0.00050764,kg,AnimalTraits
Parantechinus macdonnellensis,Mammalia,Dasyuromorphia,Dasyuridae,0.024,0.00050764,kg,AnimalTraits
Parantechinus rosamondae,Mammalia,Dasyuromorphia,Dasyuridae,0.0199,0.00055944,kg,AnimalTraits
Antechinus agilis,Mammalia,Dasyuromorphia,Dasyuridae,0.0221,0.00058016,kg,AnimalTraits
Antechinus bellus,Mammalia,Dasyuromorphia,Dasyuridae,0.0458,0.00065268,kg,AnimalTraits
Antechinus flavipes,Mammalia,Dasyuromorphia,Dasyuridae,0.0307,0.00066304,kg,AnimalTraits
Parantechinus bilarni,Mammalia,Dasyuromorphia,Dasyuridae,0.0294,0.0006734,kg,AnimalTraits
Antechinus melanurus,Mammalia,Dasyuromorphia,Dasyuridae,0.0258,0.0006734,kg,AnimalTraits
Antechinus subtropicus,Mammalia,Dasyuromorphia,Dasyuridae,0.0291,0.00074592,kg,AnimalTraits
Antechinus minimus,Mammalia,Dasyuromorphia,Dasyuridae,0.0363,0.00076664,kg,AnimalTraits
Antechinus leo,Mammalia,Dasyuromorphia,Dasyuridae,0.0602,0.000777,kg,AnimalTraits
Antechinus stuartii,Mammalia,Dasyuromorphia,Dasyuridae,0.0298,0.00078736,kg,AnimalTraits
Antechinus naso,Mammalia,Dasyuromorphia,Dasyuridae,0.0363,0.00079772,kg,AnimalTraits
Phascogale calura,Mammalia,Dasyuromorphia,Dasyuridae,0.0438,0.00094276,kg,AnimalTraits
Antechinus swainsonii,Mammalia,Dasyuromorphia,Dasyuridae,0.0635,0.00112924,kg,AnimalTraits
Murexia rothschildi,Mammalia,Dasyuromorphia,Dasyuridae,0.062,0.0010878,kg,AnimalTraits
Phascolosorex dorsalis,Mammalia,Dasyuromorphia,Dasyuridae,0.0475,0.00114996,kg,AnimalTraits
Parantechinus apicalis,Mammalia,Dasyuromorphia,Dasyuridae,0.0605,0.0012432,kg,AnimalTraits
Dasycercus cristicauda,Mammalia,Dasyuromorphia,Dasyuridae,0.07,0.00128464,kg,AnimalTraits
Dasyuroides byrnei,Mammalia,Dasyuromorphia,Dasyuridae,0.0984,0.001554,kg,AnimalTraits
Murexia longicaudata,Mammalia,Dasyuromorphia,Dasyuridae,0.2965,0.00174048,kg,AnimalTraits
Phascogale tapoatafa,Mammalia,Dasyuromorphia,Dasyuridae,0.15,0.00187516,kg,AnimalTraits
Myoictis melas,Mammalia,Dasyuromorphia,Dasyuridae,0.1311,0.0021238,kg,AnimalTraits
Neophascogale lorentzi,Mammalia,Dasyuromorphia,Dasyuridae,0.2064,0.0025382,kg,AnimalTraits
Dasyurus hallucatus,Mammalia,Dasyuromorphia,Dasyuridae,0.513,0.00350168,kg,AnimalTraits
Dasyurus albopunctatus,Mammalia,Dasyuromorphia,Dasyuridae,0.403,0.00392644,kg,AnimalTraits
Myrmecobius fasciatus,Mammalia,Dasyuromorphia,Myrmecobiidae,0.4054,0.004403,kg,AnimalTraits
Dasyurus geoffroii,Mammalia,Dasyuromorphia,Dasyuridae,0.76,0.00535612,kg,AnimalTraits
Dasyurus viverrinus,Mammalia,Dasyuromorphia,Dasyuridae,0.813,0.00552188,kg,AnimalTraits
Dasyurus maculatus,Mammalia,Dasyuromorphia,Dasyuridae,2.599,0.00974876,kg,AnimalTraits
Sarcophilus harrisii,Mammalia,Dasyuromorphia,Dasyuridae,7.43,0.01666924,kg,AnimalTraits
Thylacinus cynocephalus,Mammalia,Dasyuromorphia,Thylacinidae,28.496,0.05303284,kg,AnimalTraits
Marmosa elegans,Mammalia,Didelphimorphia,Didelphidae,0.0201,0.00073556,kg,AnimalTraits
Thylamys elegans,Mammalia,Didelphimorphia,Didelphidae,0.025,0.00073556,kg,AnimalTraits
Monodelphis brevicaudata,Mammalia,Didelphimorphia,Didelphidae,0.0646,0.0009324,kg,AnimalTraits
Marmosa mexicana,Mammalia,Didelphimorphia,Didelphidae,0.0467,0.001036,kg,AnimalTraits
Marmosa murina,Mammalia,Didelphimorphia,Didelphidae,0.06,0.0011396,kg,AnimalTraits
Marmosa rubra,Mammalia,Didelphimorphia,Didelphidae,0.06,0.0012432,kg,AnimalTraits
Caluromys derbianus,Mammalia,Didelphimorphia,Didelphidae,0.289,0.0035224,kg,AnimalTraits
Caluromys philander,Mammalia,Didelphimorphia,Didelphidae,0.277,0.003626,kg,AnimalTraits
Metachirus nudicaudatus,Mammalia,Didelphimorphia,Didelphidae,0.39,0.003626,kg,AnimalTraits
Philander opossum,Mammalia,Didelphimorphia,Didelphidae,0.57,0.00396788,kg,AnimalTraits
Didelphis marsupialis,Mammalia,Didelphimorphia,Didelphidae,2.842,0.0065786,kg,AnimalTraits
Didelphis virginiana,Mammalia,Didelphimorphia,Didelphidae,2.797,0.00696192,kg,AnimalTraits
Cercartetus concinnus,Mammalia,Diprotodontia,Burramyidae,0.0095,0.0003108,kg,AnimalTraits
Acrobates pygmaeus,Mammalia,Diprotodontia,Acrobatidae,0.0089,0.0003626,kg,AnimalTraits
Cercartetus lepidus,Mammalia,Diprotodontia,Burramyidae,0.0078,0.00037296,kg,AnimalTraits
Tarsipes rostratus,Mammalia,Diprotodontia,Tarsipedidae,0.009,0.00037296,kg,AnimalTraits
Cercartetus nanus,Mammalia,Diprotodontia,Burramyidae,0.012,0.00044548,kg,AnimalTraits
Cercartetus caudatus,Mammalia,Diprotodontia,Burramyidae,0.0193,0.00073556,kg,AnimalTraits
Distoechurus pennatus,Mammalia,Diprotodontia,Acrobatidae,0.0454,0.00097384,kg,AnimalTraits
Burramys parvus,Mammalia,Diprotodontia,Burramyidae,0.0366,0.001036,kg,AnimalTraits
Pseudochirulus canescens,Mammalia,Diprotodontia,Pseudocheiridae,0.141,0.0018648,kg,AnimalTraits
Pseudochirulus mayeri,Mammalia,Diprotodontia,Pseudocheiridae,0.125,0.00208236,kg,AnimalTraits
Petaurus breviceps,Mammalia,Diprotodontia,Petauridae,0.0891,0.00216524,kg,AnimalTraits
Pseudochirulus schlegeli,Mammalia,Diprotodontia,Pseudocheiridae,0.246,0.0029008,kg,AnimalTraits
Gymnobelideus leadbeateri,Mammalia,Diprotodontia,Petauridae,0.0905,0.0029526,kg,AnimalTraits
Petaurus norfolcensis,Mammalia,Diprotodontia,Petauridae,0.191,0.00312872,kg,AnimalTraits
Hemibelideus lemuroides,Mammalia,Diprotodontia,Pseudocheiridae,0.496,0.0032634,kg,AnimalTraits
Pseudochirulus caroli,Mammalia,Diprotodontia,Pseudocheiridae,0.44,0.0033152,kg,AnimalTraits
Pseudochirulus forbesi,Mammalia,Diprotodontia,Pseudocheiridae,0.523,0.00348096,kg,AnimalTraits
Pseudochirulus herbertensis,Mammalia,Diprotodontia,Pseudocheiridae,0.9,0.00447552,kg,AnimalTraits
Dactylonax tatei,Mammalia,Diprotodontia,Petauridae,0.252,0.0046102,kg,AnimalTraits
Pseudocheirus peregrinus,Mammalia,Diprotodontia,Pseudocheiridae,0.526,0.00468272,kg,AnimalTraits
Pseudochirops albertisii,Mammalia,Diprotodontia,Pseudocheiridae,0.713,0.00484848,kg,AnimalTraits
Petauroides volans,Mammalia,Diprotodontia,Pseudocheiridae,0.9,0.00485884,kg,AnimalTraits
Petropseudes dahli,Mammalia,Diprotodontia,Pseudocheiridae,2,0.005219368,kg,AnimalTraits
Pseudochirops coronatus,Mammalia,Diprotodontia,Pseudocheiridae,1.5,0.00531468,kg,AnimalTraits
Pseudochirops corinnae,Mammalia,Diprotodontia,Pseudocheiridae,0.943,0.00555296,kg,AnimalTraits
Petaurus australis,Mammalia,Diprotodontia,Petauridae,0.39,0.00591556,kg,AnimalTraits
Dactylonax trivirgata,Mammalia,Diprotodontia,Petauridae,0.506,0.00603988,kg,AnimalTraits
Pseudochirops archeri,Mammalia,Diprotodontia,Pseudocheiridae,0.678,0.00608132,kg,AnimalTraits
Phalanger lullulae,Mammalia,Diprotodontia,Phalangeridae,1.4,0.00630924,kg,AnimalTraits
Potorous platyops,Mammalia,Diprotodontia,Potoroidae,0.8,0.0065268,kg,AnimalTraits
Dactylonax palpator,Mammalia,Diprotodontia,Petauridae,0.474,0.00715876,kg,AnimalTraits
Lagostrophus fasciatus,Mammalia,Diprotodontia,Macropodidae,0.773,0.007252,kg,AnimalTraits
Phalanger ornatus,Mammalia,Diprotodontia,Phalangeridae,1.448,0.00727272,kg,AnimalTraits
Phalanger orientalis,Mammalia,Diprotodontia,Phalangeridae,1.485,0.00763532,kg,AnimalTraits
Pseudochirops cupreus,Mammalia,Diprotodontia,Pseudocheiridae,1.021,0.00781144,kg,AnimalTraits
Lagorchestes hirsutus,Mammalia,Diprotodontia,Macropodidae,1.05,0.00804972,kg,AnimalTraits
Phalanger mimicus,Mammalia,Diprotodontia,Phalangeridae,1.473,0.0092204,kg,AnimalTraits
Phalanger carmelitae,Mammalia,Diprotodontia,Phalangeridae,1.754,0.00879564,kg,AnimalTraits
Bettongia tropica,Mammalia,Diprotodontia,Potoroidae,1.015,0.00924112,kg,AnimalTraits
Potorous tridactylus,Mammalia,Diprotodontia,Potoroidae,1.283,0.00987308,kg,AnimalTraits
Phalanger vestitus,Mammalia,Diprotodontia,Phalangeridae,1.85,0.00988344,kg,AnimalTraits
Bettongia penicillata,Mammalia,Diprotodontia,Potoroidae,0.981,0.00990416,kg,AnimalTraits
Phalanger sericeus,Mammalia,Diprotodontia,Phalangeridae,1.896,0.01031856,kg,AnimalTraits
Wyulda squamicaudata,Mammalia,Diprotodontia,Phalangeridae,1.5,0.0104636,kg,AnimalTraits
Onychogalea lunata,Mammalia,Diprotodontia,Macropodidae,1.313,0.0105672,kg,AnimalTraits
Bettongia lesueur,Mammalia,Diprotodontia,Potoroidae,1.105,0.010878,kg,AnimalTraits
Petrogale concinna,Mammalia,Diprotodontia,Macropodidae,1.407,0.011396,kg,AnimalTraits
Trichosurus vulpecula,Mammalia,Diprotodontia,Phalangeridae,1.902,0.011396,kg,AnimalTraits
Bettongia gaimardi,Mammalia,Diprotodontia,Potoroidae,1.273,0.0121212,kg,AnimalTraits
Dorcopsulus vanheurni,Mammalia,Diprotodontia,Macropodidae,1.546,0.0122248,kg,AnimalTraits
Trichosurus caninus,Mammalia,Diprotodontia,Phalangeridae,2.515,0.0122248,kg,AnimalTraits
Aepyprymnus rufescens,Mammalia,Diprotodontia,Potoroidae,1.693,0.0127428,kg,AnimalTraits
Lagorchestes leporides,Mammalia,Diprotodontia,Macropodidae,1.598,0.0130536,kg,AnimalTraits
Phalanger gymnotis,Mammalia,Diprotodontia,Phalangeridae,3.264,0.013468,kg,AnimalTraits
Spilocuscus maculatus,Mammalia,Diprotodontia,Phalangeridae,3.127,0.0138824,kg,AnimalTraits
Dorcopsulus macleayi,Mammalia,Diprotodontia,Macropodidae,2.5,0.013986,kg,AnimalTraits
Setonix brachyurus,Mammalia,Diprotodontia,Macropodidae,1.931,0.0144004,kg,AnimalTraits
Lagorchestes conspicillatus,Mammalia,Diprotodontia,Macropodidae,2.015,0.014504,kg,AnimalTraits
Onychogalea fraenata,Mammalia,Diprotodontia,Macropodidae,3.484,0.0152292,kg,AnimalTraits
Petrogale brachyotis,Mammalia,Diprotodontia,Macropodidae,2.494,0.01554,kg,AnimalTraits
Dorcopsis atrata,Mammalia,Diprotodontia,Macropodidae,6.333,0.0173012,kg,AnimalTraits
Onychogalea unguifera,Mammalia,Diprotodontia,Macropodidae,5.242,0.0173012,kg,AnimalTraits
Spilocuscus rufoniger,Mammalia,Diprotodontia,Phalangeridae,6.181,0.0174048,kg,AnimalTraits
Petrogale mareeba,Mammalia,Diprotodontia,Macropodidae,3.186,0.017612,kg,AnimalTraits
Petrogale inornata,Mammalia,Diprotodontia,Macropodidae,2.262,0.017612,kg,AnimalTraits
Thylogale brunii,Mammalia,Diprotodontia,Macropodidae,5,0.01813,kg,AnimalTraits
Petrogale assimilis,Mammalia,Diprotodontia,Macropodidae,2.765,0.01813,kg,AnimalTraits
Thylogale stigmatica,Mammalia,Diprotodontia,Macropodidae,4.416,0.0184408,kg,AnimalTraits
Petrogale godmani,Mammalia,Diprotodontia,Macropodidae,3.276,0.018648,kg,AnimalTraits
Thylogale browni,Mammalia,Diprotodontia,Macropodidae,3.742,0.0189588,kg,AnimalTraits
Dendrolagus bennettianus,Mammalia,Diprotodontia,Macropodidae,2.078,0.019166,kg,AnimalTraits
Macropus parma,Mammalia,Diprotodontia,Macropodidae,3.557,0.0193732,kg,AnimalTraits
Petrogale lateralis,Mammalia,Diprotodontia,Macropodidae,3.61,0.0198912,kg,AnimalTraits
Thylogale thetis,Mammalia,Diprotodontia,Macropodidae,3.694,0.0198912,kg,AnimalTraits
Phascolarctos cinereus,Mammalia,Diprotodontia,Phascolarctidae,5.888,0.0209272,kg,AnimalTraits
Dorcopsis muelleri,Mammalia,Diprotodontia,Macropodidae,5.4,0.0211344,kg,AnimalTraits
Dorcopsis luctuosa,Mammalia,Diprotodontia,Macropodidae,7.392,0.0213416,kg,AnimalTraits
Petrogale herberti,Mammalia,Diprotodontia,Macropodidae,3.977,0.0219632,kg,AnimalTraits
Petrogale persephone,Mammalia,Diprotodontia,Macropodidae,5.732,0.022274,kg,AnimalTraits
Thylogale billardieri,Mammalia,Diprotodontia,Macropodidae,3.618,0.0228956,kg,AnimalTraits
Dorcopsis hageni,Mammalia,Diprotodontia,Macropodidae,6.43,0.02331,kg,AnimalTraits
Petrogale xanthopus,Mammalia,Diprotodontia,Macropodidae,4.65,0.023828,kg,AnimalTraits
Macropus eugenii,Mammalia,Diprotodontia,Macropodidae,4.425,0.0245532,kg,AnimalTraits
Petrogale penicillata,Mammalia,Diprotodontia,Macropodidae,5.99,0.0247604,kg,AnimalTraits
Macropus irma,Mammalia,Diprotodontia,Macropodidae,4.684,0.0255892,kg,AnimalTraits
Macropus greyi,Mammalia,Diprotodontia,Macropodidae,9.016,0.0259,kg,AnimalTraits
Dendrolagus lumholtzi,Mammalia,Diprotodontia,Macropodidae,4.366,0.0271432,kg,AnimalTraits
Dendrolagus ursinus,Mammalia,Diprotodontia,Macropodidae,5.009,0.0272468,kg,AnimalTraits
Dendrolagus matschiei,Mammalia,Diprotodontia,Macropodidae,4.16,0.02849,kg,AnimalTraits
Dendrolagus goodfellowi,Mammalia,Diprotodontia,Macropodidae,5.968,0.0294224,kg,AnimalTraits
Dendrolagus spadix,Mammalia,Diprotodontia,Macropodidae,4.947,0.029526,kg,AnimalTraits
Dendrolagus scottae,Mammalia,Diprotodontia,Macropodidae,8.666,0.0302512,kg,AnimalTraits
Macropus dorsalis,Mammalia,Diprotodontia,Macropodidae,8.728,0.0302512,kg,AnimalTraits
Dendrolagus inustus,Mammalia,Diprotodontia,Macropodidae,10.119,0.0311836,kg,AnimalTraits
Dendrolagus dorianus,Mammalia,Diprotodontia,Macropodidae,7.879,0.0334628,kg,AnimalTraits
Wallabia bicolor,Mammalia,Diprotodontia,Macropodidae,8.949,0.0340844,kg,AnimalTraits
Macropus agilis,Mammalia,Diprotodontia,Macropodidae,14.066,0.0344988,kg,AnimalTraits
Macropus rufogriseus,Mammalia,Diprotodontia,Macropodidae,12.09,0.037296,kg,AnimalTraits
Macropus parryi,Mammalia,Diprotodontia,Macropodidae,15.194,0.0427868,kg,AnimalTraits
Lasiorhinus latifrons,Mammalia,Diprotodontia,Vombatidae,19.264,0.057498,kg,AnimalTraits
Macropus antilopinus,Mammalia,Diprotodontia,Macropodidae,31.286,0.0588448,kg,AnimalTraits
Macropus fuliginosus,Mammalia,Diprotodontia,Macropodidae,31.04,0.060088,kg,AnimalTraits
Macropus robustus,Mammalia,Diprotodontia,Macropodidae,35.54,0.061124,kg,AnimalTraits
Vombatus ursinus,Mammalia,Diprotodontia,Vombatidae,27.192,0.061124,kg,AnimalTraits
Macropus rufus,Mammalia,Diprotodontia,Macropodidae,44.841,0.0646464,kg,AnimalTraits
Macropus giganteus,Mammalia,Diprotodontia,Macropodidae,38.977,0.0723128,kg,AnimalTraits
Dromiciops gliroides,Mammalia,Microbiotheria,Microbiotheriidae,0.0214,0.00083916,kg,AnimalTraits
Notoryctes caurinus,Mammalia,Notoryctemorphia,Notoryctidae,0.055,0.00080808,kg,AnimalTraits
Rhyncholestes raphanurus,Mammalia,Paucituberculata,Caenolestidae,0.02,0.0006734,kg,AnimalTraits
Caenolestes fuliginosus,Mammalia,Paucituberculata,Caenolestidae,0.0179,0.00070448,kg,AnimalTraits
Chaeropus ecaudatus,Mammalia,Peramelemorphia,Chaeropodidae,0.327,0.0024864,kg,AnimalTraits
Perameles bougainville,Mammalia,Peramelemorphia,Peramelidae,0.457,0.00332556,kg,AnimalTraits
Echymipera kalubu,Mammalia,Peramelemorphia,Peramelidae,0.697,0.00380212,kg,AnimalTraits
Echymipera rufescens,Mammalia,Peramelemorphia,Peramelidae,0.798,0.00386428,kg,AnimalTraits
Microperoryctes longicauda,Mammalia,Peramelemorphia,Peramelidae,0.479,0.00394716,kg,AnimalTraits
Macrotis leucura,Mammalia,Peramelemorphia,Thylacomyidae,0.877,0.0044548,kg,AnimalTraits
Isoodon macrourus,Mammalia,Peramelemorphia,Peramelidae,0.822,0.00457912,kg,AnimalTraits
Echymipera clara,Mammalia,Peramelemorphia,Peramelidae,1.207,0.00464128,kg,AnimalTraits
Perameles gunnii,Mammalia,Peramelemorphia,Peramelidae,1.002,0.004662,kg,AnimalTraits
Perameles nasuta,Mammalia,Peramelemorphia,Peramelidae,0.96,0.00513856,kg,AnimalTraits
Peroryctes raffrayana,Mammalia,Peramelemorphia,Peramelidae,0.977,0.00655788,kg,AnimalTraits
Macrotis lagotis,Mammalia,Peramelemorphia,Thylacomyidae,1.859,0.00680652,kg,AnimalTraits
Antechinus wilhelmina,Mammalia,Dasyuromorphia,Dasyuridae,0.0182,0.00080808,kg,AnimalTraits
Isoodon obesulus,Mammalia,Peramelemorphia,Peramelidae,0.691,0.00403004,kg,AnimalTraits
Marmosa mitis,Mammalia,Didelphimorphia,Didelphidae,0.0505,0.0007252,kg,AnimalTraits
Petauroides volans,Mammalia,Diprotodontia,Pseudocheiridae,0.631,0.00521108,kg,AnimalTraits
Petrogale venusta,Mammalia,Diprotodontia,Macropodidae,2.127,0.017094,kg,AnimalTraits
Pseudocheirus occidentalis,Mammalia,Diprotodontia,Pseudocheiridae,0.759,0.00578088,kg,AnimalTraits
Trichosurus fuliginosus,Mammalia,Diprotodontia,Phalangeridae,3.492,0.012432,kg,AnimalTraits
Solenodon paradoxus,Mammalia,Eulipotyphla,Solenodontidae,0.9,0.00467,kg,AnimalTraits
Tenrec ecaudatus,Mammalia,Afrosoricida,Tenrecidae,0.832,0.00257,kg,AnimalTraits
Setifer setosus,Mammalia,Afrosoricida,Tenrecidae,0.248,0.00151,kg,AnimalTraits
Hemicentetes semispinosus,Mammalia,Afrosoricida,Tenrecidae,0.11,0.00083,kg,AnimalTraits
Echinops telfairi,Mammalia,Afrosoricida,Tenrecidae,0.0875,0.00062,kg,AnimalTraits
Oryzorictes hova,Mammalia,Afrosoricida,Tenrecidae,0.0442,0.00058,kg,AnimalTraits
Microgale cowani,Mammalia,Afrosoricida,Tenrecidae,0.0152,0.00042,kg,AnimalTraits
Microgale dobsoni,Mammalia,Afrosoricida,Tenrecidae,0.0326,0.00056,kg,AnimalTraits
Limnogale mergulus,Mammalia,Afrosoricida,Tenrecidae,0.092,0.00115,kg,AnimalTraits
Potamogale velox,Mammalia,Afrosoricida,Tenrecidae,0.66,0.0041,kg,AnimalTraits
Erinaceus europaeus,Mammalia,Eulipotyphla,Erinaceidae,0.86,0.00335,kg,AnimalTraits
Sorex minutus,Mammalia,Eulipotyphla,Soricidae,0.0053,0.0001,kg,AnimalTraits
Sorex araneus,Mammalia,Eulipotyphla,Soricidae,0.0103,0.0002,kg,AnimalTraits
Blarina brevicauda,Mammalia,Eulipotyphla,Soricidae,0.0185,0.00037,kg,AnimalTraits
Neomys fodiens,Mammalia,Eulipotyphla,Soricidae,0.0152,0.00032,kg,AnimalTraits
Sylvisorex megalura,Mammalia,Eulipotyphla,Soricidae,0.0053,0.00015,kg,AnimalTraits
Sylvisorex lunaris,Mammalia,Eulipotyphla,Soricidae,0.0185,0.00034,kg,AnimalTraits
Suncus murinus,Mammalia,Eulipotyphla,Soricidae,0.0355,0.00038,kg,AnimalTraits
Crocidura hildegardeae,Mammalia,Eulipotyphla,Soricidae,0.0106,0.00022,kg,AnimalTraits
Crocidura russula,Mammalia,Eulipotyphla,Soricidae,0.011,0.00019,kg,AnimalTraits
Crocidura niobe,Mammalia,Eulipotyphla,Soricidae,0.0115,0.00028,kg,AnimalTraits
Crocidura jacksoni,Mammalia,Eulipotyphla,Soricidae,0.0126,0.00025,kg,AnimalTraits
Crocidura occidenlalis,Mammalia,Eulipotyphla,Soricidae,0.028,0.00044,kg,AnimalTraits
Crocidura giffardi,Mammalia,Eulipotyphla,Soricidae,0.082,0.00055,kg,AnimalTraits
Crocidura pyrenaicus,Mammalia,Eulipotyphla,Soricidae,0.0575,0.00133,kg,AnimalTraits
Desmana moschata,Mammalia,Soricomorpha,Talpidae,0.44,0.004,kg,AnimalTraits
Talpa europaea,Mammalia,Eulipotyphla,Talpidae,0.076,0.00102,kg,AnimalTraits
Scalopus aquaticus,Mammalia,Eulipotyphla,Talpidae,0.0396,0.00116,kg,AnimalTraits
Chrysochloris asiatica,Mammalia,Afrosoricida,Chrysochloridae,0.049,0.0007,kg,AnimalTraits
Chrysochloris stuhlmanni,Mammalia,Afrosoricida,Chrysochloridae,0.0398,0.00074,kg,AnimalTraits
Elephantulus fuscipes,Mammalia,Macroscelidea,Macroscelididae,0.057,0.00133,kg,AnimalTraits
Rhynchocyon stuhlmanni,Mammalia,Macroscelidea,Macroscelididae,0.49,0.0061,kg,AnimalTraits
Tupaia javanica,Mammalia,Scandentia,Tupaiidae,0.105,0.00255,kg,AnimalTraits
Tupaia glis,Mammalia,Scandentia,Tupaiidae,0.15,0.00315,kg,AnimalTraits
Urogale everetti,Mammalia,Scandentia,Tupaiidae,0.275,0.00428,kg,AnimalTraits
Cheirogaleus medius,Mammalia,Primates,Cheirogaleidae,0.177,0.00314,kg,AnimalTraits
Cheirogaleus major,Mammalia,Primates,Cheirogaleidae,0.45,0.0068,kg,AnimalTraits
Microcebus murinus,Mammalia,Primates,Cheirogaleidae,0.054,0.00178,kg,AnimalTraits
Prolemur simus,Mammalia,Primates,Lemuridae,1.3,0.00953,kg,AnimalTraits
Lepilemur ruficaudatus,Mammalia,Primates,Lepilemuridae,0.915,0.0076,kg,AnimalTraits
Eulemur fulvus,Mammalia,Primates,Lemuridae,1.4,0.0233,kg,AnimalTraits
Eulemur albifrons,Mammalia,Primates,Lemuridae,1.54,0.0223,kg,AnimalTraits
Eulemur rufiventer,Mammalia,Primates,Lemuridae,1.4,0.0266,kg,AnimalTraits
Eulemur mongoz,Mammalia,Primates,Lemuridae,1.6,0.0241,kg,AnimalTraits
Eulemur catta,Mammalia,Primates,Lemuridae,1.96,0.022,kg,AnimalTraits
Eulemur macaco,Mammalia,Primates,Lemuridae,2.04,0.0235,kg,AnimalTraits
Eulemur variegatus,Mammalia,Primates,Lemuridae,3,0.0315,kg,AnimalTraits
Avahi occidentalis,Mammalia,Primates,Indriidae,0.86,0.00967,kg,AnimalTraits
Avahi laniger,Mammalia,Primates,Indriidae,1.27,0.01145,kg,AnimalTraits
Propithecus coquereli,Mammalia,Primates,Indriidae,3.48,0.0267,kg,AnimalTraits
Indri indri,Mammalia,Primates,Indriidae,6.25,0.0383,kg,AnimalTraits
Daubentonia madagascariensis,Mammalia,Primates,Daubentoniidae,2.8,0.04515,kg,AnimalTraits
Loris tardigradus,Mammalia,Primates,Lorisidae,0.322,0.0066,kg,AnimalTraits
Nycticebus coucang,Mammalia,Primates,Lorisidae,0.6,0.0125,kg,AnimalTraits
Perodicticus potto,Mammalia,Primates,Lorisidae,1.15,0.014,kg,AnimalTraits
Galagoides demidovii,Mammalia,Primates,Galagidae,0.081,0.00338,kg,AnimalTraits
Galagoides senegalensis,Mammalia,Primates,Galagidae,0.186,0.0048,kg,AnimalTraits
Galagoides crassicaudatus,Mammalia,Primates,Galagidae,0.85,0.0103,kg,AnimalTraits
Carlito syrichta,Mammalia,Primates,Tarsiidae,0.0875,0.00363,kg,AnimalTraits
Tarsius spectrum,Mammalia,Primates,Tarsiidae,0.17,0.00465,kg,AnimalTraits
Artibeus jamaicensis,Mammalia,Chiroptera,Phyllostomatidae,0.0375,0.00093,kg,AnimalTraits
Artibeus lituratus,Mammalia,Chiroptera,Phyllostomatidae,0.0587,0.00105,kg,AnimalTraits
Carollia perspicillata,Mammalia,Chiroptera,Phyllostomatidae,0.016,0.00047,kg,AnimalTraits
Casinycteris argynnis,Mammalia,Chiroptera,Pteropidae,0.0405,0.00092,kg,AnimalTraits
Cynopterus brachyotis,Mammalia,Chiroptera,Pteropidae,0.029,0.00088,kg,AnimalTraits
Cynopterus horsfieldi,Mammalia,Chiroptera,Pteropidae,0.053,0.00123,kg,AnimalTraits
Diaemus youngi,Mammalia,Chiroptera,Desmodontidae,0.0346,0.00097,kg,AnimalTraits
Diaemus rotundus,Mammalia,Chiroptera,Desmodontidae,0.03,0.00086,kg,AnimalTraits
Eonycteris spelea,Mammalia,Chiroptera,Pteropidae,0.05,0.00118,kg,AnimalTraits
Glossophaga soricina,Mammalia,Chiroptera,Phyllostomatidae,0.0112,0.00039,kg,AnimalTraits
Hipposideros bicolor,Mammalia,Chiroptera,Hipposideridae,0.0084,0.00024,kg,AnimalTraits
Hipposideros caffer,Mammalia,Chiroptera,Hipposideridae,0.0107,0.00032,kg,AnimalTraits
Hypsignathus monstrosus,Mammalia,Chiroptera,Pteropidae,0.34,0.0034,kg,AnimalTraits
Leptonycteris curasoae,Mammalia,Chiroptera,Phyllostomatidae,0.0245,0.00055,kg,AnimalTraits
Mimon crenulatum,Mammalia,Chiroptera,Phyllostomatidae,0.0148,0.00034,kg,AnimalTraits
Mormoops megalophylla,Mammalia,Chiroptera,Phyllostomatidae,0.0156,0.00042,kg,AnimalTraits
Myotis bechsteini,Mammalia,Chiroptera,Vespertilionidae,0.0075,0.000265,kg,AnimalTraits
Myotis bocagei,Mammalia,Chiroptera,Vespertilionidae,0.0076,0.00021,kg,AnimalTraits
Myotis dasycneme,Mammalia,Chiroptera,Vespertilionidae,0.015,0.00031,kg,AnimalTraits
Myotis daubentoni,Mammalia,Chiroptera,Vespertilionidae,0.007,0.00023,kg,AnimalTraits
Myotis myotis,Mammalia,Chiroptera,Vespertilionidae,0.025,0.00048,kg,AnimalTraits
Myotis mystacinus,Mammalia,Chiroptera,Vespertilionidae,0.004,0.00016,kg,AnimalTraits
Myotis nattereri,Mammalia,Chiroptera,Vespertilionidae,0.007,0.00022,kg,AnimalTraits
Myotis nigricans,Mammalia,Chiroptera,Vespertilionidae,0.0045,0.00012,kg,AnimalTraits
Noctilio leporinus,Mammalia,Chiroptera,Noctilionidae,0.0585,0.00126,kg,AnimalTraits
Nycteris arge,Mammalia,Chiroptera,Nycteridae,0.0106,0.00036,kg,AnimalTraits
Nyctalus noctula,Mammalia,Chiroptera,Vespertilionidae,0.025,0.000369,kg,AnimalTraits
Phyllostomus discolor,Mammalia,Chiroptera,Phyllostomatidae,0.033,0.00089,kg,AnimalTraits
Pteronotus davyi,Mammalia,Chiroptera,Phyllostomatidae,0.0106,0.00031,kg,AnimalTraits
Rhinolophus hipposideros,Mammalia,Chiroptera,Rhinolophidae,0.00715,0.000235,kg,AnimalTraits
Rhynchonycteris naso,Mammalia,Chiroptera,Emballonuridae,0.0043,0.00011,kg,AnimalTraits
Rousettus aegyptiacus,Mammalia,Chiroptera,Pteropidae,0.13,0.0026,kg,AnimalTraits
Saccopteryx bilineata,Mammalia,Chiroptera,Emballonuridae,0.008,0.00022,kg,AnimalTraits
Sturnira lilium,Mammalia,Chiroptera,Phyllostomatidae,0.0171,0.00052,kg,AnimalTraits
Uroderma bilobatum,Mammalia,Chiroptera,Phyllostomatidae,0.0164,0.00053,kg,AnimalTraits
Vampyrops helleri,Mammalia,Chiroptera,Phyllostomatidae,0.0116,0.00042,kg,AnimalTraits
Vespertilio serotinus,Mammalia,Chiroptera,Vespertilionidae,0.0234,0.00031,kg,AnimalTraits
Vespertilio murinus,Mammalia,Chiroptera,Vespertilionidae,0.0333,0.000445,kg,AnimalTraits
Scotophilus gigas,Mammalia,Chiroptera,Vespertilionidae,0.101,0.001046,kg,AnimalTraits
Miniopterus schreibers,Mammalia,Chiroptera,Vespertilionidae,0.0127,0.00029,kg,AnimalTraits
Tadarida albiventer,Mammalia,Chiroptera,Molossidae,0.0115,0.00022,kg,AnimalTraits
Chaerophon limbatus,Mammalia,Chiroptera,Molossidae,0.0133,0.00029,kg,AnimalTraits
Chaerophon Ieucostigma,Mammalia,Chiroptera,Molossidae,0.0265,0.00039,kg,AnimalTraits
Molossus major,Mammalia,Chiroptera,Molossidae,0.013,0.00026,kg,AnimalTraits
Molossus ate,Mammalia,Chiroptera,Molossidae,0.0281,0.00048,kg,AnimalTraits
Pteropus vampyru,Mammalia,Chiroptera,Pteropidae,1.22,0.0102,kg,AnimalTraits
Epomophorus gambianus,Mammalia,Chiroptera,Pteropidae,0.309,0.00433,kg,AnimalTraits
Pteropus edwarsi,Mammalia,Chiroptera,Pteropidae,0.287,0.008,kg,AnimalTraits
Semnopithecus entellus,Mammalia,Primates,Cercopithecidae,7.01,0.1115,kg,AnimalTraits
Semnopithecus entellus,Mammalia,Primates,Cercopithecidae,4.4,0.105,kg,AnimalTraits
Cercopithecus callitrichus,Mammalia,Primates,Cercopithecidae,3,0.0815,kg,AnimalTraits
Cercopithecus griseoviridis,Mammalia,Primates,Cercopithecidae,1.908,0.06,kg,AnimalTraits
Cercopithecus cynosurus,Mammalia,Primates,Cercopithecidae,2.92,0.072,kg,AnimalTraits
Cercopithecus sabaeus,Mammalia,Primates,Cercopithecidae,1.44,0.0748,kg,AnimalTraits
Cercopithecus rufoviridis,Mammalia,Primates,Cercopithecidae,2.05,0.051,kg,AnimalTraits
Cercocebus fuliginosus,Mammalia,Primates,Cercopithecidae,3.09,0.1035,kg,AnimalTraits
Cercocebus fuliginosus,Mammalia,Primates,Cercopithecidae,2.25,0.1,kg,AnimalTraits
Cercocebus fuliginosus,Mammalia,Primates,Cercopithecidae,7.735,0.0926,kg,AnimalTraits
Cercocebus fuliginosus,Mammalia,Primates,Cercopithecidae,2.815,0.085,kg,AnimalTraits
Macaca fascicularis,Mammalia,Primates,Cercopithecidae,4.035,0.079,kg,AnimalTraits
Macaca fascicularis,Mammalia,Primates,Cercopithecidae,2.05,0.0757,kg,AnimalTraits
Macaca fascicularis,Mammalia,Primates,Cercopithecidae,1.425,0.0739,kg,AnimalTraits
Macaca fascicularis,Mammalia,Primates,Cercopithecidae,1.21,0.066,kg,AnimalTraits
Macaca fascicularis,Mammalia,Primates,Cercopithecidae,1.98,0.0623,kg,AnimalTraits
Macaca fascicularis,Mammalia,Primates,Cercopithecidae,2.49,0.0537,kg,AnimalTraits
Macaca pileatus,Mammalia,Primates,Cercopithecidae,2.22,0.0601,kg,AnimalTraits
Macaca pileatus,Mammalia,Primates,Cercopithecidae,1.72,0.0562,kg,AnimalTraits
Macaca rhesus,Mammalia,Primates,Cercopithecidae,3.845,0.1008,kg,AnimalTraits
Macaca rhesus,Mammalia,Primates,Cercopithecidae,1.752,0.0831,kg,AnimalTraits
Macaca rhesus,Mammalia,Primates,Cercopithecidae,2.634,0.082,kg,AnimalTraits
Macaca rhesus,Mammalia,Primates,Cercopithecidae,1.86,0.081,kg,AnimalTraits
Macaca rhesus,Mammalia,Primates,Cercopithecidae,2.625,0.0802,kg,AnimalTraits
Macaca rhesus,Mammalia,Primates,Cercopithecidae,1.985,0.0789,kg,AnimalTraits
Macaca rhesus,Mammalia,Primates,Cercopithecidae,1.42,0.0784,kg,AnimalTraits
Macaca assamensis,Mammalia,Primates,Cercopithecidae,3.655,0.0905,kg,AnimalTraits
Macaca leonina,Mammalia,Primates,Cercopithecidae,2.05,0.09,kg,AnimalTraits
Macaca nemestrina,Mammalia,Primates,Cercopithecidae,6.625,0.117,kg,AnimalTraits
Ateles paniscus,Mammalia,Primates,Atelidae,2.55,0.12,kg,AnimalTraits
Ateles paniscus,Mammalia,Primates,Atelidae,2.035,0.1083,kg,AnimalTraits
Ateles paniscus,Mammalia,Primates,Atelidae,2.305,0.1088,kg,AnimalTraits
Cebus capucinus,Mammalia,Primates,Cebidae,1.92,0.061,kg,AnimalTraits
Cebus capucinus,Mammalia,Primates,Cebidae,0.9697,0.0637,kg,AnimalTraits
Cebus olivaceus,Mammalia,Primates,Cebidae,1.262,0.0725,kg,AnimalTraits
Sapajus libidinosus,Mammalia,Primates,Cebidae,2.645,0.0577,kg,AnimalTraits
Sapajus libidinosus,Mammalia,Primates,Cebidae,2.52,0.0965,kg,AnimalTraits
Alouatta caraya,Mammalia,Primates,Atelidae,2.955,0.0456,kg,AnimalTraits
Lagothrix lagothricha,Mammalia,Primates,Atelidae,2.55,0.0925,kg,AnimalTraits
Aotus trivirgatus,Mammalia,Primates,Aotidae,0.48,0.0155,kg,AnimalTraits
Saimiri sciureus,Mammalia,Primates,Cebidae,0.3285,0.0235,kg,AnimalTraits
Saimiri sciureus,Mammalia,Primates,Cebidae,0.365,0.0212,kg,AnimalTraits
Callithrix jacchus,Mammalia,Primates,Cebidae,0.242,0.009,kg,AnimalTraits
Callithrix jacchus,Mammalia,Primates,Cebidae,0.169,0.0072,kg,AnimalTraits
Callithrix jacchus,Mammalia,Primates,Cebidae,0.225,0.0067,kg,AnimalTraits
Callithrix jacchus,Mammalia,Primates,Cebidae,0.221,0.009,kg,AnimalTraits
Callithrix jacchus,Mammalia,Primates,Cebidae,0.155,0.0073,kg,AnimalTraits
Callithrix jacchus,Mammalia,Primates,Cebidae,0.187,0.0076,kg,AnimalTraits
Callithrix jacchus,Mammalia,Primates,Cebidae,0.235,0.0072,kg,AnimalTraits
Leontopithecus rosalia,Mammalia,Primates,Cebidae,0.407,0.0127,kg,AnimalTraits
Midas ursulus,Mammalia,Primates,Cebidae,0.225,0.0084,kg,AnimalTraits
Eulemur macaco,Mammalia,Primates,Lemuridae,1.29,0.0245,kg,AnimalTraits
Eulemur macaco,Mammalia,Primates,Lemuridae,1.2485,0.024,kg,AnimalTraits
Eulemur macaco,Mammalia,Primates,Lemuridae,1.94,0.022,kg,AnimalTraits
Eulemur rufriventer,Mammalia,Primates,Lemuridae,1.015,0.0249,kg,AnimalTraits
Eulemur rufriventer,Mammalia,Primates,Lemuridae,1.79,0.0283,kg,AnimalTraits
Eulemur albifrons,Mammalia,Primates,Lemuridae,1.54,0.0223,kg,AnimalTraits
Eulemur mongoz,Mammalia,Primates,Lemuridae,1.808,0.0232,kg,AnimalTraits
Eulemur mongoz,Mammalia,Primates,Lemuridae,1.305,0.0258,kg,AnimalTraits
Eulemur mongoz,Mammalia,Primates,Lemuridae,1.565,0.0231,kg,AnimalTraits
Lemur catta,Mammalia,Primates,Lemuridae,2.35,0.0208,kg,AnimalTraits
Perodicticus potto,Mammalia,Primates,Lorisidae,0.538,0.0109,kg,AnimalTraits
Nycticebus tardigradus,Mammalia,Primates,Lorisidae,0.527,0.0144,kg,AnimalTraits
Nycticebus tardigradus,Mammalia,Primates,Lorisidae,0.365,0.0105,kg,AnimalTraits
Pteropus giganteus,Mammalia,Chiroptera,Pteropodidae,0.382,0.01,kg,AnimalTraits
Pteropus giganteus,Mammalia,Chiroptera,Pteropodidae,0.414,0.007,kg,AnimalTraits
Pteropus giganteus,Mammalia,Chiroptera,Pteropodidae,0.325,0.0062,kg,AnimalTraits
Pteropus giganteus,Mammalia,Chiroptera,Pteropodidae,0.405,0.0063,kg,AnimalTraits
Pteropus giganteus,Mammalia,Chiroptera,Pteropodidae,0.323,0.0075,kg,AnimalTraits
Pteropus giganteus,Mammalia,Chiroptera,Pteropodidae,0.38,0.0073,kg,AnimalTraits
Pteropus giganteus,Mammalia,Chiroptera,Pteropodidae,0.395,0.0068,kg,AnimalTraits
Erinaceus europaeus,Mammalia,Eulipotyphla,Erinaceidae,0.718,0.0065,kg,AnimalTraits
Erinaceus europaeus,Mammalia,Eulipotyphla,Erinaceidae,0.669,0.0036,kg,AnimalTraits
Erinaceus europaeus,Mammalia,Eulipotyphla,Erinaceidae,0.515,0.0035,kg,AnimalTraits
Erinaceus europaeus,Mammalia,Eulipotyphla,Erinaceidae,0.497,0.003,kg,AnimalTraits
Erinaceus europaeus,Mammalia,Eulipotyphla,Erinaceidae,0.925,0.0033,kg,AnimalTraits
Erinaceus europaeus,Mammalia,Eulipotyphla,Erinaceidae,0.92,0.0035,kg,AnimalTraits
Erinaceus europaeus,Mammalia,Eulipotyphla,Erinaceidae,0.985,0.0033,kg,AnimalTraits
Erinaceus europaeus,Mammalia,Eulipotyphla,Erinaceidae,0.448,0.0035,kg,AnimalTraits
Erinaceus europaeus,Mammalia,Eulipotyphla,Erinaceidae,0.69,0.003,kg,AnimalTraits
Talpa europaea,Mammalia,Eulipotyphla,Talpidae,0.077,0.0015,kg,AnimalTraits
Ailurus fulgens,Mammalia,Carnivora,Ailuridae,5.59,0.0468,kg,AnimalTraits
Mustela putorius,Mammalia,Carnivora,Mustelidae,0.415,0.0066,kg,AnimalTraits
Mustela erminea,Mammalia,Carnivora,Mustelidae,0.179,0.0046,kg,AnimalTraits
Mustela erminea,Mammalia,Carnivora,Mustelidae,0.098,0.004,kg,AnimalTraits
Mustela erminea,Mammalia,Carnivora,Mustelidae,0.102,0.0033,kg,AnimalTraits
Galictis vittata,Mammalia,Carnivora,Mustelidae,0.92,0.0153,kg,AnimalTraits
Eira barbara,Mammalia,Carnivora,Mustelidae,2,0.0442,kg,AnimalTraits
Canis mesomelas,Mammalia,Carnivora,Canidae,8,0.0548,kg,AnimalTraits
Vulpes vulpes,Mammalia,Carnivora,Canidae,2.91,0.0468,kg,AnimalTraits
Vulpes vulpes,Mammalia,Carnivora,Canidae,2.55,0.0436,kg,AnimalTraits
Vulpes vulpes,Mammalia,Carnivora,Canidae,4.235,0.0505,kg,AnimalTraits
Mungos mungo,Mammalia,Dasyuromorphia,Herpestidae,0.93,0.0108,kg,AnimalTraits
Paradoxurus hermaphroditus,Mammalia,Dasyuromorphia,Viverridae,3.047,0.0237,kg,AnimalTraits
Herpestes smithii,Mammalia,Carnivora,Herpestidae,1.205,0.0146,kg,AnimalTraits
Genetta pardina,Mammalia,Carnivora,Viverridae,1.032,0.0154,kg,AnimalTraits
Caracal caracal,Mammalia,Carnivora,Felidae,7.67,0.0519,kg,AnimalTraits
Felis silvestris,Mammalia,Carnivora,Felidae,3.96,0.032,kg,AnimalTraits
Felis silvestris,Mammalia,Carnivora,Felidae,3.62,0.03,kg,AnimalTraits
Felis silvestris,Mammalia,Carnivora,Felidae,3.46,0.0251,kg,AnimalTraits
Felis silvestris,Mammalia,Carnivora,Felidae,3.743,0.0328,kg,AnimalTraits
Felis silvestris,Mammalia,Carnivora,Felidae,2.577,0.0285,kg,AnimalTraits
Felis silvestris,Mammalia,Carnivora,Felidae,3.48,0.0252,kg,AnimalTraits
Felis silvestris,Mammalia,Carnivora,Felidae,3.58,0.0248,kg,AnimalTraits
Felis silvestris,Mammalia,Carnivora,Felidae,2.58,0.0215,kg,AnimalTraits
Panthera leo,Mammalia,Carnivora,Felidae,84,0.2595,kg,AnimalTraits
Rubrisciurus rubriventer,Mammalia,Rodentia,Sciuridae,0.365,0.0069,kg,AnimalTraits
Rubrisciurus rubriventer,Mammalia,Rodentia,Sciuridae,0.365,0.0065,kg,AnimalTraits
Sciurus niger,Mammalia,Rodentia,Sciuridae,0.328,0.0072,kg,AnimalTraits
Marmota sibirica,Mammalia,Rodentia,Sciuridae,1.89,0.0181,kg,AnimalTraits
Ictidomys tridecemlineatus,Mammalia,Rodentia,Sciuridae,0.2,0.0022,kg,AnimalTraits
Ictidomys tridecemlineatus,Mammalia,Rodentia,Sciuridae,0.115,0.0024,kg,AnimalTraits
Glis glis,Mammalia,Rodentia,Gliridae,0.148,0.0019,kg,AnimalTraits
Cricetus cricetus,Mammalia,Rodentia,Cricetidae,0.297,0.0022,kg,AnimalTraits
Rattus norvegicus,Mammalia,Rodentia,Muridae,0.465,0.00875,kg,AnimalTraits
Rattus norvegicus,Mammalia,Rodentia,Muridae,0.254,0.0073,kg,AnimalTraits
Gerbillus gerbillus,Mammalia,Rodentia,Muridae,0.095,0.0034,kg,AnimalTraits
Muscardinus avellanarius,Mammalia,Rodentia,Gliridae,0.013,0.0005,kg,AnimalTraits
Allactaga saliens,Mammalia,Rodentia,Dipodidae,0.193,0.0035,kg,AnimalTraits
Jaculus orientalis,Mammalia,Rodentia,Dipodidae,0.098,0.0025,kg,AnimalTraits
Capromys pilorides,Mammalia,Rodentia,Capromyidae,0.155,0.0045,kg,AnimalTraits
Atherurus africanus,Mammalia,Rodentia,Hystricidae,3.629,0.0253,kg,AnimalTraits
Lagidium viscacia,Mammalia,Rodentia,Chinchillidae,2.252,0.016,kg,AnimalTraits
Lagidium viscacia,Mammalia,Rodentia,Chinchillidae,2.35,0.0152,kg,AnimalTraits
Lagidium viscacia,Mammalia,Rodentia,Chinchillidae,3.845,0.0148,kg,AnimalTraits
Lagidium viscacia,Mammalia,Rodentia,Chinchillidae,1.395,0.0143,kg,AnimalTraits
Cuniculus paca,Mammalia,Rodentia,Cuniculidae,5.635,0.0358,kg,AnimalTraits
Cavia porcellus,Mammalia,Rodentia,Caviidae,0.348,0.0064,kg,AnimalTraits
Cavia porcellus,Mammalia,Rodentia,Caviidae,0.648,0.0041,kg,AnimalTraits
Cavia porcellus,Mammalia,Rodentia,Caviidae,0.493,0.0038,kg,AnimalTraits
Cavia porcellus,Mammalia,Rodentia,Caviidae,0.1065,0.0029,kg,AnimalTraits
Cavia apera,Mammalia,Rodentia,Caviidae,0.088,0.0028,kg,AnimalTraits
Oryctolagus cuniculus,Mammalia,Lagomorpha,Leporidae,2.844,0.0137,kg,AnimalTraits
Oryctolagus cuniculus,Mammalia,Lagomorpha,Leporidae,2.217,0.0106,kg,AnimalTraits
Oryctolagus cuniculus,Mammalia,Lagomorpha,Leporidae,0.622,0.00905,kg,AnimalTraits
Procavia capensis,Mammalia,Hyracoidea,Procaviidae,1.92,0.02,kg,AnimalTraits
Procavia capensis,Mammalia,Hyracoidea,Procaviidae,0.6,0.0148,kg,AnimalTraits
Cervus canadensis,Mammalia,Artiodactyla,Cervidae,200,0.4093,kg,AnimalTraits
Boselaphus tragocamelus,Mammalia,Artiodactyla,Bovidae,125,0.2555,kg,AnimalTraits
Boselaphus tragocamelus,Mammalia,Artiodactyla,Bovidae,125,0.288,kg,AnimalTraits
Euphractus sexcinctus,Mammalia,Cingulata,Chlamyphoridae,7.99,0.0335,kg,AnimalTraits
Bradypus tridactylus,Mammalia,Pilosa,Bradypodidae,4.097,0.0249,kg,AnimalTraits
Trichosurus vulpecula,Mammalia,Diprotodontia,Phalangeridae,1.62,0.0114,kg,AnimalTraits
Onychogalea fraenata,Mammalia,Diprotodontia,Macropodidae,1.433,0.0135,kg,AnimalTraits
Didelphis marsupialis,Mammalia,Didelphimorphia,Didelphidae,1.7,0.0063,kg,AnimalTraits
Lumbricus terrestris,Clitellata,Haplotaxida,Lumbricidae,0.00609,2.14e-05,kg,AnimalTraits
Periplaneta americana,Insecta,Blattodea,Blattidae,9.2e-05,1.95e-07,kg,AnimalTraits
Melanoplus femurrubrum,Insecta,Orthoptera,Acrididae,0.000458,2.33e-06,kg,AnimalTraits
Blaberus craniifer,Insecta,Blattodea,Blaberidae,0.004727,9.7e-06,kg,AnimalTraits
Limax maximus,Gastropoda,Stylommatophora,Limacidae,0.00417,1.33e-05,kg,AnimalTraits
Rana catesbeiana,Amphibia,Anura,Ranidae,0.5199,0.0004625,kg,AnimalTraits
Phrynosoma coronatum,Reptilia,Squamata,Iguanidae,0.025,0.0001383,kg,AnimalTraits
Phrynosoma coronatum,Reptilia,Squamata,Iguanidae,0.0249,0.0001269,kg,AnimalTraits
Quiscalus quiscula aeneus,Aves,Passeriformes,Icteridae,0.082,0.00292,kg,AnimalTraits
Sialia sialis,Aves,Passeriformes,Turdidae,0.034,0.001281,kg,AnimalTraits
Sialia sialis,Aves,Passeriformes,Turdidae,0.029,0.001392,kg,AnimalTraits
Buteo vulpinus,Aves,Accipitriformes,Accipitridae,0.558,0.00799,kg,AnimalTraits
Cathartes aura,Aves,Accipitriformes,Cathartidae,0.494,0.0093,kg,AnimalTraits
Dumetella carolinensis,Aves,Passeriformes,Mimidae,0.033,0.001412,kg,AnimalTraits
Serinus canaria,Aves,Passeriformes,Fringillidae,0.0171,0.000848,kg,AnimalTraits
Serinus canaria,Aves,Passeriformes,Fringillidae,0.0153,0.000564,kg,AnimalTraits
Molothrus ater,Aves,Passeriformes,Icteridae,0.066,0.002693,kg,AnimalTraits
Balearica pavonina,Aves,Gruiformes,Gruidae,4.071,0.01354,kg,AnimalTraits
Balearica pavonina,Aves,Gruiformes,Gruidae,4.825,0.01285,kg,AnimalTraits
Antigone canadensis,Aves,Gruiformes,Gruidae,1.651,0.00858,kg,AnimalTraits
Corvus brachyrhynchos,Aves,Passeriformes,Corvidae,0.337,0.0093,kg,AnimalTraits
Alle alle,Aves,Charadriiformes,Alcidae,0.102,0.00193,kg,AnimalTraits
Alle alle,Aves,Charadriiformes,Alcidae,0.104,0.00192,kg,AnimalTraits
Anas acuta,Aves,Anseriformes,Anatidae,0.67,0.0049548,kg,AnimalTraits
Haliaeetus vocifer,Aves,Accipitriformes,Accipitridae,3.5,0.01293,kg,AnimalTraits
Aquila rapax,Aves,Accipitriformes,Accipitridae,2.625,0.01409,kg,AnimalTraits
Aquila rapax,Aves,Accipitriformes,Accipitridae,1.67,0.01362,kg,AnimalTraits
Aquila rapax,Aves,Accipitriformes,Accipitridae,2.438,0.01391,kg,AnimalTraits
Casmerodius albus,Aves,Pelecaniformes,Ardeidae,1.03,0.00612,kg,AnimalTraits
Ardea intermedia,Aves,Pelecaniformes,Ardeidae,0.525,0.0047,kg,AnimalTraits
Phoeniconaias minor,Aves,Phoenicopteriformes,Phoenicopteridae,1.483,0.00699,kg,AnimalTraits
Phoeniconaias minor,Aves,Phoenicopteriformes,Phoenicopteridae,1.598,0.00805,kg,AnimalTraits
Gallus bankiva,Aves,Galliformes,Phasianidae,1.263,0.003916,kg,AnimalTraits
Gallus bankiva,Aves,Galliformes,Phasianidae,2.2,0.00355,kg,AnimalTraits
Alopochen aegyptiaca,Aves,Anseriformes,Anatidae,1.935,0.00764,kg,AnimalTraits
Numida meleagris,Aves,Galliformes,Numididdae,1.62,0.0042,kg,AnimalTraits
Larus philadelphia,Aves,Charadriiformes,Laridae,0.205,0.00249,kg,AnimalTraits
Larus argentatus,Aves,Charadriiformes,Laridae,0.535,0.00508,kg,AnimalTraits
Larus delawarensis,Aves,Charadriiformes,Laridae,0.72,0.00872,kg,AnimalTraits
Puffinus griseus,Aves,Procellariiformes,Procellariidae,0.268,0.00301,kg,AnimalTraits
Accipiter striatus,Aves,Accipitriformes,Accipitridae,0.52,0.0057,kg,AnimalTraits
Falco sparverius,Aves,Falconiformes,Falconidae,0.112,0.00251,kg,AnimalTraits
Bucorvus leadbeateri,Aves,Bucerotiformes,Bucorvidae,2.15,0.02625,kg,AnimalTraits
Amazilia tzacatl,Aves,Apodiformes,Trochilidae,0.0048,0.0001998,kg,AnimalTraits
Gavia stellata,Aves,Gaviiformes,Gaviidae,1.53,0.00612,kg,AnimalTraits
Gavia stellata,Aves,Gaviiformes,Gaviidae,1.568,0.00638,kg,AnimalTraits
Fregata aquila,Aves,Suliformes,Fregatidae,1.405,0.00945,kg,AnimalTraits
Mergus serrator,Aves,Anseriformes,Anatidae,0.77,0.005289,kg,AnimalTraits
Struthio camelus,Aves,Struthioniformes,Struthionidae,123,0.04211,kg,AnimalTraits
Bubo virginianus,Aves,Stringiformes,Strigidae,1.177,0.0137,kg,AnimalTraits
Dendroperdix sephaena,Aves,Galliformes,Phasianidae,0.208,0.0015,kg,AnimalTraits
Pelicanus occidentalis,Aves,Pelecaniformes,Pelecanidae,3.29,0.01745,kg,AnimalTraits
Phasianus colchicus,Aves,Galliformes,Phasianidae,0.625,0.003289,kg,AnimalTraits
Sayornis phoebe,Aves,Passeriformes,Tyrannidae,0.0181,0.000793,kg,AnimalTraits
Sayornis phoebe,Aves,Passeriformes,Tyrannidae,0.0175,0.00075,kg,AnimalTraits
Columba livia,Aves,Columbiformes,Columbiformes,0.247,0.002285,kg,AnimalTraits
Columba livia,Aves,Columbiformes,Columbiformes,0.282,0.002694,kg,AnimalTraits
Lagopus lagopus,Aves,Galliformes,Phasianidae,0.542,0.002377,kg,AnimalTraits
Lagopus lagopus,Aves,Galliformes,Phasianidae,0.54,0.0028,kg,AnimalTraits
Turdus migratorius,Aves,Passeriformes,Turdidae,0.0693,0.00209,kg,AnimalTraits
Aythya marila,Aves,Anseriformes,Anatidae,0.787,0.0047859,kg,AnimalTraits
Passer domesticus,Aves,Passeriformes,Passeridae,0.02326,0.0010185,kg,AnimalTraits
Passer domesticus,Aves,Passeriformes,Passeridae,0.02357,0.0010278,kg,AnimalTraits
Melospiza melodia,Aves,Passeriformes,Passerellidae,0.021,0.0011,kg,AnimalTraits
Ciconia abdimii,Aves,Ciconiiformes,Ciconiidae,0.95,0.0073,kg,AnimalTraits
Ciconia ciconia,Aves,Ciconiiformes,Ciconiidae,3.35,0.01624,kg,AnimalTraits
Ciconia ciconia,Aves,Ciconiiformes,Ciconiidae,3.334,0.01578,kg,AnimalTraits
Scopus umbretta,Aves,Pelecaniformes,Scopidae,0.3175,0.00393,kg,AnimalTraits
Leptoptilos crumeniferus,Aves,Ciconiiformes,Ciconiidae,7.13,0.03014,kg,AnimalTraits
Hirundo rustica,Aves,Passeriformes,Hirundinidae,0.0215,0.000904,kg,AnimalTraits
Hirundo rustica,Aves,Passeriformes,Hirundinidae,0.021,0.000879,kg,AnimalTraits
Anas carolinensis,Aves,Anseriformes,Anatidae,0.305,0.003116,kg,AnimalTraits
Sturnus vulgaris,Aves,Passeriformes,Sturnidae,0.05835,0.0018248,kg,AnimalTraits
Sturnus vulgaris,Aves,Passeriformes,Sturnidae,0.05736,0.0018701,kg,AnimalTraits
Gyps africanus,Aves,Accipitriformes,Accipitridae,5.27,0.0196,kg,AnimalTraits
Ursus arctos,Mammalia,Carnivora,Ursidae,142.88,0.2339,kg,AnimalTraits
Ursus maritimus,Mammalia,Carnivora,Ursidae,199.57,0.489,kg,AnimalTraits
Ursus maritimus,Mammalia,Carnivora,Ursidae,317,0.507,kg,AnimalTraits
Felis silestris,Mammalia,Carnivora,Felidae,1.542,0.018,kg,AnimalTraits
Felis silestris,Mammalia,Carnivora,Felidae,2.885,0.02346,kg,AnimalTraits
Felis silestris,Mammalia,Carnivora,Felidae,3.778,0.02837,kg,AnimalTraits
Felis silestris,Mammalia,Carnivora,Felidae,5.012,0.02823,kg,AnimalTraits
Genetta tigrina,Mammalia,Carnivora,Viverridae,1.302,0.01589,kg,AnimalTraits
Genetta tigrina,Mammalia,Carnivora,Viverridae,1.525,0.01535,kg,AnimalTraits
Felis silvestris,Mammalia,Carnivora,Felidae,2.7,0.02848,kg,AnimalTraits
Nasua narica,Mammalia,Carnivora,Procyonidae,6.25,0.04417,kg,AnimalTraits
Canis latrans,Mammalia,Carnivora,Canidae,8.51,0.08424,kg,AnimalTraits
Canis familiaris,Mammalia,Carnivora,Canidae,14.56,0.07999,kg,AnimalTraits
Canis familiaris,Mammalia,Carnivora,Canidae,12.47,0.08114,kg,AnimalTraits
Canis familiaris,Mammalia,Carnivora,Canidae,24.49,0.1059,kg,AnimalTraits
Canis familiaris,Mammalia,Carnivora,Canidae,31.75,0.1307,kg,AnimalTraits
Canis familiaris,Mammalia,Carnivora,Canidae,26.94,0.0793,kg,AnimalTraits
Canis familiaris,Mammalia,Carnivora,Canidae,14.75,0.06653,kg,AnimalTraits
Canis familiaris,Mammalia,Carnivora,Canidae,11.26,0.0876,kg,AnimalTraits
Canis familiaris,Mammalia,Carnivora,Canidae,23.71,0.08463,kg,AnimalTraits
Canis familiaris,Mammalia,Carnivora,Canidae,19.28,0.09,kg,AnimalTraits
Canis familiaris,Mammalia,Carnivora,Canidae,38.42,0.0952,kg,AnimalTraits
Otocyon megalotis,Mammalia,Carnivora,Canidae,3.335,0.02609,kg,AnimalTraits
Urocyon cinereoargenteus,Mammalia,Carnivora,Canidae,3.749,0.03728,kg,AnimalTraits
Vulpes fulva,Mammalia,Carnivora,Canidae,4.625,0.0533,kg,AnimalTraits
Vulpes lagopus,Mammalia,Carnivora,Canidae,3.385,0.0445,kg,AnimalTraits
Crocuta crocuta,Mammalia,Carnivora,Hyaenidae,62.37,0.175,kg,AnimalTraits
Canis mesomelas,Mammalia,Carnivora,Canidae,2.85,0.046,kg,AnimalTraits
Panthera onca,Mammalia,Carnivora,Felidae,34.47,0.147,kg,AnimalTraits
Potos flavus,Mammalia,Carnivora,Procyonidae,2.62,0.03105,kg,AnimalTraits
Panthera pardus,Mammalia,Carnivora,Felidae,48,0.135,kg,AnimalTraits
Puma concolor,Mammalia,Carnivora,Felidae,28.79,0.1067,kg,AnimalTraits
Ichneumia albicauda,Mammalia,Carnivora,Herpestidae,4.4,0.0283,kg,AnimalTraits
Procyon lotor,Mammalia,Carnivora,Procyonidae,5.175,0.04,kg,AnimalTraits
Procyon lotor,Mammalia,Carnivora,Procyonidae,2.226,0.03355,kg,AnimalTraits
Procyon lotor,Mammalia,Carnivora,Procyonidae,4.536,0.0405,kg,AnimalTraits
Procyon lotor,Mammalia,Carnivora,Procyonidae,5.216,0.0427,kg,AnimalTraits
Mephitis mephitis,Mammalia,Carnivora,Mephitidae,1.7,0.0103,kg,AnimalTraits
Mephitis mephitis,Mammalia,Carnivora,Mephitidae,2.26,0.01,kg,AnimalTraits
Leptailurus serval,Mammalia,Carnivora,Felidae,9.955,0.06674,kg,AnimalTraits
Leptailurus serval,Mammalia,Carnivora,Felidae,5.819,0.05316,kg,AnimalTraits
Panthera tigris,Mammalia,Carnivora,Felidae,160,0.225,kg,AnimalTraits
Panthera tigris,Mammalia,Carnivora,Felidae,209,0.302,kg,AnimalTraits
Mustela arctica,Mammalia,Carnivora,Mustelidae,0.1693,0.00564,kg,AnimalTraits
Mustela arctica,Mammalia,Carnivora,Mustelidae,0.121,0.00347,kg,AnimalTraits
Canis lupus,Mammalia,Carnivora,Canidae,22.68,0.119,kg,AnimalTraits
Canis lubilus,Mammalia,Carnivora,Canidae,29.94,0.152,kg,AnimalTraits
Desmodus rotundus,Mammalia,Chiroptera,Phyllostomidae,0.028,0.000936,kg,AnimalTraits
Tamanduas tetradactyla,Mammalia,Pilosa,Myrmecophagidae,3.692,0.025,kg,AnimalTraits
Dasypus novemcinctus,Mammalia,Cingulata,Dasypodidae,2.086,0.0095,kg,AnimalTraits
Dasypus novemcinctus,Mammalia,Cingulata,Dasypodidae,3.401,0.0075,kg,AnimalTraits
Bradypus griseus,Mammalia,Pilosa,Bradypodidae,0.676,0.015,kg,AnimalTraits
Bradypus griseus,Mammalia,Pilosa,Bradypodidae,1.115,0.014,kg,AnimalTraits
Bradypus griseus,Mammalia,Pilosa,Bradypodidae,1.601,0.013,kg,AnimalTraits
Bradypus griseus,Mammalia,Pilosa,Bradypodidae,2.894,0.015,kg,AnimalTraits
Bradypus griseus,Mammalia,Pilosa,Bradypodidae,3.121,0.0151,kg,AnimalTraits
Bradypus griseus,Mammalia,Pilosa,Bradypodidae,3.774,0.018,kg,AnimalTraits
Choloepus hoffmanni,Mammalia,Pilosa,Megalonychidae,4.825,0.02307,kg,AnimalTraits
Choloepus hoffmanni,Mammalia,Pilosa,Megalonychidae,5.271,0.026,kg,AnimalTraits
Scalopus aquaticus,Mammalia,Eulipotyphla,Talpidae,0.0396,0.00116,kg,AnimalTraits
Blarina brevicauda,Mammalia,Eulipotyphla,Soricidae,0.0163,0.0003443,kg,AnimalTraits
Blarina brevicauda,Mammalia,Eulipotyphla,Soricidae,0.0188,0.000352,kg,AnimalTraits
Didelphis marsupialis,Mammalia,Didelphimorphia,Didelphidae,1.147,0.0048,kg,AnimalTraits
Papio cynocephalus,Mammalia,Primates,Cercopithecidae,19.51,0.175,kg,AnimalTraits
Cercopithecus mitis,Mammalia,Primates,Cercopithecidae,1.22,0.0503,kg,AnimalTraits
Cercopithecus mitis,Mammalia,Primates,Cercopithecidae,2.9,0.06146,kg,AnimalTraits
Cercopithecus mitis,Mammalia,Primates,Cercopithecidae,4.55,0.0666,kg,AnimalTraits
Alouatta palliata,Mammalia,Primates,Atelidae,6.174,0.05034,kg,AnimalTraits
Alouatta palliata,Mammalia,Primates,Atelidae,4.309,0.05425,kg,AnimalTraits
Alouatta palliata,Mammalia,Primates,Atelidae,6.577,0.05405,kg,AnimalTraits
Alouatta palliata,Mammalia,Primates,Atelidae,7.938,0.05345,kg,AnimalTraits
Alouatta palliata,Mammalia,Primates,Atelidae,3.119,0.0423,kg,AnimalTraits
Lagothrix lagothricha,Mammalia,Primates,Atelidae,5.26,0.0862,kg,AnimalTraits
Galago senegalensis,Mammalia,Primates,Galagidae,0.2,0.005,kg,AnimalTraits
Lemur catta,Mammalia,Primates,Lemuridae,1.725,0.0218,kg,AnimalTraits
Macacus mulatta,Mammalia,Primates,Cercopithecidae,3.627,0.0931,kg,AnimalTraits
Macacus mulatta,Mammalia,Primates,Cercopithecidae,3.292,0.0917,kg,AnimalTraits
Macacus mulatta,Mammalia,Primates,Cercopithecidae,9.163,0.109,kg,AnimalTraits
Macacus mulatta,Mammalia,Primates,Cercopithecidae,8.89,0.118,kg,AnimalTraits
Ateles dariensis,Mammalia,Primates,Atelidae,8.89,0.1184,kg,AnimalTraits
Cercopithecus sp.,Mammalia,Primates,Cercopithecidae,4.937,0.0607,kg,AnimalTraits
Cercopithecus aethiops,Mammalia,Primates,Cercopithecidae,3.955,0.06089,kg,AnimalTraits
Cebus capucinus,Mammalia,Primates,Cebidae,2.718,0.0716,kg,AnimalTraits
Cebus capucinus,Mammalia,Primates,Cebidae,3.833,0.0733,kg,AnimalTraits
Cebus capucinus,Mammalia,Primates,Cebidae,3.101,0.07218,kg,AnimalTraits
Saimiri oerstedii,Mammalia,Primates,Cebidae,0.607,0.0199,kg,AnimalTraits
Saimiri oerstedii,Mammalia,Primates,Cebidae,0.907,0.0253,kg,AnimalTraits
Saimiri oerstedii,Mammalia,Primates,Cebidae,0.603,0.025,kg,AnimalTraits
Pan troglodytes,Mammalia,Primates,Hominidae,25.85,0.4305,kg,AnimalTraits
Pan troglodytes,Mammalia,Primates,Hominidae,56.69,0.44,kg,AnimalTraits
Pan troglodytes,Mammalia,Primates,Hominidae,43.99,0.325,kg,AnimalTraits
Homo sapiens,Mammalia,Primates,Hominidae,57.2,1.248,kg,AnimalTraits
Homo sapiens,Mammalia,Primates,Hominidae,95,1.235,kg,AnimalTraits
Homo sapiens,Mammalia,Primates,Hominidae,42,1.27,kg,AnimalTraits
Homo sapiens,Mammalia,Primates,Hominidae,43.4,1.375,kg,AnimalTraits
Homo sapiens,Mammalia,Primates,Hominidae,49.9,1.4,kg,AnimalTraits
Homo sapiens,Mammalia,Primates,Hominidae,36.3,1.28,kg,AnimalTraits
Homo sapiens,Mammalia,Primates,Hominidae,45,1.19,kg,AnimalTraits
Homo sapiens,Mammalia,Primates,Hominidae,37,1.1,kg,AnimalTraits
Homo sapiens,Mammalia,Primates,Hominidae,45.8,1,kg,AnimalTraits
Homo sapiens,Mammalia,Primates,Hominidae,76.2,1.348,kg,AnimalTraits
Homo sapiens,Mammalia,Primates,Hominidae,86.2,1.265,kg,AnimalTraits
Homo sapiens,Mammalia,Primates,Hominidae,71.2,1.28,kg,AnimalTraits
Homo sapiens,Mammalia,Primates,Hominidae,73,1.365,kg,AnimalTraits
Homo sapiens,Mammalia,Primates,Hominidae,78.5,1.54,kg,AnimalTraits
Homo sapiens,Mammalia,Primates,Hominidae,36,1.327,kg,AnimalTraits
Homo sapiens,Mammalia,Primates,Hominidae,61,1.2,kg,AnimalTraits
Homo sapiens,Mammalia,Primates,Hominidae,46,1.16,kg,AnimalTraits
Homo sapiens,Mammalia,Primates,Hominidae,43,1.24,kg,AnimalTraits
Homo sapiens,Mammalia,Primates,Hominidae,63,1.18,kg,AnimalTraits
Homo sapiens,Mammalia,Primates,Hominidae,43,1.35,kg,AnimalTraits
Homo sapiens,Mammalia,Primates,Hominidae,44,1.3,kg,AnimalTraits
Homo sapiens,Mammalia,Primates,Hominidae,45,1.14,kg,AnimalTraits
Homo sapiens,Mammalia,Primates,Hominidae,51,1.5,kg,AnimalTraits
Homo sapiens,Mammalia,Primates,Hominidae,83,1.42,kg,AnimalTraits
Homo sapiens,Mammalia,Primates,Hominidae,56,1.57,kg,AnimalTraits
Homo sapiens,Mammalia,Primates,Hominidae,61,1.49,kg,AnimalTraits
Homo sapiens,Mammalia,Primates,Hominidae,51,1.31,kg,AnimalTraits
Homo sapiens,Mammalia,Primates,Hominidae,81.6,1.35,kg,AnimalTraits
Homo sapiens,Mammalia,Primates,Hominidae,79.4,1.274,kg,AnimalTraits
Homo sapiens,Mammalia,Primates,Hominidae,81.6,1.13,kg,AnimalTraits
Homo sapiens,Mammalia,Primates,Hominidae,74,1.377,kg,AnimalTraits
Homo sapiens,Mammalia,Primates,Hominidae,50,1.48,kg,AnimalTraits
Homo sapiens,Mammalia,Primates,Hominidae,65.8,1.31,kg,AnimalTraits
Homo sapiens,Mammalia,Primates,Hominidae,74.8,1.41,kg,AnimalTraits
Homo sapiens,Mammalia,Primates,Hominidae,74.3,1.36,kg,AnimalTraits
Homo sapiens,Mammalia,Primates,Hominidae,57,1.351,kg,AnimalTraits
Homo sapiens,Mammalia,Primates,Hominidae,68,1.411,kg,AnimalTraits
Alligator mississippiensis,Reptilia,Crocodilia,Alligatoridae,52.4,0.00723,kg,AnimalTraits
Alligator mississippiensis,Reptilia,Crocodilia,Alligatoridae,109,0.0084,kg,AnimalTraits
Alligator mississippiensis,Reptilia,Crocodilia,Alligatoridae,173,0.0112,kg,AnimalTraits
Alligator mississippiensis,Reptilia,Crocodilia,Alligatoridae,205,0.01408,kg,AnimalTraits
Crocodylus acutus,Reptilia,Crocodilia,Crocodylidae,134,0.0156,kg,AnimalTraits
Heloderma suspectum,Reptilia,Squamata,Helodermatidae,0.514,0.000729,kg,AnimalTraits
Amblyrhynchus cristatus,Reptilia,Squamata,Iguanidae,4.19,0.00144,kg,AnimalTraits
Lacerta viridis,Reptilia,Squamata,Lacertidae,0.026,0.000134,kg,AnimalTraits
Coluber constrictor,Reptilia,Squamata,Colubridae,0.59,0.000271,kg,AnimalTraits
Coluber constrictor,Reptilia,Squamata,Colubridae,0.286,0.000303,kg,AnimalTraits
Coluber constrictor,Reptilia,Squamata,Colubridae,0.417,0.000299,kg,AnimalTraits
Boa constrictor,Reptilia,Squamata,Boidae,1.829,0.00044,kg,AnimalTraits
Thamnophis sirtalis,Reptilia,Squamata,Colubridae,0.052,7.7e-05,kg,AnimalTraits
Thamnophis sirtalis,Reptilia,Squamata,Colubridae,0.057,0.000123,kg,AnimalTraits
Python bivittatus,Reptilia,Squamata,Pythonidae,6.14,0.001123,kg,AnimalTraits
Agkistrodon piscivorus,Reptilia,Squamata,Viperidae,0.728,0.00064,kg,AnimalTraits
Clemmys guttata,Reptilia,Testudines,Emydidae,2.163,0.00136,kg,AnimalTraits
Chelydra serpentina,Reptilia,Testudines,Chelydridae,5.125,0.00098,kg,AnimalTraits
Chelonia mydas,Reptilia,Testudines,Cheloniidae,68.04,0.00582,kg,AnimalTraits
Chelonia mydas,Reptilia,Testudines,Cheloniidae,114.3,0.0086,kg,AnimalTraits
Apalone forex,Reptilia,Testudines,Trionychidae,3.253,0.0025,kg,AnimalTraits
Macrochelys lacertina,Reptilia,Testudines,Chelydridae,1.848,0.00101,kg,AnimalTraits
Dasyprocta punctata,Mammalia,Rodentia,Dasyproctidae,3.172,0.01834,kg,AnimalTraits
Dasyprocta punctata,Mammalia,Rodentia,Dasyproctidae,3.627,0.02185,kg,AnimalTraits
Dasyprocta punctata,Mammalia,Rodentia,Dasyproctidae,4.559,0.048,kg,AnimalTraits
Castor canadensis,Mammalia,Rodentia,Castoridae,4.18,0.02548,kg,AnimalTraits
Castor canadensis,Mammalia,Rodentia,Castoridae,5.83,0.02952,kg,AnimalTraits
Hydrochoerus isthmius,Mammalia,Rodentia,Caviidae,27.67,0.05221,kg,AnimalTraits
Tamias striatus,Mammalia,Rodentia,Sciuridae,0.075,0.0016,kg,AnimalTraits
Cavia porcellus,Mammalia,Rodentia,Caviidae,0.351,0.00363,kg,AnimalTraits
Cavia porcellus,Mammalia,Rodentia,Caviidae,0.361,0.0041,kg,AnimalTraits
Cavia porcellus,Mammalia,Rodentia,Caviidae,0.324,0.0038,kg,AnimalTraits
Cavia porcellus,Mammalia,Rodentia,Caviidae,0.21494,0.00332,kg,AnimalTraits
Cavia porcellus,Mammalia,Rodentia,Caviidae,0.21457,0.00328,kg,AnimalTraits
Cavia porcellus,Mammalia,Rodentia,Caviidae,0.432,0.004,kg,AnimalTraits
Cavia porcellus,Mammalia,Rodentia,Caviidae,0.456,0.00423,kg,AnimalTraits
Lepus capensis,Mammalia,Lagomorpha,Leporidae,2.93,0.01023,kg,AnimalTraits
Lepus arcticus,Mammalia,Lagomorpha,Leporidae,1.901,0.01436,kg,AnimalTraits
Lepus arcticus,Mammalia,Lagomorpha,Leporidae,2.64,0.0139,kg,AnimalTraits
Lemmus trimucronatus,Mammalia,Rodentia,Cricetidae,0.032,0.001126,kg,AnimalTraits
Lemmus trimucronatus,Mammalia,Rodentia,Cricetidae,0.048,0.001312,kg,AnimalTraits
Dicrostonyx groenlandicus,Mammalia,Rodentia,Cricetidae,0.0521,0.0008983,kg,AnimalTraits
Dicrostonyx groenlandicus,Mammalia,Rodentia,Cricetidae,0.0552,0.0008447,kg,AnimalTraits
Mastomys coucha,Mammalia,Rodentia,Muridae,0.0218,0.0007132,kg,AnimalTraits
Zapus hudsonicus,Mammalia,Rodentia,Dipodidae,0.0193,0.0006961,kg,AnimalTraits
Zapus hudsonicus,Mammalia,Rodentia,Dipodidae,0.0152,0.000522,kg,AnimalTraits
Microtus drummondi,Mammalia,Rodentia,Cricetidae,0.0237,0.0006606,kg,AnimalTraits
Microtus drummondi,Mammalia,Rodentia,Cricetidae,0.0229,0.0006464,kg,AnimalTraits
Microtus drummondi,Mammalia,Rodentia,Cricetidae,0.0325,0.0006724,kg,AnimalTraits
Microtus pennsylvanicus,Mammalia,Rodentia,Cricetidae,0.0252,0.0007166,kg,AnimalTraits
Microtus pennsylvanicus,Mammalia,Rodentia,Cricetidae,0.0279,0.0007394,kg,AnimalTraits
Microtus pennsylvanicus,Mammalia,Rodentia,Cricetidae,0.0413,0.0007635,kg,AnimalTraits
Peromyscus sp.,Mammalia,Rodentia,Cricetidae,0.0122,0.000407,kg,AnimalTraits
Peromyscus sp.,Mammalia,Rodentia,Cricetidae,0.0184,0.0004511,kg,AnimalTraits
Peromyscus sp.,Mammalia,Rodentia,Cricetidae,0.02,0.000443,kg,AnimalTraits
Ondatra zibethicus,Mammalia,Rodentia,Cricetidae,0.9,0.00533,kg,AnimalTraits
Erethizon dorsatum,Mammalia,Rodentia,Erethizontidae,2.8,0.03077,kg,AnimalTraits
Erethizon dorsatum,Mammalia,Rodentia,Erethizontidae,2.725,0.02122,kg,AnimalTraits
Erethizon dorsatum,Mammalia,Rodentia,Erethizontidae,3.41,0.01915,kg,AnimalTraits
Lepus sp.,Mammalia,Lagomorpha,Leporidae,3.68,0.01059,kg,AnimalTraits
Lepus sp.,Mammalia,Lagomorpha,Leporidae,2.587,0.01014,kg,AnimalTraits
Sylvilagus gabbi,Mammalia,Lagomorpha,Leporidae,0.439,0.0045,kg,AnimalTraits
Rattus norvegicus,Mammalia,Rodentia,Muridae,0.197,0.00161,kg,AnimalTraits
Rattus norvegicus,Mammalia,Rodentia,Muridae,0.278,0.0023,kg,AnimalTraits
Tamiasciurus hudsonicus,Mammalia,Rodentia,Sciuridae,0.248,0.00502,kg,AnimalTraits
Tamiasciurus hudsonicus,Mammalia,Rodentia,Sciuridae,0.183,0.00471,kg,AnimalTraits
Tamiasciurus hudsonicus,Mammalia,Rodentia,Sciuridae,0.169,0.00421,kg,AnimalTraits
Tamiasciurus hudsonicus,Mammalia,Rodentia,Sciuridae,0.183,0.00397,kg,AnimalTraits
Tamiasciurus hudsonicus,Mammalia,Rodentia,Sciuridae,0.063,0.00409,kg,AnimalTraits
Bison bison,Mammalia,Artiodactyla,Bovidae,54.88,0.334,kg,AnimalTraits
Syncerus caffer,Mammalia,Artiodactyla,Bovidae,750,0.64,kg,AnimalTraits
Syncerus caffer,Mammalia,Artiodactyla,Bovidae,572,0.642,kg,AnimalTraits
Syncerus caffer,Mammalia,Artiodactyla,Bovidae,759,0.653,kg,AnimalTraits
Tragelaphus sylvaticus,Mammalia,Artiodactyla,Bovidae,35.38,0.14,kg,AnimalTraits
Tragelaphus sylvaticus,Mammalia,Artiodactyla,Bovidae,53.07,0.19,kg,AnimalTraits
Rangifer tarandus,Mammalia,Artiodactyla,Cervidae,71.7,0.278,kg,AnimalTraits
Rangifer tarandus,Mammalia,Artiodactyla,Cervidae,128.47,0.306,kg,AnimalTraits
Rangifer tarandus,Mammalia,Artiodactyla,Cervidae,62.14,0.285,kg,AnimalTraits
Emys orbicularis,Reptilia,Testudines,Cryptodira,0.25,0.00025,kg,AnimalTraits
Testudo graeca,Reptilia,Testudines,Testudinidae,0.32,0.0003,kg,AnimalTraits
Lacerta viridis,Reptilia,Squamata,Lacertidae,0.05,0.000121,kg,AnimalTraits
Natrix natrix,Reptilia,Squamata,Colubridae,0.07,0.0001,kg,AnimalTraits
Hierophis viridiflavus,Reptilia,Squamata,Colubridae,0.22,0.000209,kg,AnimalTraits
Ctenophorus caudicinctus,Reptilia,Squamata,Agamidae,0.01528,0.00010583763,kg,AnimalTraits
Ctenophorus cristatus,Reptilia,Squamata,Agamidae,0.03557,0.00018287028,kg,AnimalTraits
Ctenophorus decresii,Reptilia,Squamata,Agamidae,0.01608,0.00011085896,kg,AnimalTraits
Ctenophorus fionni,Reptilia,Squamata,Agamidae,0.01493,9.8617652e-05,kg,AnimalTraits
Ctenophorus fordi,Reptilia,Squamata,Agamidae,0.00399,4.6336153e-05,kg,AnimalTraits
Ctenophorus gibba,Reptilia,Squamata,Agamidae,0.01507,0.00010293179,kg,AnimalTraits
Ctenophorus isolepis,Reptilia,Squamata,Agamidae,0.00819,6.5747709e-05,kg,AnimalTraits
Ctenophorus nuchalis,Reptilia,Squamata,Agamidae,0.02619,0.0001480071,kg,AnimalTraits
Ctenophorus ornatus,Reptilia,Squamata,Agamidae,0.02175,0.00011761163,kg,AnimalTraits
Ctenophorus pictus,Reptilia,Squamata,Agamidae,0.00959,8.3510949e-05,kg,AnimalTraits
Ctenophorus rufescens,Reptilia,Squamata,Agamidae,0.02044,0.00012032505,kg,AnimalTraits
Ctenophorus salinarum,Reptilia,Squamata,Agamidae,0.00884,8.3453927e-05,kg,AnimalTraits
Ctenophorus tjantjalka,Reptilia,Squamata,Agamidae,0.01056,9.4429096e-05,kg,AnimalTraits
Ctenophorus vadnappa,Reptilia,Squamata,Agamidae,0.01435,0.00010497037,kg,AnimalTraits
