species,class,order,family,mass_kg,metabolic_rate,metabolic_rate_units,source
Marpissa bina,Arachnida,Araneae,Salticidae,0.000168,0.00020427529,W,AnimalTraits
Phidippus clarus,Arachnida,Araneae,Salticidae,0.00026,0.00036141013,W,AnimalTraits
Sarinda hentzi,Arachnida,Araneae,Salticidae,4.6e-06,1.5713484e-05,W,AnimalTraits
Zygoballus rufipes,Arachnida,Araneae,Salticidae,3e-06,4.7140452e-06,W,AnimalTraits
Tetranychus cinnabarinus,Arachnida,Trombidiformes,Tetranychidae,4.94e-09,2.6072222e-08,W,AnimalTraits
Phytoseiulus persimilis,Arachnida,Mesostigmata,Phytoseiidae,8.59e-09,9.8785e-08,W,AnimalTraits
Pardosa lugubris,Arachnida,Araneae,Lycosidae,2.24e-05,3.5662595e-05,W,AnimalTraits
Pardosa lugubris,Arachnida,Araneae,Lycosidae,2.14e-05,3.2530604e-05,W,AnimalTraits
Marpissa muscosa,Arachnida,Araneae,Salticidae,3.91e-05,4.9589248e-05,W,AnimalTraits
Marpissa muscosa,Arachnida,Araneae,Salticidae,2.75e-05,3.5866777e-05,W,AnimalTraits
Pholcus phalangioideus,Arachnida,Araneae,Pholcidae,2.76e-05,3.6741971e-05,W,AnimalTraits
Pholcus phalangioideus,Arachnida,Araneae,Pholcidae,1.13e-05,1.7482299e-05,W,AnimalTraits
Aphonopelma anax,Arachnida,Araneae,Theraphosidae,0.01319,0.00096618357,W,AnimalTraits
Aphonopelma anax,Arachnida,Araneae,Theraphosidae,0.00778,0.0012681159,W,AnimalTraits
Damon annulatipes,Arachnida,Amblypygi,Phrynichidae,0.00064,0.00030768155,W,AnimalTraits
Metazygia rogenhoferi,Arachnida,Araneae,Araneidae,1.44e-05,5e-05,W,AnimalTraits
Metazygia rogenhoferi,Arachnida,Araneae,Araneidae,2.35e-05,0.00010444444,W,AnimalTraits
Metazygia rogenhoferi,Arachnida,Araneae,Araneidae,1.6e-05,6.1666667e-05,W,AnimalTraits
Metazygia rogenhoferi,Arachnida,Araneae,Araneidae,1.53e-05,4.8888889e-05,W,AnimalTraits
Metazygia rogenhoferi,Arachnida,Araneae,Araneidae,2.45e-05,6.3333333e-05,W,AnimalTraits
Metazygia rogenhoferi,Arachnida,Araneae,Araneidae,1.72e-05,5.8888889e-05,W,AnimalTraits
Metazygia rogenhoferi,Arachnida,Araneae,Araneidae,1.4e-05,5.8888889e-05,W,AnimalTraits
Metazygia rogenhoferi,Arachnida,Araneae,Araneidae,2.04e-05,7.7777778e-05,W,AnimalTraits
Metazygia rogenhoferi,Arachnida,Araneae,Araneidae,1.55e-05,4.7777778e-05,W,AnimalTraits
Metazygia rogenhoferi,Arachnida,Araneae,Araneidae,1.79e-05,6.3888889e-05,W,AnimalTraits
Zosis geniculata,Arachnida,Araneae,Uloboridae,3.43e-05,6.0555556e-05,W,AnimalTraits
Zosis geniculata,Arachnida,Araneae,Uloboridae,3.01e-05,4.0555556e-05,W,AnimalTraits
Zosis geniculata,Arachnida,Araneae,Uloboridae,2.48e-05,4.7777778e-05,W,AnimalTraits
Zosis geniculata,Arachnida,Araneae,Uloboridae,2.86e-05,5.1111111e-05,W,AnimalTraits
Zosis geniculata,Arachnida,Araneae,Uloboridae,5.11e-05,0.00011833333,W,AnimalTraits
Zosis geniculata,Arachnida,Araneae,Uloboridae,5.32e-05,6.1111111e-05,W,AnimalTraits
Zosis geniculata,Arachnida,Araneae,Uloboridae,3.48e-05,4.3333333e-05,W,AnimalTraits
Zosis geniculata,Arachnida,Araneae,Uloboridae,2.42e-05,3.2222222e-05,W,AnimalTraits
Zosis geniculata,Arachnida,Araneae,Uloboridae,2.8e-05,3.5e-05,W,AnimalTraits
Zosis geniculata,Arachnida,Araneae,Uloboridae,2.74e-05,4.1666667e-05,W,AnimalTraits
Zosis geniculata,Arachnida,Araneae,Uloboridae,2.8e-05,5.1666667e-05,W,AnimalTraits
Zosis geniculata,Arachnida,Araneae,Uloboridae,3.01e-05,6.9444444e-05,W,AnimalTraits
Zosis geniculata,Arachnida,Araneae,Uloboridae,4.43e-05,9.2222222e-05,W,AnimalTraits
Zosis geniculata,Arachnida,Araneae,Uloboridae,2.42e-05,4.5e-05,W,AnimalTraits
Zosis geniculata,Arachnida,Araneae,Uloboridae,4.7e-05,8.8333333e-05,W,AnimalTraits
Zosis geniculata,Arachnida,Araneae,Uloboridae,2.45e-05,3.7222222e-05,W,AnimalTraits
Zosis geniculata,Arachnida,Araneae,Uloboridae,2.87e-05,3.9444444e-05,W,AnimalTraits
Zosis geniculata,Arachnida,Araneae,Uloboridae,2.92e-05,4.2777778e-05,W,AnimalTraits
Zosis geniculata,Arachnida,Araneae,Uloboridae,6.37e-05,8.8888889e-05,W,AnimalTraits
Zosis geniculata,Arachnida,Araneae,Uloboridae,5.01e-05,6.8888889e-05,W,AnimalTraits
Mecynogea lemniscata,Arachnida,Araneae,Araneidae,4.7e-05,5.7777778e-05,W,AnimalTraits
Micrathena sagittata,Arachnida,Araneae,Araneidae,5.2e-05,5e-05,W,AnimalTraits
Nephila clavipes,Arachnida,Araneae,Araneidae,0.000848,0.0012335085,W,AnimalTraits
Amblyomma americanum,Arachnida,Ixodida,Ixodidae,3.1e-06,1.4351852e-06,W,AnimalTraits
Amblyomma maculatum,Arachnida,Ixodida,Ixodidae,4.5e-06,1.6998342e-06,W,AnimalTraits
Amblyomma cajenense,Arachnida,Ixodida,Ixodidae,7.5e-06,1.8162393e-06,W,AnimalTraits
Dermacentor andersoni,Arachnida,Ixodida,Ixodidae,2.07e-05,3.3925926e-06,W,AnimalTraits
Dermacentor variabilis,Arachnida,Ixodida,Ixodidae,5.6e-06,1.7222222e-06,W,AnimalTraits
Ornithodoros moubata,Arachnida,Ixodida,Argasidae,1.32e-05,2.7237654e-06,W,AnimalTraits
Cilliba cassidea,Arachnida,Mesostigmata,Uropodidae,1.025e-07,1.6879425e-07,W,AnimalTraits
Cilliba cassidea,Arachnida,Mesostigmata,Uropodidae,9.71e-08,1.7271822e-07,W,AnimalTraits
Epicrius mollis,Arachnida,Mesostigmata,Epicriidae,3.95e-08,1.3127437e-07,W,AnimalTraits
Epicrius mollis,Arachnida,Mesostigmata,Epicriidae,5.73e-08,1.4325088e-07,W,AnimalTraits
Pergamasus crassipes,Arachnida,Mesostigmata,Parasitidae,2.88e-07,1.1494728e-06,W,AnimalTraits
Pergamasus crassipes,Arachnida,Mesostigmata,Parasitidae,3.401e-07,2.0890305e-06,W,AnimalTraits
Aphonopelma eutylenum,Arachnida,Araneae,Theraphosidae,0.01503,0.0018501365,W,AnimalTraits
Aphonopelma eutylenum,Arachnida,Araneae,Theraphosidae,0.00868,0.0043945016,W,AnimalTraits
Loxosceles laeta,Arachnida,Araneae,Sicariidae,9.72e-05,7.2500727e-05,W,AnimalTraits
Loxosceles laeta,Arachnida,Araneae,Sicariidae,9.61e-05,0.00010396331,W,AnimalTraits
Loxosceles laeta,Arachnida,Araneae,Sicariidae,0.0001112,0.0001395297,W,AnimalTraits
Loxosceles laeta,Arachnida,Araneae,Sicariidae,7.62e-05,4.9929746e-05,W,AnimalTraits
Loxosceles laeta,Arachnida,Araneae,Sicariidae,0.0001979,0.00018809151,W,AnimalTraits
Loxosceles laeta,Arachnida,Araneae,Sicariidae,0.0002917,0.00017783197,W,AnimalTraits
Loxosceles laeta,Arachnida,Araneae,Sicariidae,0.0003279,0.00032898915,W,AnimalTraits
Loxosceles laeta,Arachnida,Araneae,Sicariidae,0.0001655,0.00016210068,W,AnimalTraits
Loxosceles laeta,Arachnida,Araneae,Sicariidae,0.0001839,0.00022912965,W,AnimalTraits
Loxosceles deserta,Arachnida,Araneae,Sicariidae,7.9e-05,6.224119e-05,W,AnimalTraits
Loxosceles deserta,Arachnida,Araneae,Sicariidae,6.32e-05,4.0354178e-05,W,AnimalTraits
Plectreurys tristis,Arachnida,Araneae,Plectreuridae,0.0003404,0.00014294955,W,AnimalTraits
Plectreurys tristis,Arachnida,Araneae,Plectreuridae,8.1e-05,5.9505313e-05,W,AnimalTraits
Plectreurys sp.,Arachnida,Araneae,Plectreuridae,6.47e-05,3.3514487e-05,W,AnimalTraits
Steatoda medialis,Arachnida,Araneae,Theridiidae,2.43e-05,8.4812171e-05,W,AnimalTraits
Latrodectus mactans,Arachnida,Araneae,Theridiidae,0.0003505,0.00071611567,W,AnimalTraits
Latrodectus mactans,Arachnida,Araneae,Theridiidae,4.82e-05,0.00039465018,W,AnimalTraits
Latrodectus mactans,Arachnida,Araneae,Theridiidae,0.000169,0.00060120886,W,AnimalTraits
Frontinella pyramitela,Arachnida,Araneae,Linyphiidae,4.6e-06,1.2311444e-05,W,AnimalTraits
Frontinella pyramitela,Arachnida,Araneae,Linyphiidae,4.8e-06,2.2570981e-05,W,AnimalTraits
Frontinella pyramitela,Arachnida,Araneae,Linyphiidae,7.6e-06,4.3774024e-05,W,AnimalTraits
Cyclosa conica,Arachnida,Araneae,Araneidae,1.05e-05,3.9670209e-05,W,AnimalTraits
Cyclosa conica,Arachnida,Araneae,Araneidae,1.08e-05,3.7618302e-05,W,AnimalTraits
Neoscona oacavensis,Arachnida,Araneae,Araneidae,0.0001406,0.00016004877,W,AnimalTraits
Neoscona oacavensis,Arachnida,Araneae,Araneidae,0.0001931,0.00021613424,W,AnimalTraits
Argiope aurantia,Arachnida,Araneae,Araneidae,0.000258,0.00040559369,W,AnimalTraits
Argiope aurantia,Arachnida,Araneae,Araneidae,0.000858,0.0010471567,W,AnimalTraits
Argiope aurantia,Arachnida,Araneae,Araneidae,0.000853,0.0011983139,W,AnimalTraits
Agelenopsis aperta,Arachnida,Araneae,Agelenidae,0.0006325,0.00098149569,W,AnimalTraits
Agelenopsis aperta,Arachnida,Araneae,Agelenidae,0.000715,0.0011620635,W,AnimalTraits
Agelenopsis aperta,Arachnida,Araneae,Agelenidae,0.0003208,0.00036387157,W,AnimalTraits
Schizocosa pacifica,Arachnida,Araneae,Lycosidae,0.0005121,0.00057726994,W,AnimalTraits
Peucetia viridans,Arachnida,Araneae,Oxyopidae,0.0001616,8.9599955e-05,W,AnimalTraits
Peucetia viridans,Arachnida,Araneae,Oxyopidae,0.0001332,0.00026196017,W,AnimalTraits
Peucetia longipalpis,Arachnida,Araneae,Oxyopidae,0.0002574,0.00027769146,W,AnimalTraits
Zelotes rusticus,Arachnida,Araneae,Gnaphosidae,5.25e-05,4.3090054e-05,W,AnimalTraits
Liocranoides sp.,Arachnida,Araneae,Clubionidae,0.0001455,9.9859491e-05,W,AnimalTraits
Misumenoidea formosipes,Arachnida,Araneae,Thomisidae,4.87e-05,0.00011764269,W,AnimalTraits
Misumenoidea sp.,Arachnida,Araneae,Thomisidae,2.79e-05,3.2830518e-05,W,AnimalTraits
Misumenoidea sp.,Arachnida,Araneae,Thomisidae,3.6e-05,3.6250363e-05,W,AnimalTraits
Misumenoidea sp.,Arachnida,Araneae,Thomisidae,3e-05,4.65099e-05,W,AnimalTraits
Misumenoidea sp.,Arachnida,Araneae,Thomisidae,4.23e-05,4.3774024e-05,W,AnimalTraits
Metaphidippus vitis,Arachnida,Araneae,Salticidae,5.7e-06,1.7783197e-05,W,AnimalTraits
Menemerus bivittatus,Arachnida,Araneae,Salticidae,2.79e-05,6.9080881e-05,W,AnimalTraits
Phidippus johnsoni,Arachnida,Araneae,Salticidae,0.000173,0.00015662893,W,AnimalTraits
Alaskozeres antarcticus,Arachnida,Sarcoptiformes,Ameronothridae,2.2999e-07,8.6705749e-07,W,AnimalTraits
Lycosa howarthi,Arachnida,Araneae,Lycosidae,0.0001844,0.00026974676,W,AnimalTraits
Lycosa sp.,Arachnida,Araneae,Lycosidae,0.000123,0.00011984544,W,AnimalTraits
Empidonax occidentalis,Aves,Passeriformes,Tyrannidae,0.01172,0.277,W,AnimalTraits
Parus gambeli,Aves,Passeriformes,Paridae,0.01165,0.326,W,AnimalTraits
Certhia americana,Aves,Passeriformes,Certhiidae,0.00747,0.227,W,AnimalTraits
Sitta canadensis,Aves,Passeriformes,Sittidae,0.01038,0.291,W,AnimalTraits
Sitta carolinensis,Aves,Passeriformes,Sittidae,0.01767,0.41,W,AnimalTraits
Sialia mexicana,Aves,Passeriformes,Turdidae,0.02368,0.44,W,AnimalTraits
Catharus guttatus,Aves,Passeriformes,Turdidae,0.02907,0.571,W,AnimalTraits
Turdus migratorius,Aves,Passeriformes,Turdidae,0.07311,0.944,W,AnimalTraits
Pipilo chlorurus,Aves,Passeriformes,Emberizidae,0.03025,0.575,W,AnimalTraits
Junco hyemalis,Aves,Passeriformes,Emberizidae,0.02199,0.448,W,AnimalTraits
Oreothlypis celata,Aves,Passeriformes,Parulidae,0.00898,0.267,W,AnimalTraits
Setophaga coronata,Aves,Passeriformes,Parulidae,0.01267,0.345,W,AnimalTraits
Cardellina rubrifrons,Aves,Passeriformes,Parulidae,0.00999,0.266,W,AnimalTraits
Piranga ludoviciana,Aves,Passeriformes,Cardinalidae,0.0283,0.512,W,AnimalTraits
Pachycephala hypoxantha,Aves,Passeriformes,Pachycephalidae,0.02299,0.399,W,AnimalTraits
Rhipidura albicollis,Aves,Passeriformes,Rhipiduridae,0.01218,0.309,W,AnimalTraits
Alophoixus ochraceus,Aves,Passeriformes,Pycnonotidae,0.04912,0.76,W,AnimalTraits
Orthotomus cuculatus,Aves,Passeriformes,Cettiidae,0.00713,0.225,W,AnimalTraits
Urosphena whiteheadi,Aves,Passeriformes,Cettiidae,0.0104,0.299,W,AnimalTraits
Yuhina everetti,Aves,Passeriformes,Zosteropidae,0.01381,0.365,W,AnimalTraits
Zosterops atricapilla,Aves,Passeriformes,Zosteropidae,0.00849,0.235,W,AnimalTraits
Stachyris nigriceps,Aves,Passeriformes,Timaliidae,0.01567,0.344,W,AnimalTraits
Trichastoma pyrrogenys,Aves,Passeriformes,Pellorneidae,0.01897,0.392,W,AnimalTraits
Napothera crassa,Aves,Passeriformes,Pellorneidae,0.02779,0.459,W,AnimalTraits
Rhinomyias gularis,Aves,Passeriformes,Muscicapidae,0.02558,0.461,W,AnimalTraits
Brachypteryx montana,Aves,Passeriformes,Muscicapidae,0.02027,0.448,W,AnimalTraits
Enicurus leschenaulti,Aves,Passeriformes,Muscicapidae,0.03569,0.609,W,AnimalTraits
Myophonus borneensis,Aves,Passeriformes,Muscicapidae,0.11625,1.411,W,AnimalTraits
Ficedula hyperythra,Aves,Passeriformes,Muscicapidae,0.00844,0.23,W,AnimalTraits
Aethopyga siparaja,Aves,Passeriformes,Nectariniidae,0.00601,0.176,W,AnimalTraits
Cossypha caffra,Aves,Passeriformes,Muscicapidae,0.02999,0.653,W,AnimalTraits
Erythropygia coryphaeus,Aves,Passeriformes,Muscicapidae,0.021,0.402,W,AnimalTraits
Pycnonotus capensis,Aves,Passeriformes,Pycnonotidae,0.03436,0.786,W,AnimalTraits
Prinia maculosa,Aves,Passeriformes,Cisticolidae,0.00919,0.338,W,AnimalTraits
Apalis thoracica,Aves,Passeriformes,Cisticolidae,0.01149,0.307,W,AnimalTraits
Zosterops virens,Aves,Passeriformes,Zosteropidae,0.01087,0.407,W,AnimalTraits
Sphenoeacus afer,Aves,Passeriformes,Macrosphenidae,0.02805,0.474,W,AnimalTraits
Sylvietta rufescens,Aves,Passeriformes,Macrosphenidae,0.01157,0.327,W,AnimalTraits
Sylvia subcaerulea,Aves,Passeriformes,Sylviidae,0.0132,0.374,W,AnimalTraits
Serinus flaviventris,Aves,Passeriformes,Fringillidae,0.01605,0.399,W,AnimalTraits
Serinus albogularis,Aves,Passeriformes,Fringillidae,0.0305,0.64,W,AnimalTraits
Emberiza capensis,Aves,Passeriformes,Emberizidae,0.0199,0.469,W,AnimalTraits
Colius colius,Aves,Passeriformes,Coliidae,0.04521,0.725,W,AnimalTraits
Telophorus zeylonus,Aves,Passeriformes,Malaconotidae,0.06765,1.138,W,AnimalTraits
Cisticola subruficapilla,Aves,Passeriformes,Cisticolidae,0.01015,0.298,W,AnimalTraits
Anthoscopus minutus,Aves,Passeriformes,Remizidae,0.0069,0.223,W,AnimalTraits
Nectarinia chalybea,Aves,Passeriformes,Nectariniidae,0.00808,0.298,W,AnimalTraits
Hirundo tahitica,Aves,Passeriformes,Hirundinidae,0.01407,0.23364017,W,AnimalTraits
Merops viridis,Aves,Coraciiformes,Meropidae,0.03381,0.39200817,W,AnimalTraits
Apteryx owenii,Aves,Apterygiformes,Apterygidae,0.666,1.16,W,AnimalTraits
Apteryx owenii,Aves,Apterygiformes,Apterygidae,1.525,3.42,W,AnimalTraits
Apteryx owenii,Aves,Apterygiformes,Apterygidae,1.525,2.55,W,AnimalTraits
Apteryx australis,Aves,Apterygiformes,Apterygidae,1.85,3.58,W,AnimalTraits
Apteryx australis,Aves,Apterygiformes,Apterygidae,3.07,3.89,W,AnimalTraits
Apteryx australis,Aves,Apterygiformes,Apterygidae,2.15,4.13,W,AnimalTraits
Apteryx australis,Aves,Apterygiformes,Apterygidae,2.08,4.39,W,AnimalTraits
Apteryx australis,Aves,Apterygiformes,Apterygidae,2.22,4.54,W,AnimalTraits
Apteryx australis,Aves,Apterygiformes,Apterygidae,2.68,4.12,W,AnimalTraits
Apteryx haasti,Aves,Apterygiformes,Apterygidae,2.21,3.5,W,AnimalTraits
Apteryx haasti,Aves,Apterygiformes,Apterygidae,2.87,4.87,W,AnimalTraits
Dromaius novaehollandiae,Aves,Casuariiformes,Casuariidae,44.61,46.02,W,AnimalTraits
Dromaius novaehollandiae,Aves,Casuariiformes,Casuariidae,38.76,38.88,W,AnimalTraits
Dromaius novaehollandiae,Aves,Casuariiformes,Casuariidae,35.41,42.38,W,AnimalTraits
Dromaius novaehollandiae,Aves,Casuariiformes,Casuariidae,36.92,46.58,W,AnimalTraits
Psaltriparus minimus,Aves,Passeriformes,Aegithalidae,0.0055,0.121,W,AnimalTraits
Drepanis coccinea,Aves,Passeriformes,Fringillidae,0.015,0.31013333,W,AnimalTraits
Himatione sanguinea,Aves,Passeriformes,Fringillidae,0.0129,0.2471375,W,AnimalTraits
Loxops virens,Aves,Passeriformes,Fringillidae,0.0107,0.20837083,W,AnimalTraits
Loxops parva,Aves,Passeriformes,Fringillidae,0.0079,0.14052917,W,AnimalTraits
Amazona viridigenalis,Aves,Psittaciformes,Psittacidae,0.3419,2.0133333,W,AnimalTraits
Anas crecca,Aves,Anseriformes,Anatidae,0.25,1.6666667,W,AnimalTraits
Anas querquedula,Aves,Anseriformes,Anatidae,0.289,2.2333333,W,AnimalTraits
Aythya nyroca,Aves,Anseriformes,Anatidae,0.44,3.2722222,W,AnimalTraits
Anas penelope,Aves,Anseriformes,Anatidae,0.539,3.1361111,W,AnimalTraits
Anas clypeata,Aves,Anseriformes,Anatidae,0.554,3.8777778,W,AnimalTraits
Aythya fuligula,Aves,Anseriformes,Anatidae,0.571,2.7027778,W,AnimalTraits
Anas acuta,Aves,Anseriformes,Anatidae,0.721,4.3638889,W,AnimalTraits
Anas strepera,Aves,Anseriformes,Anatidae,0.791,6.2027778,W,AnimalTraits
Aythya ferina,Aves,Anseriformes,Anatidae,0.816,5.8166667,W,AnimalTraits
Anas plathyrhynchos,Aves,Anseriformes,Anatidae,1.236,7.5777778,W,AnimalTraits
Netta rufina,Aves,Anseriformes,Anatidae,1.237,7.1,W,AnimalTraits
Loriculus galgulus,Aves,Psittaciformes,Psittaculidae,0.027,0.51666667,W,AnimalTraits
Melopsittacus undulatus,Aves,Psittaciformes,Psittaculidae,0.039,0.62222222,W,AnimalTraits
Neophema pulchella,Aves,Psittaciformes,Psittaculidae,0.04,0.58055556,W,AnimalTraits
Neophema bourkii,Aves,Psittaciformes,Psittaculidae,0.04,0.53888889,W,AnimalTraits
Cuculus canorus,Aves,Cuculiformes,Cuculidae,0.128,1.2555556,W,AnimalTraits
Centropus senegalensis,Aves,Cuculiformes,Cuculidae,0.175,1.5083333,W,AnimalTraits
Eudynamys scolopacea,Aves,Cuculiformes,Cuculidae,0.188,1.6444444,W,AnimalTraits
Fulica atra,Aves,Gruiformes,Rallidae,0.754,4.3638889,W,AnimalTraits
Tringa ochropus,Aves,Charadriiformes,Scolopacidae,0.09,0.92222222,W,AnimalTraits
Buteo buteo,Aves,Accipitriformes,Accipitridae,1.012,3.7555556,W,AnimalTraits
Coturnix chinensis,Aves,Galliformes,Phasianidae,0.049,0.62777778,W,AnimalTraits
Coturnix japonica,Aves,Galliformes,Phasianidae,0.115,0.97777778,W,AnimalTraits
Upupa epops,Aves,Bucerotiformes,Upupidae,0.067,0.55277778,W,AnimalTraits
Eudyptula minor,Aves,Sphenisciformes,Spheniscidae,0.96,4.18,W,AnimalTraits
Malurus cyaneus,Aves,Passeriformes,Maluridae,0.0087,0.17666667,W,AnimalTraits
Malurus lamberti,Aves,Passeriformes,Maluridae,0.0078,0.18333333,W,AnimalTraits
Acanthagenys rufogularis,Aves,Passeriformes,Meliphagidae,0.0434,0.63333333,W,AnimalTraits
Manorina flavigula,Aves,Passeriformes,Meliphagidae,0.0411,0.61,W,AnimalTraits
Meliphaga lewinii,Aves,Passeriformes,Meliphagidae,0.0362,0.53333333,W,AnimalTraits
Lichenostomus virescens,Aves,Passeriformes,Meliphagidae,0.0207,0.35333333,W,AnimalTraits
Acanthorhynchus tenuirostris,Aves,Passeriformes,Meliphagidae,0.0113,0.27666667,W,AnimalTraits
Pardalotus punctatus,Aves,Passeriformes,Pardalotidae,0.0078,0.22,W,AnimalTraits
Sericornis citreogularis,Aves,Passeriformes,Acanthizidae,0.0169,0.36333333,W,AnimalTraits
Sericornis frontalis,Aves,Passeriformes,Acanthizidae,0.0132,0.32,W,AnimalTraits
Sericornis magnirostris,Aves,Passeriformes,Acanthizidae,0.0087,0.20333333,W,AnimalTraits
Smicrornis brevirostris,Aves,Passeriformes,Acanthizidae,0.0059,0.16333333,W,AnimalTraits
Acanthiza pusilla,Aves,Passeriformes,Acanthizidae,0.0064,0.22333333,W,AnimalTraits
Acanthiza uropygialis,Aves,Passeriformes,Acanthizidae,0.0066,0.17666667,W,AnimalTraits
Acanthiza chrysorrhoa,Aves,Passeriformes,Acanthizidae,0.0083,0.22333333,W,AnimalTraits
Acanthiza lineata,Aves,Passeriformes,Acanthizidae,0.0073,0.16,W,AnimalTraits
Pomatostomus superciliosus,Aves,Passeriformes,Pomatostomidae,0.0361,0.34333333,W,AnimalTraits
Pomatostomus ruficeps,Aves,Passeriformes,Pomatostomidae,0.0454,0.44,W,AnimalTraits
Eopsaltria australis,Aves,Passeriformes,Petroicidae,0.0192,0.35,W,AnimalTraits
Psophodes olivaceus,Aves,Passeriformes,Psophodidae,0.061,0.70666667,W,AnimalTraits
Pachycephala pectoralis,Aves,Passeriformes,Pachycephalidae,0.024,0.36,W,AnimalTraits
Rhipidura fuliginosa,Aves,Passeriformes,Dicruridae,0.0089,0.16333333,W,AnimalTraits
Cracticus torquatus,Aves,Passeriformes,Artamidae,0.0937,0.71,W,AnimalTraits
Strepera graculina,Aves,Passeriformes,Artamidae,0.3067,1.8833333,W,AnimalTraits
Passer domesticus,Aves,Passeriformes,Passeridae,0.023,0.31333333,W,AnimalTraits
Taeniopygia guttata,Aves,Passeriformes,Estrildidae,0.0117,0.21333333,W,AnimalTraits
Neochmia temporalis,Aves,Passeriformes,Estrildidae,0.0096,0.17666667,W,AnimalTraits
Pycnonotus jocosus,Aves,Passeriformes,Pycnonotidae,0.0329,0.35666667,W,AnimalTraits
Zosterops lateralis,Aves,Passeriformes,Zosteropidae,0.0104,0.21,W,AnimalTraits
Zoothera lunulata,Aves,Passeriformes,Turdidae,0.1132,1.0233333,W,AnimalTraits
Turdus merula,Aves,Passeriformes,Turdidae,0.0851,0.96,W,AnimalTraits
Sturnus vulgaris,Aves,Passeriformes,Sturnidae,0.0575,0.58666667,W,AnimalTraits
Acridotheres tristis,Aves,Passeriformes,Sturnidae,0.1023,0.88333333,W,AnimalTraits
Eudyptes pachyrhynchus,Aves,Spheniscoiformes,Spheniscudae,2.6,6.9295417,W,AnimalTraits
Megadyptes antipodes,Aves,Spheniscoiformes,Spheniscudae,4.8,11.533083,W,AnimalTraits
Spheniscus humboldti,Aves,Spheniscoiformes,Spheniscudae,3.87,9.4978333,W,AnimalTraits
Calamospiza melanocorys,Aves,Passeriformes,Passerellidae,0.0326,0.45458889,W,AnimalTraits
Pygoscelis adeliae,Aves,Spheniscoformes,Spheniscidae,3.5,17.888889,W,AnimalTraits
Macronectes giganteus,Aves,Procellariiformes,Procellariidae,3.98,18.131111,W,AnimalTraits
Macronectes giganteus,Aves,Procellariiformes,Procellariidae,3.28,16.582222,W,AnimalTraits
Leucocarbo atriceps,Aves,Pelecaniformes,Phalacrocoracidae,2.66,15.221111,W,AnimalTraits
Stercorarius maccormicki,Aves,Charadriiformes,Stercorariidae,1.13,8.1611111,W,AnimalTraits
Phoebastria immutabilis,Aves,Procellariiformes,Diomedediae,2.522,7.4258889,W,AnimalTraits
Pterodroma hypoleuca,Aves,Procellariiformes,Procellariidae,0.169,1.2581111,W,AnimalTraits
Alectoris chukar,Aves,Galliformes,Phasianidae,0.475,1.9263889,W,AnimalTraits
Macronectes giganteus,Aves,Procellariiformes,Procellariidae,4.78,13.356481,W,AnimalTraits
Thalassarche chrysostoma,Aves,Procellariiformes,Diomedeidae,3.753,8.5069444,W,AnimalTraits
Phoebetria fusca,Aves,Procellariiformes,Diomedeidae,2.875,8.275463,W,AnimalTraits
Procellaria aequinoctialis,Aves,Procellariiformes,Procellariidae,1.287,6.3078704,W,AnimalTraits
Procellaria cinerea,Aves,Procellariiformes,Procellariidae,1.014,5.0115741,W,AnimalTraits
Pterodroma brevirostris,Aves,Procellariiformes,Procellariidae,0.315,1.7708333,W,AnimalTraits
Pterodroma mollis,Aves,Procellariiformes,Procellariidae,0.274,1.7476852,W,AnimalTraits
Pachyptila salvini,Aves,Procellariiformes,Procellariidae,0.165,1.5509259,W,AnimalTraits
Pelecanoides georgicus,Aves,Procellariiformes,Procellariidae,0.127,0.9837963,W,AnimalTraits
Aethopyga christinae,Aves,Passeriformes,Nectariniidae,0.0052,0.37165556,W,AnimalTraits
Cinnyris bifasciatus,Aves,Passeriformes,Nectariniidae,0.0062,0.23715,W,AnimalTraits
Aethopyga siparaja,Aves,Passeriformes,Nectariniidae,0.0068,0.40006667,W,AnimalTraits
Cinnyris venustus,Aves,Passeriformes,Nectariniidae,0.0071,0.32778333,W,AnimalTraits
Cinnyris cupreus,Aves,Passeriformes,Nectariniidae,0.0074,0.40083333,W,AnimalTraits
Hedydipna collaris,Aves,Passeriformes,Nectariniidae,0.0083,0.43275278,W,AnimalTraits
Cyanomitra veroxii,Aves,Passeriformes,Nectariniidae,0.0084,0.44496667,W,AnimalTraits
Chalcomitra adelberti,Aves,Passeriformes,Nectariniidae,0.0095,0.44491667,W,AnimalTraits
Chalcomitra amethystina,Aves,Passeriformes,Nectariniidae,0.01,0.40916667,W,AnimalTraits
Anthreptes orientalis,Aves,Passeriformes,Nectariniidae,0.0118,0.36219444,W,AnimalTraits
Chalcomitra senegalensis,Aves,Passeriformes,Nectariniidae,0.0126,0.392,W,AnimalTraits
Nectarinia tacazze,Aves,Passeriformes,Nectariniidae,0.0135,0.5925,W,AnimalTraits
Nectarinia killmensis,Aves,Passeriformes,Nectariniidae,0.0142,0.54867222,W,AnimalTraits
Coturnix pectoralis,Aves,Galliformes,Phasianidae,0.0958,0.63334444,W,AnimalTraits
Coturnix chinensis,Aves,Galliformes,Phasianidae,0.0449,0.36668333,W,AnimalTraits
Lichmera indistincta,Aves,Passeriformes,Meliphagidae,0.0101,0.21153889,W,AnimalTraits
Gliciphila melanops,Aves,Passeriformes,Meliphagidae,0.0188,0.2914,W,AnimalTraits
Melithreptus lunatus,Aves,Passeriformes,Meliphagidae,0.0143,0.24786667,W,AnimalTraits
Phylidonyris novaehollandiae,Aves,Passeriformes,Meliphagidae,0.0174,0.31712963,W,AnimalTraits
Acanthorhynchus tenuirostris,Aves,Passeriformes,Meliphagidae,0.0097,0.24884259,W,AnimalTraits
Phylidonyris pyrrhopterus,Aves,Passeriformes,Meliphagidae,0.0146,0.32175926,W,AnimalTraits
Auriparus flaviceps,Aves,Passeriformes,Remizidae,0.0068,0.16395556,W,AnimalTraits
Spizella arborea,Aves,Passeriformes,Passerellidae,0.0166,0.32951667,W,AnimalTraits
Junco hyemalis,Aves,Passeriformes,Passerellidae,0.018,0.29559583,W,AnimalTraits
Melospiza melodia,Aves,Passeriformes,Passerellidae,0.0186,0.377975,W,AnimalTraits
Zonotrichia albicollis,Aves,Passeriformes,Passerellidae,0.0236,0.46035417,W,AnimalTraits
Passerella iliaca,Aves,Passeriformes,Passerellidae,0.0317,0.54757917,W,AnimalTraits
Molothrus ater,Aves,Passeriformes,Icteridae,0.0337,0.53304167,W,AnimalTraits
Corvus cryptoleucus,Aves,Passeriformes,Corvidae,0.64,3.8282083,W,AnimalTraits
Corvus corax,Aves,Passeriformes,Corvidae,0.866,4.5986958,W,AnimalTraits
Excalfactoria chinensis,Aves,Galliformes,Phasianidae,0.0427,0.29075,W,AnimalTraits
Colinus virginianus,Aves,Galliformes,Odontophoridae,0.194,1.1145417,W,AnimalTraits
Leptotila verreauxi,Aves,Columbiformes,Columbidae,0.131,0.8867875,W,AnimalTraits
Ceratopipra mentalis,Aves,Passeriformes,Pipridae,0.0145,0.29753417,W,AnimalTraits
Manacus vitellinus,Aves,Passeriformes,Pipridae,0.0182,0.23647667,W,AnimalTraits
Manacus vitellinus,Aves,Passeriformes,Pipridae,0.015,0.28638875,W,AnimalTraits
Xiphorhynchus guttatus,Aves,Passeriformes,Furnariidade,0.0452,0.44630125,W,AnimalTraits
Thamnophilus punctatus,Aves,Passeriformes,Thamnophilidae,0.021,0.34163125,W,AnimalTraits
Lonchura malacca,Aves,Passeriformes,Estrildidae,0.0118,0.14097222,W,AnimalTraits
Lonchura maja,Aves,Passeriformes,Estrildidae,0.0128,0.15219907,W,AnimalTraits
Passer montanus,Aves,Passeriformes,Passeridae,0.0175,0.19768519,W,AnimalTraits
Pycnonotus goiavier,Aves,Passeriformes,Pycnonotidae,0.0286,0.24467593,W,AnimalTraits
Arachnothera longirostra,Aves,Passeriformes,Nectariniidae,0.013,0.18854167,W,AnimalTraits
Copsychus saularis,Aves,Passeriformes,Muscicapidae,0.0335,0.23113426,W,AnimalTraits
Pycnonotus finlaysoni,Aves,Passeriformes,Pycnonotidae,0.0263,0.22488426,W,AnimalTraits
Malacopteron cinereum,Aves,Passeriformes,Pellorneidae,0.0158,0.21122685,W,AnimalTraits
Alophoixus bres,Aves,Passeriformes,Pycnonotidae,0.035,0.35520833,W,AnimalTraits
Arachnothera flavigaster,Aves,Passeriformes,Nectariniidae,0.0363,0.29861111,W,AnimalTraits
Hypothymis azurea,Aves,Passeriformes,Monarchidae,0.0108,0.13888889,W,AnimalTraits
Chloropsis sonnerati,Aves,Cuculiformes,Chloropseidae,0.0397,0.37847222,W,AnimalTraits
Cacomantis variolosus,Aves,Cuculiformes,Cuculidae,0.0238,0.12152778,W,AnimalTraits
Lanius cristatus,Aves,Passeriformes,Laniidae,0.0268,0.25231481,W,AnimalTraits
Acrocephalus arundinaceus,Aves,Passeriformes,Acrocephalidae,0.0269,0.25578704,W,AnimalTraits
Acrocephalus bistrigiceps,Aves,Passeriformes,Acrocephalidae,0.0219,0.12847222,W,AnimalTraits
Larvivora cyane,Aves,Passeriformes,Muscicapidae,0.0079,0.17361111,W,AnimalTraits
Otus scops,Aves,Strigiformes,Strigidae,0.0134,0.35416667,W,AnimalTraits
Melanerpes formicivorus,Aves,Piciformes,Picidae,0.0784,2.8009259,W,AnimalTraits
Melanerpes formicivorus,Aves,Piciformes,Picidae,0.0867,2.4074074,W,AnimalTraits
Melanerpes formicivorus,Aves,Piciformes,Picidae,0.0845,2.0601852,W,AnimalTraits
Melanerpes formicivorus,Aves,Piciformes,Picidae,0.0794,1.7476852,W,AnimalTraits
Callipepla gambelii,Aves,Galliformes,Odontophoridae,0.145,0.53611111,W,AnimalTraits
Callipepla gambelii,Aves,Galliformes,Odontophoridae,0.145,0.73333333,W,AnimalTraits
Ardenna pacificus,Aves,Procellariiformes,Procellariidae,0.3378,1.5013333,W,AnimalTraits
Puffinus nativitatis,Aves,Procellariiformes,Procellariidae,0.3076,1.4867333,W,AnimalTraits
Pterodroma hypoleuca,Aves,Procellariiformes,Procellariidae,0.1674,0.8463,W,AnimalTraits
Bulweria bulwerii,Aves,Procellariiformes,Procellariidae,0.087,0.51233333,W,AnimalTraits
Phaethon rubricauda,Aves,Phaethontiformes,Phaethontidae,0.5932,3.3614667,W,AnimalTraits
Onychoprion lunatus,Aves,Charadriiformes,Laridae,0.1317,0.70971667,W,AnimalTraits
Gygis alba,Aves,Charadriiformes,Laridae,0.0981,0.82295,W,AnimalTraits
Anous minutus,Aves,Charadriiformes,Laridae,0.0902,0.64142222,W,AnimalTraits
Ocreatus underwoodii,Aves,Apodiformes,Trochilidae,0.0027,0.36975,W,AnimalTraits
Chlorostilbon mellisugus,Aves,Apodiformes,Trochilidae,0.0029,0.34477778,W,AnimalTraits
Orthorhyncus cristatus,Aves,Apodiformes,Trochilidae,0.0029,0.30208333,W,AnimalTraits
Orthorhyncus cristatus,Aves,Apodiformes,Trochilidae,0.0029,0.24166667,W,AnimalTraits
Archilochus alexandri,Aves,Apodiformes,Trochilidae,0.0029,0.38425,W,AnimalTraits
Archilochus alexandri,Aves,Apodiformes,Trochilidae,0.0032,0.42488889,W,AnimalTraits
Chaetocercus mulsant,Aves,Apodiformes,Trochilidae,0.0033,0.40883333,W,AnimalTraits
Urosticte benjamini,Aves,Apodiformes,Trochilidae,0.0039,0.29683333,W,AnimalTraits
Trochilus scitulus,Aves,Apodiformes,Trochilidae,0.004,0.57,W,AnimalTraits
Chrysuronia oenone,Aves,Apodiformes,Trochilidae,0.005,0.59861111,W,AnimalTraits
Florisuga mellivora,Aves,Apodiformes,Trochilidae,0.0069,0.77433333,W,AnimalTraits
Aglaeactis cupripennis,Aves,Apodiformes,Trochilidae,0.0072,0.494,W,AnimalTraits
Boissonneaua matthewsii,Aves,Apodiformes,Trochilidae,0.0072,0.552,W,AnimalTraits
Anthracothorax nigricollis,Aves,Apodiformes,Trochilidae,0.0077,0.57322222,W,AnimalTraits
Eugenes fulgens,Aves,Apodiformes,Trochilidae,0.0079,0.62541667,W,AnimalTraits
Lampornis clemenciae,Aves,Apodiformes,Trochilidae,0.008,0.56,W,AnimalTraits
Lampornis clemenciae,Aves,Apodiformes,Trochilidae,0.0083,0.69627778,W,AnimalTraits
Oreotrochilus estella,Aves,Apodiformes,Trochilidae,0.0085,0.68472222,W,AnimalTraits
Oreotrochilus estella,Aves,Apodiformes,Trochilidae,0.0089,0.53647222,W,AnimalTraits
Eulampis jugularis,Aves,Apodiformes,Trochilidae,0.0095,0.53833333,W,AnimalTraits
Patagona gigas,Aves,Apodiformes,Trochilidae,0.0175,0.95763889,W,AnimalTraits
Onychoprion fuscatus,Aves,Charadriiformes,Laridae,0.1504,0.81048889,W,AnimalTraits
Struthio camelus,Aves,Struthioniformes,Struthionidae,95.4,59.89,W,AnimalTraits
Requena verticalis,Insecta,Orthoptera,Tettigonildae,0.000371,0.0006744738,W,AnimalTraits
Fidicina mannifera,Insecta,Hemiptera,Cicadidae,0.00284,0.00376907,W,AnimalTraits
Blaberus giganteous,Insecta,Blattodea,Blaberidae,0.00433,0.0035911403,W,AnimalTraits
Aphodius fossor,Insecta,Coleoptera,Scarabaeidae,0.0001213,0.00027781069,W,AnimalTraits
Paraponera clavata,Insecta,Hymenoptera,Formicidae,0.00019,0.00041154121,W,AnimalTraits
Onymacris plana,Insecta,Coleoptera,Tenebrionidae,0.000691,0.0012860278,W,AnimalTraits
Onymacris plana,Insecta,Coleoptera,Tenebrionidae,0.000687,0.00057326188,W,AnimalTraits
Physadesmia globosa,Insecta,Coleoptera,Tenebrionidae,0.000652,0.00065562222,W,AnimalTraits
Physadesmia globosa,Insecta,Coleoptera,Tenebrionidae,0.000743,0.00062507254,W,AnimalTraits
Physosterna cribripes,Insecta,Coleoptera,Tenebrionidae,0.001226,0.0013009222,W,AnimalTraits
Physosterna cribripes,Insecta,Coleoptera,Tenebrionidae,0.001285,0.0010244306,W,AnimalTraits
Physosterna cribripes,Insecta,Coleoptera,Tenebrionidae,0.001226,0.00077984791,W,AnimalTraits
Epiphysa arenicola,Insecta,Coleoptera,Tenebrionidae,0.001187,0.00090117719,W,AnimalTraits
Pantophthalmus tabaninus,Insecta,Diptera,Pantophthalmidae,0.001746,0.0029908891,W,AnimalTraits
Sisyphus fasciculatus,Insecta,Coleoptera,Scarabaeidae,0.000136,0.00020853333,W,AnimalTraits
Scarabaeus rusticus,Insecta,Coleoptera,Scarabaeidae,0.000564,0.00047626667,W,AnimalTraits
Anachalcos convexus,Insecta,Coleoptera,Scarabaeidae,0.001421,0.00087628333,W,AnimalTraits
Scarabaeus flavicornis,Insecta,Coleoptera,Scarabaeidae,0.000322,0.00028085556,W,AnimalTraits
Scarabaeus bacchus,Insecta,Coleoptera,Scarabaeidae,0.007285,0.0020640833,W,AnimalTraits
Helius waitei,Insecta,Coleoptera,Tenebrionidae,0.000716,0.0013749299,W,AnimalTraits
Helius waitei,Insecta,Coleoptera,Tenebrionidae,0.000672,0.0016666667,W,AnimalTraits
Helius waitei,Insecta,Coleoptera,Tenebrionidae,0.000704,0.0014240345,W,AnimalTraits
Helius waitei,Insecta,Coleoptera,Tenebrionidae,0.000757,0.0010763889,W,AnimalTraits
Helius waitei,Insecta,Coleoptera,Tenebrionidae,0.000716,0.0011785113,W,AnimalTraits
Pterohelaeus sp.,Insecta,Coleoptera,Tenebrionidae,0.000252,0.00027498597,W,AnimalTraits
Pterohelaeus sp.,Insecta,Coleoptera,Tenebrionidae,0.000245,0.00047916667,W,AnimalTraits
Pterohelaeus sp.,Insecta,Coleoptera,Tenebrionidae,0.000229,0.00030935922,W,AnimalTraits
Pterohelaeus sp.,Insecta,Coleoptera,Tenebrionidae,0.000258,0.00039583333,W,AnimalTraits
Pterohelaeus sp.,Insecta,Coleoptera,Tenebrionidae,0.00025,0.00029462783,W,AnimalTraits
Cerotalis sp.,Insecta,Coleoptera,Carabidae,0.000607,0.00045176267,W,AnimalTraits
Cerotalis sp.,Insecta,Coleoptera,Carabidae,0.000562,0.00047222222,W,AnimalTraits
Cerotalis sp.,Insecta,Coleoptera,Carabidae,0.000552,0.00034373246,W,AnimalTraits
Cerotalis sp.,Insecta,Coleoptera,Carabidae,0.00056,0.00028472222,W,AnimalTraits
Cerotalis sp.,Insecta,Coleoptera,Carabidae,0.000558,0.00028726213,W,AnimalTraits
Carenum sp.,Insecta,Coleoptera,Carabidae,0.00461,0.0026614714,W,AnimalTraits
Carenum sp.,Insecta,Coleoptera,Carabidae,0.00424,0.0024166667,W,AnimalTraits
Carenum sp.,Insecta,Coleoptera,Carabidae,0.00439,0.0025043365,W,AnimalTraits
Carenum sp.,Insecta,Coleoptera,Carabidae,0.00343,0.0020555556,W,AnimalTraits
Callipepla californica,Aves,Galliformes,Odontophoridae,0.1496,0.79786667,W,AnimalTraits
Callipepla californica,Aves,Galliformes,Odontophoridae,0.1274,0.74316667,W,AnimalTraits
Ostrinia nubilalis,Insecta,Lepidoptera,Crambidae,4e-05,0.00040689243,W,AnimalTraits
Ostrinia nubilalis,Insecta,Lepidoptera,Crambidae,6.65e-05,0.0007027289,W,AnimalTraits
Ostrinia nubilalis,Insecta,Lepidoptera,Crambidae,3.36e-05,0.00034013047,W,AnimalTraits
Ostrinia nubilalis,Insecta,Lepidoptera,Crambidae,6.22e-05,0.00054057437,W,AnimalTraits
Ostrinia nubilalis,Insecta,Lepidoptera,Crambidae,3.28e-05,0.00023647166,W,AnimalTraits
Ostrinia nubilalis,Insecta,Lepidoptera,Crambidae,5.65e-05,0.00033758739,W,AnimalTraits
Periplaneta americana,Insecta,Blattodea,Blattidae,0.00073,0.0021088889,W,AnimalTraits
Blaberus discoidalis,Insecta,Blattodea,Blaberidae,0.00408,0.0038533333,W,AnimalTraits
Gromphadorhina chopardi,Insecta,Blattodea,Blaberidae,0.0034,0.0026444444,W,AnimalTraits
Eublaberus posticus,Insecta,Blattodea,Blaberidae,0.0022,0.0041555556,W,AnimalTraits
Byrsotria fumagata,Insecta,Blattodea,Blaberidae,0.00495,0.0055,W,AnimalTraits
Camponotus herculeanus,Insecta,Hymenoptera,Formicidae,7.48e-06,0.00011178444,W,AnimalTraits
Camponotus herculeanus,Insecta,Hymenoptera,Formicidae,1.042e-05,0.00023792333,W,AnimalTraits
Formica fusca,Insecta,Hymenoptera,Formicidae,1.46e-06,2.1494444e-05,W,AnimalTraits
Formica fusca,Insecta,Hymenoptera,Formicidae,1.23e-06,3.8266667e-05,W,AnimalTraits
Myrmica alaskensis,Insecta,Hymenoptera,Formicidae,1.15e-06,1.0925e-05,W,AnimalTraits
Myrmica alaskensis,Insecta,Hymenoptera,Formicidae,6.7e-07,9.0822222e-06,W,AnimalTraits
Leptothorax acerovorum,Insecta,Hymenoptera,Formicidae,3.7e-07,5.0361111e-06,W,AnimalTraits
Pogonomymex maricopa,Insecta,Hymenoptera,Formicidae,3.78e-06,3.528e-05,W,AnimalTraits
Aphaenogaster cockerelli,Insecta,Hymenoptera,Formicidae,4.72e-06,8.1288889e-05,W,AnimalTraits
Camponotus vafer,Insecta,Hymenoptera,Formicidae,4.51e-06,5.7878333e-05,W,AnimalTraits
Forelius foetidus,Insecta,Hymenoptera,Formicidae,1e-07,1.3222222e-06,W,AnimalTraits
Camponotus sp.,Insecta,Hymenoptera,Formicidae,1.541e-05,7.705e-05,W,AnimalTraits
Camponotus laevigatus,Insecta,Hymenoptera,Formicidae,1.915e-05,0.00011596389,W,AnimalTraits
Formica occulta,Insecta,Hymenoptera,Formicidae,1.3e-06,1.9211111e-05,W,AnimalTraits
Lasius sitiens,Insecta,Hymenoptera,Formicidae,2.9e-07,3.19e-06,W,AnimalTraits
Anthia babaulti,Insecta,Coleoptera,Carabidae,0.001295,0.003174438,W,AnimalTraits
Cypholoba bihamata,Insecta,Coleoptera,Carabidae,0.000245,0.00094705168,W,AnimalTraits
Cypholoba tenuicollis,Insecta,Coleoptera,Carabidae,5.9e-05,0.00024197194,W,AnimalTraits
Cypholoba tetrastigma,Insecta,Coleoptera,Carabidae,0.000132,0.00079026254,W,AnimalTraits
Cypholoba trilunata,Insecta,Coleoptera,Carabidae,0.000213,0.00052212765,W,AnimalTraits
Cypholoba sp.,Insecta,Coleoptera,Carabidae,0.000192,0.00092319861,W,AnimalTraits
Chilanthia cavernosa,Insecta,Coleoptera,Carabidae,0.001026,0.0015477153,W,AnimalTraits
Anthia hexastictum,Insecta,Coleoptera,Carabidae,0.002025,0.0023864854,W,AnimalTraits
Cypholoba chanleri,Insecta,Coleoptera,Carabidae,0.000326,0.00076838937,W,AnimalTraits
Crepidogaster bioculata,Insecta,Coleoptera,Carabidae,0.000171,0.00028213561,W,AnimalTraits
Triaenogenius sculpturatus,Insecta,Coleoptera,Carabidae,0.00017,0.00033658283,W,AnimalTraits
Calosoma chlorostictum,Insecta,Coleoptera,Carabidae,0.000521,0.00078592562,W,AnimalTraits
Calosoma indet,Insecta,Coleoptera,Carabidae,7.9e-05,0.0005250975,W,AnimalTraits
Phrynocolus petrosus,Insecta,Coleoptera,Tenebrionidae,0.001109,0.0003502677,W,AnimalTraits
Phrynocolus sp.,Insecta,Coleoptera,Tenebrionidae,0.000204,0.00018848638,W,AnimalTraits
Vieta muscosa,Insecta,Coleoptera,Tenebrionidae,0.00014,0.0001333132,W,AnimalTraits
Pimelia cenchronota,Insecta,Coleoptera,Tenebrionidae,0.001474,0.00061146823,W,AnimalTraits
Adesmia baccata,Insecta,Coleoptera,Tenebrionidae,0.000407,0.00017651271,W,AnimalTraits
Rhytinota praelonga,Insecta,Coleoptera,Tenebrionidae,0.000105,9.8499975e-05,W,AnimalTraits
Zophosis congesta,Insecta,Coleoptera,Tenebrionidae,1.1e-05,1.0111627e-05,W,AnimalTraits
Peristeptus sp.,Insecta,Coleoptera,Tenebrionidae,5.5e-05,5.3669405e-05,W,AnimalTraits
Phrynocolus auriculatus,Insecta,Coleoptera,Tenebrionidae,0.000193,0.00016649536,W,AnimalTraits
Vieta bulbifera,Insecta,Coleoptera,Tenebrionidae,0.000479,0.0005306365,W,AnimalTraits
Nauphoeta cinerea,Insecta,Blattodea,Blaberidae,0.000515,0.00072816761,W,AnimalTraits
Stenodontes molaria,Insecta,Coleoptera,Cerambycidae,0.001798,0.004211894,W,AnimalTraits
Stenodontes molaria,Insecta,Coleoptera,Cerambycidae,0.004089,0.0080601816,W,AnimalTraits
Stenodontes sp.,Insecta,Coleoptera,Cerambycidae,0.001043,0.0020096797,W,AnimalTraits
Dryoctenes scrupulosa,Insecta,Coleoptera,Cerambycidae,0.001823,0.0027824191,W,AnimalTraits
Macrodontia dejeani,Insecta,Coleoptera,Cerambycidae,0.00486,0.0076810431,W,AnimalTraits
Xenambyx laticauda,Insecta,Coleoptera,Cerambycidae,0.001217,0.0015481172,W,AnimalTraits
Nyssicus setosus,Insecta,Coleoptera,Cerambycidae,0.000996,0.00070467869,W,AnimalTraits
Brasilanus batus,Insecta,Coleoptera,Cerambycidae,0.001965,0.0061384297,W,AnimalTraits
Oncideres putator,Insecta,Coleoptera,Cerambycidae,0.000681,0.0010792843,W,AnimalTraits
Acanthoderes circumflexa,Insecta,Coleoptera,Cerambycidae,0.000139,0.0002679573,W,AnimalTraits
Trachysomus peregrinus,Insecta,Coleoptera,Cerambycidae,0.000547,0.00059460356,W,AnimalTraits
Eburia sp.,Insecta,Coleoptera,Cerambycidae,0.000715,0.002024461,W,AnimalTraits
Eburia sp.,Insecta,Coleoptera,Cerambycidae,0.000449,0.00061557221,W,AnimalTraits
Acrocinus longimanus,Insecta,Coleoptera,Cerambycidae,0.005383,0.018355075,W,AnimalTraits
Taeinotes scalaris,Insecta,Coleoptera,Cerambycidae,0.000397,0.00093785053,W,AnimalTraits
Pelidnota sp.,Insecta,Coleoptera,Scarabaeidae,0.000937,0.00052488563,W,AnimalTraits
Pelidnota sp.,Insecta,Coleoptera,Scarabaeidae,0.001105,0.001905375,W,AnimalTraits
Pelidnota sp.,Insecta,Coleoptera,Scarabaeidae,0.001078,0.0010867349,W,AnimalTraits
Pelidnota sp.,Insecta,Coleoptera,Scarabaeidae,0.003879,0.0020059301,W,AnimalTraits
Pelidnota sp.,Insecta,Coleoptera,Scarabaeidae,0.005289,0.0017222222,W,AnimalTraits
Pelidnota sp.,Insecta,Coleoptera,Scarabaeidae,0.001335,0.0012504024,W,AnimalTraits
Strategus aloeus,Insecta,Coleoptera,Scarabaeidae,0.0037,0.0031123309,W,AnimalTraits
Strategus aloeus,Insecta,Coleoptera,Scarabaeidae,0.005389,0.0054779533,W,AnimalTraits
Strategus aloeus,Insecta,Coleoptera,Scarabaeidae,0.0048,0.0060003119,W,AnimalTraits
Coeloesis biloba,Insecta,Coleoptera,Scarabaeidae,0.00278,0.0018458321,W,AnimalTraits
Coeloesis biloba,Insecta,Coleoptera,Scarabaeidae,0.00469,0.0056158586,W,AnimalTraits
Cyclocephala sp.,Insecta,Coleoptera,Scarabaeidae,0.000273,0.00077405861,W,AnimalTraits
Cyclocephala sp.,Insecta,Coleoptera,Scarabaeidae,0.000338,0.00089935686,W,AnimalTraits
Cyclocephala sp.,Insecta,Coleoptera,Scarabaeidae,0.00017,0.00047634376,W,AnimalTraits
Cyclocephala sp.,Insecta,Coleoptera,Scarabaeidae,0.000204,0.00020236581,W,AnimalTraits
Anomala sp.,Insecta,Coleoptera,Scarabaeidae,0.0001,0.00013491054,W,AnimalTraits
Dyscinetus sp.,Insecta,Coleoptera,Scarabaeidae,0.00039,0.00046246943,W,AnimalTraits
Popilius sp.,Insecta,Coleoptera,Passalidae,0.000563,0.00078732844,W,AnimalTraits
Nyctobates procerus,Insecta,Coleoptera,Tenebrionidae,0.002198,0.0017267461,W,AnimalTraits
Zophobas sp.,Insecta,Coleoptera,Tenebrionidae,0.000535,0.0012504024,W,AnimalTraits
Glossina pallidipes,Insecta,Diptera,Glossinidae,2.316e-05,0.0001516928,W,AnimalTraits
Glossina pallidipes,Insecta,Diptera,Glossinidae,2.672e-05,0.00015878125,W,AnimalTraits
Coptotermes formosanus,Insecta,Blattodea,Rhinotermitidae,3.99e-06,1.0228986e-05,W,AnimalTraits
Reticlitermes flavipes,Insecta,Blattodea,Rhinotermitidae,4.14e-06,1.7358264e-05,W,AnimalTraits
Solenopsis invicta,Insecta,Hymenoptera,Formicidae,2.96e-06,6.6435556e-06,W,AnimalTraits
Rhodnius prolixus,Insecta,Hemiptera,Reduviidae,2e-05,0.00015414928,W,AnimalTraits
Anoplolepis steinergroeveri,Insecta,Hymenoptera,Formicidae,9.4e-07,7.9195959e-06,W,AnimalTraits
Anoplolepis steinergroeveri,Insecta,Hymenoptera,Formicidae,9.8e-07,2.5455844e-06,W,AnimalTraits
Anoplolepis steinergroeveri,Insecta,Hymenoptera,Formicidae,1.15e-06,3.2526912e-06,W,AnimalTraits
Anoplolepis steinergroeveri,Insecta,Hymenoptera,Formicidae,1.17e-06,5.0911688e-06,W,AnimalTraits
Anoplolepis steinergroeveri,Insecta,Hymenoptera,Formicidae,1.59e-06,4.9497475e-06,W,AnimalTraits
Anoplolepis steinergroeveri,Insecta,Hymenoptera,Formicidae,1.9e-06,5.2325902e-06,W,AnimalTraits
Anoplolepis steinergroeveri,Insecta,Hymenoptera,Formicidae,2.9e-06,1.2445079e-05,W,AnimalTraits
Anoplolepis steinergroeveri,Insecta,Hymenoptera,Formicidae,3.32e-06,1.0889444e-05,W,AnimalTraits
Anoplolepis steinergroeveri,Insecta,Hymenoptera,Formicidae,4.3e-06,1.5839192e-05,W,AnimalTraits
Anoplolepis steinergroeveri,Insecta,Hymenoptera,Formicidae,4.64e-06,9.7580736e-06,W,AnimalTraits
Anoplolepis steinergroeveri,Insecta,Hymenoptera,Formicidae,4.74e-06,1.2727922e-05,W,AnimalTraits
Anoplolepis steinergroeveri,Insecta,Hymenoptera,Formicidae,4.87e-06,1.2869343e-05,W,AnimalTraits
Anoplolepis steinergroeveri,Insecta,Hymenoptera,Formicidae,5.58e-06,1.3859293e-05,W,AnimalTraits
Anoplolepis steinergroeveri,Insecta,Hymenoptera,Formicidae,6.02e-06,1.8384776e-05,W,AnimalTraits
Anoplolepis steinergroeveri,Insecta,Hymenoptera,Formicidae,6.58e-06,1.880904e-05,W,AnimalTraits
Anoplolepis steinergroeveri,Insecta,Hymenoptera,Formicidae,6.6e-06,1.6970563e-05,W,AnimalTraits
Anoplolepis steinergroeveri,Insecta,Hymenoptera,Formicidae,6.95e-06,1.8526198e-05,W,AnimalTraits
Anoplolepis steinergroeveri,Insecta,Hymenoptera,Formicidae,6.97e-06,1.1172287e-05,W,AnimalTraits
Anoplolepis steinergroeveri,Insecta,Hymenoptera,Formicidae,7.11e-06,1.0182338e-05,W,AnimalTraits
Anoplolepis steinergroeveri,Insecta,Hymenoptera,Formicidae,7.28e-06,1.2869343e-05,W,AnimalTraits
Anoplolepis steinergroeveri,Insecta,Hymenoptera,Formicidae,7.33e-06,1.3859293e-05,W,AnimalTraits
Anoplolepis steinergroeveri,Insecta,Hymenoptera,Formicidae,7.48e-06,9.7580736e-06,W,AnimalTraits
Anoplolepis steinergroeveri,Insecta,Hymenoptera,Formicidae,7.87e-06,2.0788939e-05,W,AnimalTraits
Anoplolepis steinergroeveri,Insecta,Hymenoptera,Formicidae,8.3e-06,2.3193102e-05,W,AnimalTraits
Anoplolepis steinergroeveri,Insecta,Hymenoptera,Formicidae,8.8e-06,1.0606602e-05,W,AnimalTraits
Anoplolepis steinergroeveri,Insecta,Hymenoptera,Formicidae,8.9e-06,1.3717872e-05,W,AnimalTraits
Anoplolepis steinergroeveri,Insecta,Hymenoptera,Formicidae,1.024e-05,1.3293607e-05,W,AnimalTraits
Anoplolepis steinergroeveri,Insecta,Hymenoptera,Formicidae,1.048e-05,1.767767e-05,W,AnimalTraits
Atta columbica,Insecta,Hymenoptera,Formicidae,3.6e-06,1.46e-05,W,AnimalTraits
Atta columbica,Insecta,Hymenoptera,Formicidae,4.5e-06,8.6e-06,W,AnimalTraits
Atta columbica,Insecta,Hymenoptera,Formicidae,4.5e-06,1.46e-05,W,AnimalTraits
Atta columbica,Insecta,Hymenoptera,Formicidae,4.9e-06,1.33e-05,W,AnimalTraits
Atta columbica,Insecta,Hymenoptera,Formicidae,7.4e-06,2.29e-05,W,AnimalTraits
Atta columbica,Insecta,Hymenoptera,Formicidae,8.3e-06,1.32e-05,W,AnimalTraits
Atta columbica,Insecta,Hymenoptera,Formicidae,1.04e-05,2.13e-05,W,AnimalTraits
Atta columbica,Insecta,Hymenoptera,Formicidae,1.04e-05,2.36e-05,W,AnimalTraits
Atta columbica,Insecta,Hymenoptera,Formicidae,1.14e-05,2.31e-05,W,AnimalTraits
Atta columbica,Insecta,Hymenoptera,Formicidae,1.2e-05,1.79e-05,W,AnimalTraits
Atta columbica,Insecta,Hymenoptera,Formicidae,1.2e-05,1.89e-05,W,AnimalTraits
Atta columbica,Insecta,Hymenoptera,Formicidae,1.23e-05,4.89e-05,W,AnimalTraits
Atta columbica,Insecta,Hymenoptera,Formicidae,1.27e-05,2.66e-05,W,AnimalTraits
Atta columbica,Insecta,Hymenoptera,Formicidae,1.35e-05,2.64e-05,W,AnimalTraits
Atta columbica,Insecta,Hymenoptera,Formicidae,1.5e-05,2.57e-05,W,AnimalTraits
Atta columbica,Insecta,Hymenoptera,Formicidae,1.6e-05,1.67e-05,W,AnimalTraits
Atta columbica,Insecta,Hymenoptera,Formicidae,1.6e-05,2.36e-05,W,AnimalTraits
Atta columbica,Insecta,Hymenoptera,Formicidae,1.76e-05,2.99e-05,W,AnimalTraits
Atta columbica,Insecta,Hymenoptera,Formicidae,1.9e-05,5.18e-05,W,AnimalTraits
Atta columbica,Insecta,Hymenoptera,Formicidae,1.92e-05,3.62e-05,W,AnimalTraits
Atta columbica,Insecta,Hymenoptera,Formicidae,1.99e-05,2.98e-05,W,AnimalTraits
Atta columbica,Insecta,Hymenoptera,Formicidae,2.15e-05,3.37e-05,W,AnimalTraits
Atta columbica,Insecta,Hymenoptera,Formicidae,2.22e-05,4.91e-05,W,AnimalTraits
Atta columbica,Insecta,Hymenoptera,Formicidae,2.35e-05,5.25e-05,W,AnimalTraits
Atta columbica,Insecta,Hymenoptera,Formicidae,2.44e-05,3.07e-05,W,AnimalTraits
Atta columbica,Insecta,Hymenoptera,Formicidae,2.67e-05,4.12e-05,W,AnimalTraits
Atta columbica,Insecta,Hymenoptera,Formicidae,3.33e-05,3.65e-05,W,AnimalTraits
Camponotus fulvopilosus,Insecta,Hymenoptera,Formicidae,1.085e-05,1.79e-05,W,AnimalTraits
Camponotus fulvopilosus,Insecta,Hymenoptera,Formicidae,1.386e-05,2.65e-05,W,AnimalTraits
Camponotus fulvopilosus,Insecta,Hymenoptera,Formicidae,1.448e-05,2.57e-05,W,AnimalTraits
Camponotus fulvopilosus,Insecta,Hymenoptera,Formicidae,1.471e-05,2.49e-05,W,AnimalTraits
Camponotus fulvopilosus,Insecta,Hymenoptera,Formicidae,2.215e-05,3.07e-05,W,AnimalTraits
Camponotus fulvopilosus,Insecta,Hymenoptera,Formicidae,2.269e-05,4.39e-05,W,AnimalTraits
Camponotus fulvopilosus,Insecta,Hymenoptera,Formicidae,2.338e-05,4.45e-05,W,AnimalTraits
Camponotus fulvopilosus,Insecta,Hymenoptera,Formicidae,2.431e-05,2.64e-05,W,AnimalTraits
Camponotus fulvopilosus,Insecta,Hymenoptera,Formicidae,2.438e-05,4.35e-05,W,AnimalTraits
Camponotus fulvopilosus,Insecta,Hymenoptera,Formicidae,2.746e-05,6.55e-05,W,AnimalTraits
Camponotus fulvopilosus,Insecta,Hymenoptera,Formicidae,2.762e-05,3.97e-05,W,AnimalTraits
Camponotus fulvopilosus,Insecta,Hymenoptera,Formicidae,3.202e-05,2.8e-05,W,AnimalTraits
Camponotus fulvopilosus,Insecta,Hymenoptera,Formicidae,3.351e-05,4.89e-05,W,AnimalTraits
Camponotus fulvopilosus,Insecta,Hymenoptera,Formicidae,3.968e-05,4.97e-05,W,AnimalTraits
Camponotus fulvopilosus,Insecta,Hymenoptera,Formicidae,4.792e-05,6.32e-05,W,AnimalTraits
Camponotus fulvopilosus,Insecta,Hymenoptera,Formicidae,4.917e-05,3.79e-05,W,AnimalTraits
Camponotus fulvopilosus,Insecta,Hymenoptera,Formicidae,5.39e-05,7.93e-05,W,AnimalTraits
Camponotus fulvopilosus,Insecta,Hymenoptera,Formicidae,5.831e-05,4.31e-05,W,AnimalTraits
Camponotus fulvopilosus,Insecta,Hymenoptera,Formicidae,5.949e-05,4.89e-05,W,AnimalTraits
Camponotus fulvopilosus,Insecta,Hymenoptera,Formicidae,5.966e-05,8.1e-05,W,AnimalTraits
Camponotus fulvopilosus,Insecta,Hymenoptera,Formicidae,8.474e-05,8.49e-05,W,AnimalTraits
Camponotus fulvopilosus,Insecta,Hymenoptera,Formicidae,8.895e-05,8.01e-05,W,AnimalTraits
Camponotus fulvopilosus,Insecta,Hymenoptera,Formicidae,0.00010606,8.61e-05,W,AnimalTraits
Camponotus fulvopilosus,Insecta,Hymenoptera,Formicidae,0.0001553,7.27e-05,W,AnimalTraits
Camponotus maculatus,Insecta,Hymenoptera,Formicidae,7.7e-06,2.4607316e-05,W,AnimalTraits
Camponotus maculatus,Insecta,Hymenoptera,Formicidae,1.04e-05,2.3051681e-05,W,AnimalTraits
Camponotus maculatus,Insecta,Hymenoptera,Formicidae,1.08e-05,3.4082547e-05,W,AnimalTraits
Camponotus maculatus,Insecta,Hymenoptera,Formicidae,1.09e-05,2.9981328e-05,W,AnimalTraits
Camponotus maculatus,Insecta,Hymenoptera,Formicidae,1.1e-05,2.3051681e-05,W,AnimalTraits
Camponotus maculatus,Insecta,Hymenoptera,Formicidae,1.1e-05,2.9839906e-05,W,AnimalTraits
Camponotus maculatus,Insecta,Hymenoptera,Formicidae,1.11e-05,2.1778889e-05,W,AnimalTraits
Camponotus maculatus,Insecta,Hymenoptera,Formicidae,1.12e-05,2.8849957e-05,W,AnimalTraits
Camponotus maculatus,Insecta,Hymenoptera,Formicidae,1.34e-05,2.8284271e-05,W,AnimalTraits
Camponotus maculatus,Insecta,Hymenoptera,Formicidae,1.42e-05,2.0223254e-05,W,AnimalTraits
Camponotus maculatus,Insecta,Hymenoptera,Formicidae,1.51e-05,3.3799704e-05,W,AnimalTraits
Camponotus maculatus,Insecta,Hymenoptera,Formicidae,1.52e-05,2.9557063e-05,W,AnimalTraits
Camponotus maculatus,Insecta,Hymenoptera,Formicidae,1.57e-05,3.959798e-05,W,AnimalTraits
Camponotus maculatus,Insecta,Hymenoptera,Formicidae,1.62e-05,2.5455844e-05,W,AnimalTraits
Camponotus maculatus,Insecta,Hymenoptera,Formicidae,1.66e-05,3.5921024e-05,W,AnimalTraits
Camponotus maculatus,Insecta,Hymenoptera,Formicidae,1.83e-05,3.1536962e-05,W,AnimalTraits
Camponotus maculatus,Insecta,Hymenoptera,Formicidae,1.84e-05,3.5638182e-05,W,AnimalTraits
Camponotus maculatus,Insecta,Hymenoptera,Formicidae,1.87e-05,3.4789654e-05,W,AnimalTraits
Camponotus maculatus,Insecta,Hymenoptera,Formicidae,1.89e-05,3.3799704e-05,W,AnimalTraits
Camponotus maculatus,Insecta,Hymenoptera,Formicidae,1.92e-05,4.3557778e-05,W,AnimalTraits
Camponotus maculatus,Insecta,Hymenoptera,Formicidae,2.17e-05,3.0405592e-05,W,AnimalTraits
Camponotus maculatus,Insecta,Hymenoptera,Formicidae,2.22e-05,3.436539e-05,W,AnimalTraits
Camponotus maculatus,Insecta,Hymenoptera,Formicidae,2.35e-05,3.9456558e-05,W,AnimalTraits
Camponotus maculatus,Insecta,Hymenoptera,Formicidae,2.36e-05,3.2951176e-05,W,AnimalTraits
Camponotus maculatus,Insecta,Hymenoptera,Formicidae,2.43e-05,4.0163665e-05,W,AnimalTraits
Camponotus maculatus,Insecta,Hymenoptera,Formicidae,2.48e-05,3.4789654e-05,W,AnimalTraits
Camponotus maculatus,Insecta,Hymenoptera,Formicidae,2.54e-05,4.695189e-05,W,AnimalTraits
Camponotus maculatus,Insecta,Hymenoptera,Formicidae,2.56e-05,3.1112698e-05,W,AnimalTraits
Camponotus maculatus,Insecta,Hymenoptera,Formicidae,2.57e-05,3.2668333e-05,W,AnimalTraits
Camponotus maculatus,Insecta,Hymenoptera,Formicidae,2.7e-05,2.8708535e-05,W,AnimalTraits
Camponotus maculatus,Insecta,Hymenoptera,Formicidae,2.95e-05,2.0788939e-05,W,AnimalTraits
Camponotus maculatus,Insecta,Hymenoptera,Formicidae,2.98e-05,9.588368e-05,W,AnimalTraits
Camponotus maculatus,Insecta,Hymenoptera,Formicidae,3.07e-05,3.2951176e-05,W,AnimalTraits
Camponotus maculatus,Insecta,Hymenoptera,Formicidae,3.32e-05,3.0122749e-05,W,AnimalTraits
Camponotus maculatus,Insecta,Hymenoptera,Formicidae,3.32e-05,3.1536962e-05,W,AnimalTraits
Camponotus maculatus,Insecta,Hymenoptera,Formicidae,3.39e-05,6.9013622e-05,W,AnimalTraits
Camponotus maculatus,Insecta,Hymenoptera,Formicidae,3.72e-05,3.3658283e-05,W,AnimalTraits
Camponotus maculatus,Insecta,Hymenoptera,Formicidae,3.72e-05,2.8849957e-05,W,AnimalTraits
Camponotus maculatus,Insecta,Hymenoptera,Formicidae,7.17e-05,8.5842763e-05,W,AnimalTraits
Camponotus maculatus,Insecta,Hymenoptera,Formicidae,9.02e-05,9.5035151e-05,W,AnimalTraits
Camponotus maculatus,Insecta,Hymenoptera,Formicidae,0.0001,0.00020138401,W,AnimalTraits
Camponotus maculatus,Insecta,Hymenoptera,Formicidae,0.0001061,7.6367532e-05,W,AnimalTraits
Camponotus maculatus,Insecta,Hymenoptera,Formicidae,0.0001066,7.9337381e-05,W,AnimalTraits
Camponotus maculatus,Insecta,Hymenoptera,Formicidae,0.0001075,0.00020902076,W,AnimalTraits
Camponotus maculatus,Insecta,Hymenoptera,Formicidae,0.0001102,9.9277792e-05,W,AnimalTraits
Camponotus maculatus,Insecta,Hymenoptera,Formicidae,0.0001106,8.1882965e-05,W,AnimalTraits
Camponotus maculatus,Insecta,Hymenoptera,Formicidae,0.0001117,7.7357482e-05,W,AnimalTraits
Camponotus maculatus,Insecta,Hymenoptera,Formicidae,0.0001119,7.0144993e-05,W,AnimalTraits
Camponotus maculatus,Insecta,Hymenoptera,Formicidae,0.0001206,0.00013435029,W,AnimalTraits
Camponotus maculatus,Insecta,Hymenoptera,Formicidae,0.0001292,0.00011539983,W,AnimalTraits
Eciton hamatum,Insecta,Hymenoptera,Formicidae,2.06e-06,1.0396831e-05,W,AnimalTraits
Eciton hamatum,Insecta,Hymenoptera,Formicidae,2.82e-06,1.9331607e-05,W,AnimalTraits
Eciton hamatum,Insecta,Hymenoptera,Formicidae,4.53e-06,1.4620543e-05,W,AnimalTraits
Eciton hamatum,Insecta,Hymenoptera,Formicidae,5.53e-06,2.3230419e-05,W,AnimalTraits
Eciton hamatum,Insecta,Hymenoptera,Formicidae,5.63e-06,2.030631e-05,W,AnimalTraits
Eciton hamatum,Insecta,Hymenoptera,Formicidae,5.63e-06,2.5017374e-05,W,AnimalTraits
Eciton hamatum,Insecta,Hymenoptera,Formicidae,6e-06,2.7291681e-05,W,AnimalTraits
Eciton hamatum,Insecta,Hymenoptera,Formicidae,6.74e-06,2.1930815e-05,W,AnimalTraits
Eciton hamatum,Insecta,Hymenoptera,Formicidae,8.03e-06,1.4458093e-05,W,AnimalTraits
Eciton hamatum,Insecta,Hymenoptera,Formicidae,8.03e-06,2.3230419e-05,W,AnimalTraits
Eciton hamatum,Insecta,Hymenoptera,Formicidae,8.24e-06,2.0062634e-05,W,AnimalTraits
Eciton hamatum,Insecta,Hymenoptera,Formicidae,8.66e-06,1.8681805e-05,W,AnimalTraits
Eciton hamatum,Insecta,Hymenoptera,Formicidae,9.08e-06,1.5514021e-05,W,AnimalTraits
Eciton hamatum,Insecta,Hymenoptera,Formicidae,9.08e-06,3.6064006e-05,W,AnimalTraits
Eciton hamatum,Insecta,Hymenoptera,Formicidae,9.23e-06,1.9818958e-05,W,AnimalTraits
Eciton hamatum,Insecta,Hymenoptera,Formicidae,9.71e-06,2.9890888e-05,W,AnimalTraits
Eciton hamatum,Insecta,Hymenoptera,Formicidae,1.164e-05,3.5008078e-05,W,AnimalTraits
Eciton hamatum,Insecta,Hymenoptera,Formicidae,1.212e-05,2.8753735e-05,W,AnimalTraits
Eciton hamatum,Insecta,Hymenoptera,Formicidae,1.403e-05,3.7038709e-05,W,AnimalTraits
Eciton hamatum,Insecta,Hymenoptera,Formicidae,1.465e-05,7.2290463e-05,W,AnimalTraits
Eciton hamatum,Insecta,Hymenoptera,Formicidae,1.487e-05,4.5486134e-05,W,AnimalTraits
Eciton hamatum,Insecta,Hymenoptera,Formicidae,1.863e-05,6.9122679e-05,W,AnimalTraits
Eciton hamatum,Insecta,Hymenoptera,Formicidae,2.25e-05,8.991634e-05,W,AnimalTraits
Eciton hamatum,Insecta,Hymenoptera,Formicidae,2.382e-05,8.9591439e-05,W,AnimalTraits
Eciton hamatum,Insecta,Hymenoptera,Formicidae,2.388e-05,7.7001527e-05,W,AnimalTraits
Eciton rufa,Insecta,Hymenoptera,Formicidae,4.2e-06,1.16e-05,W,AnimalTraits
Eciton rufa,Insecta,Hymenoptera,Formicidae,5.4e-06,1.55e-05,W,AnimalTraits
Eciton rufa,Insecta,Hymenoptera,Formicidae,6.6e-06,1.37e-05,W,AnimalTraits
Eciton rufa,Insecta,Hymenoptera,Formicidae,6.6e-06,1.49e-05,W,AnimalTraits
Eciton rufa,Insecta,Hymenoptera,Formicidae,6.6e-06,1.37e-05,W,AnimalTraits
Eciton rufa,Insecta,Hymenoptera,Formicidae,6.8e-06,1.24e-05,W,AnimalTraits
Eciton rufa,Insecta,Hymenoptera,Formicidae,6.8e-06,1.1e-05,W,AnimalTraits
Eciton rufa,Insecta,Hymenoptera,Formicidae,7e-06,1.74e-05,W,AnimalTraits
Eciton rufa,Insecta,Hymenoptera,Formicidae,8.4e-06,1.53e-05,W,AnimalTraits
Eciton rufa,Insecta,Hymenoptera,Formicidae,1.09e-05,1.91e-05,W,AnimalTraits
Eciton rufa,Insecta,Hymenoptera,Formicidae,1.09e-05,1.79e-05,W,AnimalTraits
Eciton rufa,Insecta,Hymenoptera,Formicidae,1.29e-05,2.35e-05,W,AnimalTraits
Eciton rufa,Insecta,Hymenoptera,Formicidae,1.3e-05,2.91e-05,W,AnimalTraits
Eciton rufa,Insecta,Hymenoptera,Formicidae,1.31e-05,2.57e-05,W,AnimalTraits
Eciton rufa,Insecta,Hymenoptera,Formicidae,1.31e-05,2.66e-05,W,AnimalTraits
Eciton rufa,Insecta,Hymenoptera,Formicidae,1.38e-05,2.4e-05,W,AnimalTraits
Eciton rufa,Insecta,Hymenoptera,Formicidae,1.68e-05,2.3e-05,W,AnimalTraits
Eciton rufa,Insecta,Hymenoptera,Formicidae,1.69e-05,3.14e-05,W,AnimalTraits
Eciton rufa,Insecta,Hymenoptera,Formicidae,1.72e-05,2.09e-05,W,AnimalTraits
Eciton rufa,Insecta,Hymenoptera,Formicidae,1.93e-05,3.42e-05,W,AnimalTraits
Messor capensis,Insecta,Hymenoptera,Formicidae,3.5e-06,1.5273506e-05,W,AnimalTraits
Messor capensis,Insecta,Hymenoptera,Formicidae,4.5e-06,5.2325902e-06,W,AnimalTraits
Messor capensis,Insecta,Hymenoptera,Formicidae,4.8e-06,1.5980613e-05,W,AnimalTraits
Messor capensis,Insecta,Hymenoptera,Formicidae,5.9e-06,1.2020815e-05,W,AnimalTraits
Messor capensis,Insecta,Hymenoptera,Formicidae,6.5e-06,4.3416356e-05,W,AnimalTraits
Messor capensis,Insecta,Hymenoptera,Formicidae,6.6e-06,9.0509668e-06,W,AnimalTraits
Messor capensis,Insecta,Hymenoptera,Formicidae,6.6e-06,2.2344574e-05,W,AnimalTraits
Messor capensis,Insecta,Hymenoptera,Formicidae,7.1e-06,7.2124892e-06,W,AnimalTraits
Messor capensis,Insecta,Hymenoptera,Formicidae,7.6e-06,3.1112698e-06,W,AnimalTraits
Messor capensis,Insecta,Hymenoptera,Formicidae,8.1e-06,6.2225397e-06,W,AnimalTraits
Messor capensis,Insecta,Hymenoptera,Formicidae,8.4e-06,5.6568542e-06,W,AnimalTraits
Messor capensis,Insecta,Hymenoptera,Formicidae,9.2e-06,4.0729351e-05,W,AnimalTraits
Messor capensis,Insecta,Hymenoptera,Formicidae,9.5e-06,3.648671e-05,W,AnimalTraits
Messor capensis,Insecta,Hymenoptera,Formicidae,9.9e-06,8.9095454e-06,W,AnimalTraits
Messor capensis,Insecta,Hymenoptera,Formicidae,9.9e-06,1.7253405e-05,W,AnimalTraits
Messor capensis,Insecta,Hymenoptera,Formicidae,9.9e-06,2.2061732e-05,W,AnimalTraits
Messor capensis,Insecta,Hymenoptera,Formicidae,9.9e-06,2.1637468e-05,W,AnimalTraits
Messor capensis,Insecta,Hymenoptera,Formicidae,1.04e-05,1.3717872e-05,W,AnimalTraits
Messor capensis,Insecta,Hymenoptera,Formicidae,1.05e-05,6.7882251e-06,W,AnimalTraits
Messor capensis,Insecta,Hymenoptera,Formicidae,1.07e-05,9.8994949e-06,W,AnimalTraits
Messor capensis,Insecta,Hymenoptera,Formicidae,1.07e-05,7.4811897e-05,W,AnimalTraits
Messor capensis,Insecta,Hymenoptera,Formicidae,1.09e-05,7.2124892e-06,W,AnimalTraits
Messor capensis,Insecta,Hymenoptera,Formicidae,1.1e-05,4.6527626e-05,W,AnimalTraits
Messor capensis,Insecta,Hymenoptera,Formicidae,1.1e-05,2.2203153e-05,W,AnimalTraits
Messor capensis,Insecta,Hymenoptera,Formicidae,1.14e-05,7.9195959e-06,W,AnimalTraits
Messor capensis,Insecta,Hymenoptera,Formicidae,1.16e-05,3.0829856e-05,W,AnimalTraits
Messor capensis,Insecta,Hymenoptera,Formicidae,1.21e-05,1.0040916e-05,W,AnimalTraits
Messor capensis,Insecta,Hymenoptera,Formicidae,1.22e-05,3.8183766e-05,W,AnimalTraits
Messor capensis,Insecta,Hymenoptera,Formicidae,1.23e-05,2.4607316e-05,W,AnimalTraits
Messor capensis,Insecta,Hymenoptera,Formicidae,1.26e-05,6.0811183e-06,W,AnimalTraits
Messor capensis,Insecta,Hymenoptera,Formicidae,1.29e-05,4.7234733e-05,W,AnimalTraits
Messor capensis,Insecta,Hymenoptera,Formicidae,1.36e-05,4.7376154e-05,W,AnimalTraits
Messor capensis,Insecta,Hymenoptera,Formicidae,1.36e-05,6.052834e-05,W,AnimalTraits
Messor capensis,Insecta,Hymenoptera,Formicidae,1.37e-05,1.5273506e-05,W,AnimalTraits
Messor capensis,Insecta,Hymenoptera,Formicidae,1.4e-05,7.6226111e-05,W,AnimalTraits
Messor capensis,Insecta,Hymenoptera,Formicidae,1.58e-05,9.8146421e-05,W,AnimalTraits
Messor capensis,Insecta,Hymenoptera,Formicidae,1.63e-05,1.4990664e-05,W,AnimalTraits
Messor capensis,Insecta,Hymenoptera,Formicidae,1.84e-05,0.00010903587,W,AnimalTraits
Messor capensis,Insecta,Hymenoptera,Formicidae,1.91e-05,2.0930361e-05,W,AnimalTraits
Messor capensis,Insecta,Hymenoptera,Formicidae,1.95e-05,3.2668333e-05,W,AnimalTraits
Messor capensis,Insecta,Hymenoptera,Formicidae,1.98e-05,6.1659711e-05,W,AnimalTraits
Messor capensis,Insecta,Hymenoptera,Formicidae,2.14e-05,0.00010493465,W,AnimalTraits
Messor capensis,Insecta,Hymenoptera,Formicidae,2.33e-05,3.4223968e-05,W,AnimalTraits
Messor capensis,Insecta,Hymenoptera,Formicidae,2.36e-05,7.1134942e-05,W,AnimalTraits
Messor capensis,Insecta,Hymenoptera,Formicidae,2.48e-05,8.6125606e-05,W,AnimalTraits
Messor capensis,Insecta,Hymenoptera,Formicidae,2.55e-05,5.2325902e-05,W,AnimalTraits
Messor capensis,Insecta,Hymenoptera,Formicidae,2.75e-05,5.4871486e-05,W,AnimalTraits
Messor capensis,Insecta,Hymenoptera,Formicidae,3.22e-05,0.00011327851,W,AnimalTraits
Messor capensis,Insecta,Hymenoptera,Formicidae,4.34e-05,0.00022174869,W,AnimalTraits
Messor pergandei,Insecta,Hymenoptera,Formicidae,1.33e-06,5.3033009e-06,W,AnimalTraits
Messor pergandei,Insecta,Hymenoptera,Formicidae,1.55e-06,6.4346717e-06,W,AnimalTraits
Messor pergandei,Insecta,Hymenoptera,Formicidae,1.71e-06,7.2831998e-06,W,AnimalTraits
Messor pergandei,Insecta,Hymenoptera,Formicidae,2.44e-06,7.0710678e-06,W,AnimalTraits
Messor pergandei,Insecta,Hymenoptera,Formicidae,2.54e-06,9.9702056e-06,W,AnimalTraits
Messor pergandei,Insecta,Hymenoptera,Formicidae,2.77e-06,1.0889444e-05,W,AnimalTraits
Messor pergandei,Insecta,Hymenoptera,Formicidae,3.16e-06,8.9095454e-06,W,AnimalTraits
Messor pergandei,Insecta,Hymenoptera,Formicidae,3.18e-06,9.5459415e-06,W,AnimalTraits
Messor pergandei,Insecta,Hymenoptera,Formicidae,3.29e-06,9.3338095e-06,W,AnimalTraits
Messor pergandei,Insecta,Hymenoptera,Formicidae,3.83e-06,9.1923882e-06,W,AnimalTraits
Messor pergandei,Insecta,Hymenoptera,Formicidae,5.27e-06,1.6829141e-05,W,AnimalTraits
Messor pergandei,Insecta,Hymenoptera,Formicidae,5.27e-06,1.668772e-05,W,AnimalTraits
Messor pergandei,Insecta,Hymenoptera,Formicidae,6.1e-06,1.3788582e-05,W,AnimalTraits
Messor pergandei,Insecta,Hymenoptera,Formicidae,6.24e-06,1.4212846e-05,W,AnimalTraits
Messor pergandei,Insecta,Hymenoptera,Formicidae,6.26e-06,1.2162237e-05,W,AnimalTraits
Messor pergandei,Insecta,Hymenoptera,Formicidae,7.61e-06,1.2798633e-05,W,AnimalTraits
Messor pergandei,Insecta,Hymenoptera,Formicidae,7.88e-06,1.3930004e-05,W,AnimalTraits
Messor pergandei,Insecta,Hymenoptera,Formicidae,8.41e-06,2.3546656e-05,W,AnimalTraits
Messor pergandei,Insecta,Hymenoptera,Formicidae,8.63e-06,2.0293965e-05,W,AnimalTraits
Messor pergandei,Insecta,Hymenoptera,Formicidae,8.7e-06,1.4778532e-05,W,AnimalTraits
Messor pergandei,Insecta,Hymenoptera,Formicidae,9.7e-06,2.2556706e-05,W,AnimalTraits
Cicindela repanda,Insecta,Coleoptera,Carabidae,8.5e-05,0.00018888889,W,AnimalTraits
Cicindela repanda,Insecta,Coleoptera,Carabidae,5.9e-05,8.8888889e-05,W,AnimalTraits
Cicindela repanda,Insecta,Coleoptera,Carabidae,5.5e-05,0.00011666667,W,AnimalTraits
Cicindela repanda,Insecta,Coleoptera,Carabidae,6.9e-05,0.00013888889,W,AnimalTraits
Cicindela repanda,Insecta,Coleoptera,Carabidae,4.9e-05,0.00012222222,W,AnimalTraits
Myrmecotypus rettenmeyeri,Arachnida,Araneae,Corinnidae,2.18e-05,3.2561394e-05,W,AnimalTraits
Clubiona barroana,Arachnida,Araneae,Clubionidae,3.5e-05,4.9908397e-05,W,AnimalTraits
Camponotus sericeiventris,Insecta,Hymenoptera,Formicidae,4.02e-05,7.3105423e-05,W,AnimalTraits
Leptogenys nitida,Insecta,Hymenoptera,Formicidae,1.71e-06,5.9973969e-06,W,AnimalTraits
Leptogenys nitida,Insecta,Hymenoptera,Formicidae,1.71e-06,5.5746e-06,W,AnimalTraits
Leptogenys nitida,Insecta,Hymenoptera,Formicidae,1.71e-06,2.1764747e-06,W,AnimalTraits
Leptogenys nitida,Insecta,Hymenoptera,Formicidae,1.71e-06,4.62555e-06,W,AnimalTraits
Leptogenys schwabi,Insecta,Hymenoptera,Formicidae,8.47e-06,7.9057367e-06,W,AnimalTraits
Leptogenys schwabi,Insecta,Hymenoptera,Formicidae,8.47e-06,2.46477e-05,W,AnimalTraits
Leptogenys schwabi,Insecta,Hymenoptera,Formicidae,8.47e-06,1.6230717e-05,W,AnimalTraits
Leptogenys schwabi,Insecta,Hymenoptera,Formicidae,8.47e-06,2.00739e-05,W,AnimalTraits
Leptogenys attenuata,Insecta,Hymenoptera,Formicidae,5.38e-06,2.14662e-05,W,AnimalTraits
Acheta domesticus,Insecta,Orthoperta,Gryllidae,0.000369,0.00112135,W,AnimalTraits
Encoptolophus sordidus,Insecta,Orthoptera,Acrididae,5.82e-05,0.00045557667,W,AnimalTraits
Hophlosphyrum griseus,Insecta,Orthoptera,Gryllidae,3.84e-05,5.9390894e-05,W,AnimalTraits
Hophlosphyrum griseus,Insecta,Orthoptera,Gryllidae,4.22e-05,8.6958328e-05,W,AnimalTraits
Hophlosphyrum griseus,Insecta,Orthoptera,Gryllidae,3.62e-05,8.2895759e-05,W,AnimalTraits
Circellium bacchus,Insecta,Coleoptera,Scarabaeidae,0.006836,0.013423,W,AnimalTraits
Pachylomerus femoralis,Insecta,Coleoptera,Scarabaeidae,0.004915,0.0085099703,W,AnimalTraits
Aphodius distinctus,Insecta,Coleoptera,Scarabaeidae,7.8e-06,0.00010333333,W,AnimalTraits
Aphodius prodromus,Insecta,Coleoptera,Scarabaeidae,1.38e-05,0.00016444444,W,AnimalTraits
Aphodius contaminatus,Insecta,Coleoptera,Scarabaeidae,1.45e-05,0.00011333333,W,AnimalTraits
Aphodius rufus,Insecta,Coleoptera,Scarabaeidae,2.09e-05,0.00016777778,W,AnimalTraits
Aphodius fimetarius,Insecta,Coleoptera,Scarabaeidae,3.09e-05,0.00018444444,W,AnimalTraits
Aphodius rufipes,Insecta,Coleoptera,Scarabaeidae,9.12e-05,0.00065444444,W,AnimalTraits
Aphodius fossor,Insecta,Coleoptera,Scarabaeidae,0.0001288,0.00073444444,W,AnimalTraits
Periplaneta americana,Insecta,Blattodea,Blattidae,0.0009,0.00096459612,W,AnimalTraits
Calosoma affine,Insecta,Coleoptera,Carabidae,0.00062,0.00077524947,W,AnimalTraits
Teleogryllus commodus,Insecta,Orthoptera,Gryllidae,0.00095,0.0056000163,W,AnimalTraits
Manduca rustica,Insecta,Lepidoptera,Sphingidae,0.002916,0.0056924385,W,AnimalTraits
Manduca rustica,Insecta,Lepidoptera,Sphingidae,0.002704,0.0084620779,W,AnimalTraits
Manduca corallina,Insecta,Lepidoptera,Sphingidae,0.001307,0.0027887843,W,AnimalTraits
Manduca corallina,Insecta,Lepidoptera,Sphingidae,0.001294,0.0030695773,W,AnimalTraits
Manduca corallina,Insecta,Lepidoptera,Sphingidae,0.001388,0.0021123286,W,AnimalTraits
Manduca corallina,Insecta,Lepidoptera,Sphingidae,0.002484,0.0057052018,W,AnimalTraits
Manduca lefeburei,Insecta,Lepidoptera,Sphingidae,0.000571,0.0009763936,W,AnimalTraits
Protambulyx strigilis,Insecta,Lepidoptera,Sphingidae,0.000901,0.0024058849,W,AnimalTraits
Protambulyx strigilis,Insecta,Lepidoptera,Sphingidae,0.001124,0.0026292429,W,AnimalTraits
Protambulyx strigilis,Insecta,Lepidoptera,Sphingidae,0.001261,0.0020931837,W,AnimalTraits
Erinnyis oenotrus,Insecta,Lepidoptera,Sphingidae,0.000964,0.0038162312,W,AnimalTraits
Erinnyis ello,Insecta,Lepidoptera,Sphingidae,0.00121,0.0043650537,W,AnimalTraits
Pachylia ficus,Insecta,Lepidoptera,Sphingidae,0.003225,0.0053988823,W,AnimalTraits
Madoryx oeclus,Insecta,Lepidoptera,Sphingidae,0.001494,0.0060115214,W,AnimalTraits
Madoryx oeclus,Insecta,Lepidoptera,Sphingidae,0.001904,0.0053223024,W,AnimalTraits
Perigonia lusca,Insecta,Lepidoptera,Sphingidae,0.000398,0.0013656747,W,AnimalTraits
Perigonia lusca,Insecta,Lepidoptera,Sphingidae,0.000419,0.0020038405,W,AnimalTraits
Perigonia lusca,Insecta,Lepidoptera,Sphingidae,0.000858,0.0038034679,W,AnimalTraits
Enyo ocypete,Insecta,Lepidoptera,Sphingidae,0.000575,0.001174225,W,AnimalTraits
Enyo ocypete,Insecta,Lepidoptera,Sphingidae,0.000388,0.0013337664,W,AnimalTraits
Enyo ocypete,Insecta,Lepidoptera,Sphingidae,0.000397,0.0011295534,W,AnimalTraits
Oryba achemenides,Insecta,Lepidoptera,Sphingidae,0.00223,0.0049394029,W,AnimalTraits
Oryba achemenides,Insecta,Lepidoptera,Sphingidae,0.003387,0.0078494388,W,AnimalTraits
Pachygonia drucei,Insecta,Lepidoptera,Sphingidae,0.000702,0.0015635061,W,AnimalTraits
Xylophanes libya,Insecta,Lepidoptera,Sphingidae,0.000559,0.0026930595,W,AnimalTraits
Xylophanes chiron,Insecta,Lepidoptera,Sphingidae,0.000708,0.0014231096,W,AnimalTraits
Xylophanes pluto,Insecta,Lepidoptera,Sphingidae,0.000876,0.0025590447,W,AnimalTraits
Xylophanes pluto,Insecta,Lepidoptera,Sphingidae,0.000782,0.0022080535,W,AnimalTraits
Automeris hamata,Insecta,Lepidoptera,Saturniidae,0.000564,0.002105947,W,AnimalTraits
Automeris jacunda,Insecta,Lepidoptera,Saturniidae,0.001083,0.0048500597,W,AnimalTraits
Automeris jacunda,Insecta,Lepidoptera,Saturniidae,0.00028,0.0011486984,W,AnimalTraits
Automeris jacunda,Insecta,Lepidoptera,Saturniidae,0.000252,0.00082961548,W,AnimalTraits
Automeris jacunda,Insecta,Lepidoptera,Saturniidae,0.000254,0.00044671603,W,AnimalTraits
Automeris jacunda,Insecta,Lepidoptera,Saturniidae,0.001402,0.0010848818,W,AnimalTraits
Automeris jacunda,Insecta,Lepidoptera,Saturniidae,0.001271,0.0022973967,W,AnimalTraits
Automeris jacunda,Insecta,Lepidoptera,Saturniidae,0.000412,0.001659231,W,AnimalTraits
Automeris jacunda,Insecta,Lepidoptera,Saturniidae,0.000272,0.0007657989,W,AnimalTraits
Automeris fieldi,Insecta,Lepidoptera,Saturniidae,0.000394,0.0011486984,W,AnimalTraits
Automeris zugana,Insecta,Lepidoptera,Saturniidae,0.000874,0.0014677812,W,AnimalTraits
Automeris zugana,Insecta,Lepidoptera,Saturniidae,0.000576,0.0007657989,W,AnimalTraits
Automeris zugana,Insecta,Lepidoptera,Saturniidae,0.000294,0.00057434918,W,AnimalTraits
Automeris zugana,Insecta,Lepidoptera,Saturniidae,0.000415,0.0018506807,W,AnimalTraits
Automerina auletes,Insecta,Lepidoptera,Saturniidae,0.00072,0.0019144973,W,AnimalTraits
Dirphea agis,Insecta,Lepidoptera,Saturniidae,0.000197,0.0005105326,W,AnimalTraits
Hylesia praeda,Insecta,Lepidoptera,Saturniidae,0.000139,0.0012125149,W,AnimalTraits
Hylesia praeda,Insecta,Lepidoptera,Saturniidae,0.000153,0.0005105326,W,AnimalTraits
Hylesia sp.,Insecta,Lepidoptera,Saturniidae,0.000771,0.001659231,W,AnimalTraits
Hylesia sp.,Insecta,Lepidoptera,Saturniidae,0.000332,0.0007657989,W,AnimalTraits
Hylesia sp.,Insecta,Lepidoptera,Saturniidae,6.2e-05,0.00095724863,W,AnimalTraits
Hylesia sp.,Insecta,Lepidoptera,Saturniidae,9.1e-05,0.00057434918,W,AnimalTraits
Hylesia sp.,Insecta,Lepidoptera,Saturniidae,6.1e-05,0.00019144973,W,AnimalTraits
Hylesia sp.,Insecta,Lepidoptera,Saturniidae,8.8e-05,0.00044671603,W,AnimalTraits
Hylesia sp.,Insecta,Lepidoptera,Saturniidae,0.000269,0.00044671603,W,AnimalTraits
Hyperchirica nausica,Insecta,Lepidoptera,Saturniidae,0.000216,0.0011486984,W,AnimalTraits
Hyperchirica nausica,Insecta,Lepidoptera,Saturniidae,0.000183,0.0005105326,W,AnimalTraits
Eacles imperialis,Insecta,Lepidoptera,Saturniidae,0.00112,0.002999379,W,AnimalTraits
Eacles imperialis,Insecta,Lepidoptera,Saturniidae,0.000838,0.0026802962,W,AnimalTraits
Eacles imperialis,Insecta,Lepidoptera,Saturniidae,0.001357,0.0047224266,W,AnimalTraits
Sphingicampa quadrilineata,Insecta,Lepidoptera,Saturniidae,0.000818,0.0022527251,W,AnimalTraits
Syssphinx molina,Insecta,Lepidoptera,Saturniidae,0.002205,0.0045501218,W,AnimalTraits
Syssphinx molina,Insecta,Lepidoptera,Saturniidae,0.001436,0.003280172,W,AnimalTraits
Syssphinx molina,Insecta,Lepidoptera,Saturniidae,0.00163,0.0062029711,W,AnimalTraits
Adeloneivaia subungulata,Insecta,Lepidoptera,Saturniidae,0.000487,0.0019527872,W,AnimalTraits
Adeloneivaia boisduvalii,Insecta,Lepidoptera,Saturniidae,0.001648,0.0020548937,W,AnimalTraits
Adeloneivaia boisduvalii,Insecta,Lepidoptera,Saturniidae,0.001381,0.0023867399,W,AnimalTraits
Adeloneivaia boisduvalii,Insecta,Lepidoptera,Saturniidae,0.000427,0.0020421304,W,AnimalTraits
Adeloneivaia boisduvalii,Insecta,Lepidoptera,Saturniidae,0.000694,0.0013401481,W,AnimalTraits
Adeloneivaia boisduvalii,Insecta,Lepidoptera,Saturniidae,0.00102,0.001659231,W,AnimalTraits
Neocossus sp.,Insecta,Lepidoptera,Cossidae,0.001737,0.0076643707,W,AnimalTraits
Neocossus sp.,Insecta,Lepidoptera,Cossidae,0.001607,0.0039821543,W,AnimalTraits
Neocossus sp.,Insecta,Lepidoptera,Cossidae,0.003107,0.0046713733,W,AnimalTraits
Neocossus sp.,Insecta,Lepidoptera,Cossidae,0.000856,0.0017102842,W,AnimalTraits
Neocossus sp.,Insecta,Lepidoptera,Cossidae,0.001624,0.0017804825,W,AnimalTraits
Neocossus sp.,Insecta,Lepidoptera,Cossidae,0.001146,0.0031844471,W,AnimalTraits
Neocossus sp.,Insecta,Lepidoptera,Cossidae,0.001872,0.0033312252,W,AnimalTraits
Neocossus sp.,Insecta,Lepidoptera,Cossidae,0.002224,0.0075431192,W,AnimalTraits
Megalpyge sp.,Insecta,Lepidoptera,Megalpygidae,0.000627,0.0016464676,W,AnimalTraits
Lirimiris sp.,Insecta,Lepidoptera,Notodontidae,0.000564,0.001863444,W,AnimalTraits
Hapigia simplex,Insecta,Lepidoptera,Notodontidae,0.000478,0.0016719943,W,AnimalTraits
Apetaloides firmiana,Insecta,Lepidoptera,Notodontidae,0.000169,0.00087428708,W,AnimalTraits
Euglyphis sp.,Insecta,Lepidoptera,Lasiocampidae,8.7e-05,0.00043395271,W,AnimalTraits
Artace sp.,Insecta,Lepidoptera,Lasiocampidae,0.000119,0.00026802962,W,AnimalTraits
Artace sp.,Insecta,Lepidoptera,Lasiocampidae,0.000145,0.00042757105,W,AnimalTraits
Diceroprocta apache,Insecta,Hemiptera,Cicadidae,0.000622,0.0015393715,W,AnimalTraits
Gromphadorhina portentosa,Insecta,Blattodea,Blaberidae,0.00495,0.005225,W,AnimalTraits
Myrmica rubra,Insecta,Hymenoptera,Formicidae,9.2e-07,6.6955556e-06,W,AnimalTraits
Tetramorium caespitum,Insecta,Hymenoptera,Formicidae,2.3e-07,2.3894444e-06,W,AnimalTraits
Camponotus herculeanus,Insecta,Hymenoptera,Formicidae,6.71e-06,7.5301111e-05,W,AnimalTraits
Lasius niger,Insecta,Hymenoptera,Formicidae,5.8e-07,5.9611111e-06,W,AnimalTraits
Lasius alienus,Insecta,Hymenoptera,Formicidae,4.6e-07,6.0055556e-06,W,AnimalTraits
Lasius flavus,Insecta,Hymenoptera,Formicidae,8.6e-07,1.1323333e-05,W,AnimalTraits
Formica exsecta,Insecta,Hymenoptera,Formicidae,1.35e-06,2.1675e-05,W,AnimalTraits
Formica pratensis,Insecta,Hymenoptera,Formicidae,2.39e-06,3.0937222e-05,W,AnimalTraits
Formica fusca,Insecta,Hymenoptera,Formicidae,1.47e-06,9.555e-06,W,AnimalTraits
Drosophila nikkananu,Insecta,Diptera,Drosophilidae,4.9e-07,1.0765964e-05,W,AnimalTraits
Drosophila melanogaster,Insecta,Diptera,Drosophilidae,9.5e-07,2.4323303e-05,W,AnimalTraits
Drosophila virilis,Insecta,Diptera,Drosophilidae,1.67e-06,3.3410751e-05,W,AnimalTraits
Drosophila mimica,Insecta,Diptera,Drosophilidae,2.44e-06,3.3415515e-05,W,AnimalTraits
Camponotus vicinus,Insecta,Hymenoptera,Formicidae,0.0001074,0.00014548858,W,AnimalTraits
Onymacris unguicularis,Insecta,Coleoptera,Tenebrionidae,0.000737,0.00018015556,W,AnimalTraits
Anax junius,Insecta,Odonata,Aeschnidae,0.001019,0.0040855058,W,AnimalTraits
Brachymesia gravida,Insecta,Odonata,Libellulidae,0.000344,0.0015320647,W,AnimalTraits
Erythemis simplicicollis,Insecta,Odonata,Libellulidae,0.000263,0.00086424162,W,AnimalTraits
Erythrodiplax berenice,Insecta,Odonata,Libellulidae,0.000125,0.00043212081,W,AnimalTraits
Erythrodiplax connata,Insecta,Odonata,Libellulidae,5.2e-05,0.00018856181,W,AnimalTraits
Erythrodiplax connata,Insecta,Odonata,Libellulidae,4.9e-05,0.0002710576,W,AnimalTraits
Erythrodiplax connata,Insecta,Odonata,Libellulidae,4.9e-05,0.00027498597,W,AnimalTraits
Libellula auripennis,Insecta,Odonata,Libellulidae,0.000464,0.0013749299,W,AnimalTraits
Libellula needhami,Insecta,Odonata,Libellulidae,0.000518,0.0016499158,W,AnimalTraits
Libellula spp. (combined),Insecta,Odonata,Libellulidae,0.000419,0.0012570787,W,AnimalTraits
Libellula spp. (combined),Insecta,Odonata,Libellulidae,0.000491,0.0015320647,W,AnimalTraits
Libellula spp. (combined),Insecta,Odonata,Libellulidae,0.000443,0.0015713484,W,AnimalTraits
Miathyria marcella,Insecta,Odonata,Libellulidae,0.000171,0.00075424723,W,AnimalTraits
Miathyria marcella,Insecta,Odonata,Libellulidae,0.000184,0.0010999439,W,AnimalTraits
Miathyria marcella,Insecta,Odonata,Libellulidae,0.000172,0.0010213765,W,AnimalTraits
Pachydiplax longipennis,Insecta,Odonata,Libellulidae,0.0002,0.00053333333,W,AnimalTraits
Pachydiplax longipennis,Insecta,Odonata,Libellulidae,0.000186,0.00062068262,W,AnimalTraits
Pachydiplax longipennis,Insecta,Odonata,Libellulidae,0.0002,0.00077777778,W,AnimalTraits
Pachydiplax longipennis,Insecta,Odonata,Libellulidae,0.00019,0.00070710678,W,AnimalTraits
Pachydiplax longipennis,Insecta,Odonata,Libellulidae,0.000187,0.00075,W,AnimalTraits
Pachydiplax longipennis,Insecta,Odonata,Libellulidae,0.000192,0.00084459977,W,AnimalTraits
Pantala flavescens,Insecta,Odonata,Libellulidae,0.000339,0.0016499158,W,AnimalTraits
Perithemis tenera,Insecta,Odonata,Libellulidae,6.1e-05,0.00032605479,W,AnimalTraits
Tramea carolina,Insecta,Odonata,Libellulidae,0.000383,0.001767767,W,AnimalTraits
Porcellio laevis,Malacostraca,Isopoda,Porcellionidae,1.409e-05,0.00025201111,W,AnimalTraits
Porcellio laevis,Malacostraca,Isopoda,Porcellionidae,1.799e-05,0.00033081111,W,AnimalTraits
Trichoniscus pusillus,Malacostraca,Isopoda,Trichoniscidae,6e-07,2e-06,W,AnimalTraits
Trichoniscus pusillus,Malacostraca,Isopoda,Trichoniscidae,6e-07,2.2222222e-06,W,AnimalTraits
Trichoniscus pusillus,Malacostraca,Isopoda,Trichoniscidae,7e-07,1.3333333e-06,W,AnimalTraits
Trichoniscus pusillus,Malacostraca,Isopoda,Trichoniscidae,6.8e-07,1.5555556e-06,W,AnimalTraits
Trichoniscus pusillus,Malacostraca,Isopoda,Trichoniscidae,6.8e-07,1.5555556e-06,W,AnimalTraits
Trichoniscus pusillus,Malacostraca,Isopoda,Trichoniscidae,7e-07,2e-06,W,AnimalTraits
Trichoniscus pusillus,Malacostraca,Isopoda,Trichoniscidae,6.8e-07,1.1111111e-06,W,AnimalTraits
Trichoniscus pusillus,Malacostraca,Isopoda,Trichoniscidae,7.8e-07,1.7777778e-06,W,AnimalTraits
Trichoniscus pusillus,Malacostraca,Isopoda,Trichoniscidae,1.2e-06,2e-06,W,AnimalTraits
Trichoniscus pusillus,Malacostraca,Isopoda,Trichoniscidae,1.17e-06,4.2222222e-06,W,AnimalTraits
Trichoniscus pusillus,Malacostraca,Isopoda,Trichoniscidae,1.2e-06,3.1111111e-06,W,AnimalTraits
Trichoniscus pusillus,Malacostraca,Isopoda,Trichoniscidae,1.2e-06,3.5555556e-06,W,AnimalTraits
Trichoniscus pusillus,Malacostraca,Isopoda,Trichoniscidae,1.33e-06,2.8888889e-06,W,AnimalTraits
Trichoniscus pusillus,Malacostraca,Isopoda,Trichoniscidae,1.3e-06,2.4444444e-06,W,AnimalTraits
Trichoniscus pusillus,Malacostraca,Isopoda,Trichoniscidae,1.3e-06,1.5555556e-06,W,AnimalTraits
Trichoniscus pusillus,Malacostraca,Isopoda,Trichoniscidae,1.37e-06,2e-06,W,AnimalTraits
Trichoniscus pusillus,Malacostraca,Isopoda,Trichoniscidae,1.37e-06,4.4444444e-06,W,AnimalTraits
Trichoniscus pusillus,Malacostraca,Isopoda,Trichoniscidae,1.5e-06,3.5555556e-06,W,AnimalTraits
Trichoniscus pusillus,Malacostraca,Isopoda,Trichoniscidae,1.6e-06,4e-06,W,AnimalTraits
Trichoniscus pusillus,Malacostraca,Isopoda,Trichoniscidae,1.7e-06,7.3333333e-06,W,AnimalTraits
Trichoniscus pusillus,Malacostraca,Isopoda,Trichoniscidae,1.8e-06,6.8888889e-06,W,AnimalTraits
Trichoniscus pusillus,Malacostraca,Isopoda,Trichoniscidae,1.9e-06,1.1333333e-05,W,AnimalTraits
Trichoniscus pusillus,Malacostraca,Isopoda,Trichoniscidae,1.9e-06,5.7777778e-06,W,AnimalTraits
Trichoniscus pusillus,Malacostraca,Isopoda,Trichoniscidae,2e-06,5.5555556e-06,W,AnimalTraits
Trichoniscus pusillus,Malacostraca,Isopoda,Trichoniscidae,2e-06,3.1111111e-06,W,AnimalTraits
Trichoniscus pusillus,Malacostraca,Isopoda,Trichoniscidae,2.1e-06,1.0222222e-05,W,AnimalTraits
Microtus nivalis,Mammalia,Rodentia,Cricetidae,0.0333,0.7067,W,AnimalTraits
Zapus hudsonius,Mammalia,Rodentia,Dipodidae,0.03,0.25,W,AnimalTraits
Perognathus californicus,Mammalia,Rodentia,Heteromyodae,0.022,0.11855556,W,AnimalTraits
Myopus schisticolor,Mammalia,Rodentia,Cricetidae,0.0282,0.5546,W,AnimalTraits
Fukomys mechowi,Mammalia,Rodentia,Bathyergidae,0.267,0.89,W,AnimalTraits
Microtus breweri,Mammalia,Rodentia,Cricetidae,0.0531,0.40944444,W,AnimalTraits
Microtus pennsylvanicus,Mammalia,Rodentia,Cricetidae,0.0447,0.44666667,W,AnimalTraits
Octomys mimax,Mammalia,Rodentia,Octodontidae,0.1186,0.63912222,W,AnimalTraits
Tympanoctomys barrerae,Mammalia,Rodentia,Octodontidae,0.0518,0.35972222,W,AnimalTraits
Tympanoctomys barrerae,Mammalia,Rodentia,Octodontidae,0.091,0.455,W,AnimalTraits
Georychus capensis,Mammalia,Rodentia,Bathyergidae,0.1065,0.852,W,AnimalTraits
Georychus capensis,Mammalia,Rodentia,Bathyergidae,0.1113,0.61833333,W,AnimalTraits
Georychus capensis,Mammalia,Rodentia,Bathyergidae,0.1091,0.66672222,W,AnimalTraits
Georychus capensis,Mammalia,Rodentia,Bathyergidae,0.1129,0.5645,W,AnimalTraits
Georychus capensis,Mammalia,Rodentia,Bathyergidae,0.1121,0.64768889,W,AnimalTraits
Georychus capensis,Mammalia,Rodentia,Bathyergidae,0.1186,0.75113333,W,AnimalTraits
Georychus capensis,Mammalia,Rodentia,Bathyergidae,0.1192,0.76817778,W,AnimalTraits
Georychus capensis,Mammalia,Rodentia,Bathyergidae,0.1159,0.79842222,W,AnimalTraits
Georychus capensis,Mammalia,Rodentia,Bathyergidae,0.28,2.38,W,AnimalTraits
Gerbillus allenbyi,Mammalia,Rodentia,Muridae,0.0353,0.21572222,W,AnimalTraits
Gerbillus nanus,Mammalia,Rodentia,Muridae,0.0284,0.12306667,W,AnimalTraits
Cryptomys sp.,Mammalia,Rodentia,Bathyergidae,0.0819,0.5096,W,AnimalTraits
Fukomys damarensis,Mammalia,Rodentia,Bathyergidae,0.124,0.39266667,W,AnimalTraits
Aepyprymnus rufescens,Mammalia,Diprotodontia,Potoroidae,2.82,5.9784,W,AnimalTraits
Eutamias minimus borealis,Mammalia,Rodentia,Sciuridae,0.0493,0.5,W,AnimalTraits
Eutamias minimus oreocetes,Mammalia,Rodentia,Sciuridae,0.0458,0.44444444,W,AnimalTraits
Eutamias amoenus luteiventris,Mammalia,Rodentia,Sciuridae,0.0573,0.48888889,W,AnimalTraits
Otospermophilus beecheyi,Mammalia,Rodentia,Sciuridae,0.5996,1.7654889,W,AnimalTraits
Erinaceus concolor,Mammalia,Eulipotyphla,Erinaceidae,0.8227,1.9287744,W,AnimalTraits
Spalax ehrenbergi,Mammalia,Rodentia,Spalacidae,0.104,0.59511111,W,AnimalTraits
Spalax ehrenbergi,Mammalia,Rodentia,Spalacidae,0.128,0.61155556,W,AnimalTraits
Spalax ehrenbergi,Mammalia,Rodentia,Spalacidae,0.117,0.5525,W,AnimalTraits
Spalax ehrenbergi,Mammalia,Rodentia,Spalacidae,0.124,0.59933333,W,AnimalTraits
Spalax ehrenbergi,Mammalia,Rodentia,Spalacidae,0.121,0.41677778,W,AnimalTraits
Rhinonicteris aurantia,Mammalia,Chiroptera,Hipposideridae,0.00827,0.090051111,W,AnimalTraits
Miniopterus schreibersii,Mammalia,Chiroptera,Miniopteridae,0.01091,0.14425444,W,AnimalTraits
Miniopterus gigas,Mammalia,Chiroptera,Miniopteridae,0.1072,0.52408889,W,AnimalTraits
Elephantulus rozeti,Mammalia,Macroscelidea,Macroscelididae,0.04531,0.26556694,W,AnimalTraits
Elephantulus myurus,Mammalia,Macroscelidea,Macroscelididae,0.06297,0.3683745,W,AnimalTraits
Macroderma gigas,Mammalia,Chiroptera,Megadermatidae,0.15,0.78333333,W,AnimalTraits
Perognathus longimembris,Mammalia,Rodentia,Heteromyidae,0.00823,0.048922778,W,AnimalTraits
Perognathus hispidus,Mammalia,Rodentia,Heteromyidae,0.0395,0.27430556,W,AnimalTraits
Tamias striatus,Mammalia,Rodentia,Sciuridae,0.0874,0.50012222,W,AnimalTraits
Cynomys ludovicianus,Mammalia,Rodentia,Sciuridae,1.1123,2.3666667,W,AnimalTraits
Tragulus javanicus,Mammalia,Artiodactyla,Tragulidae,1.613,9.0776056,W,AnimalTraits
Tragulus javanicus,Mammalia,Artiodactyla,Tragulidae,1.613,8.95215,W,AnimalTraits
Equus Asinus,Mammalia,Perissodactyla,Equidae,105.5,210.64833,W,AnimalTraits
Lama glama,Mammalia,Artiodactyla,Camelidae,115,147.2,W,AnimalTraits
Madoqua kirkii,Mammalia,Artiodactyla,Bovidae,3.97,11.468889,W,AnimalTraits
Microtus oeconomus,Mammalia,Rodentia,Cricetidae,0.032,0.56,W,AnimalTraits
Dicrostonyx groenlandicus,Mammalia,Rodentia,Cricetidae,0.047,0.51333333,W,AnimalTraits
Lemmus trimucronatus,Mammalia,Rodentia,Cricetidae,0.064,0.87666667,W,AnimalTraits
Mustela rixosa,Mammalia,Carnivora,Mustelidae,0.075,0.91666667,W,AnimalTraits
Citellus undulatus,Mammalia,Rodentia,Sciuridae,0.68,3.2666667,W,AnimalTraits
Vulpes lagopus,Mammalia,Carnivora,Canidae,3.6,7.6333333,W,AnimalTraits
Ictidomys tridecemlineatus,Mammalia,Rodentia,Sciuridae,0.2338,1.00534,W,AnimalTraits
Cricetomys gambianus,Mammalia,Rodentia,Nesomyidae,1.8709,6.3402722,W,AnimalTraits
Abrothrix andinus,Mammalia,Rodentia,Cricetidae,0.0346,0.35945556,W,AnimalTraits
Abrothrix longipilis,Mammalia,Rodentia,Cricetidae,0.0423,0.3196,W,AnimalTraits
Abrothrix olivaceus,Mammalia,Rodentia,Cricetidae,0.027,0.2745,W,AnimalTraits
Auliscomys boliviensis,Mammalia,Rodentia,Cricetidae,0.0768,0.6144,W,AnimalTraits
Auliscomys micropus,Mammalia,Rodentia,Cricetidae,0.0623,0.54339444,W,AnimalTraits
Eligmodontia typus,Mammalia,Rodentia,Cricetidae,0.0175,0.16625,W,AnimalTraits
Oryzomys longicaudatus,Mammalia,Rodentia,Cricetidae,0.0282,0.28356667,W,AnimalTraits
Phyllotis darwini,Mammalia,Rodentia,Cricetidae,0.059,0.39661111,W,AnimalTraits
Myotomys unisulcatus,Mammalia,Rodentia,Muridae,0.096,0.592,W,AnimalTraits
Parotomys brantsii,Mammalia,Rodentia,Muridae,0.0865,0.46613889,W,AnimalTraits
Peropteryx macrotis,Mammalia,Chrioptera,Emballonuridae,0.0051,0.06545,W,AnimalTraits
Natalus tumidirostris,Mammalia,Chrioptera,Natalidae,0.0054,0.0462,W,AnimalTraits
Mystromys albicaudatus,Mammalia,Rodentia,Nesomyidae,0.09378,0.704392,W,AnimalTraits
Peromyscus pirrensis,Mammalia,Rodentia,Cricetidae,0.1277,0.68106667,W,AnimalTraits
Peromyscus pirrensis,Mammalia,Rodentia,Cricetidae,0.1743,0.82308333,W,AnimalTraits
Peromyscus pirrensis,Mammalia,Rodentia,Cricetidae,0.1397,0.62865,W,AnimalTraits
Peromyscus pirrensis,Mammalia,Rodentia,Cricetidae,0.1126,0.61304444,W,AnimalTraits
Peromyscus pirrensis,Mammalia,Rodentia,Cricetidae,0.1298,0.60573333,W,AnimalTraits
Peromyscus pirrensis,Mammalia,Rodentia,Cricetidae,0.1436,0.67013333,W,AnimalTraits
Tamiasciurus hudsonicus,Mammalia,Rodentia,Sciuridae,0.224,1.3564444,W,AnimalTraits
Tamiasciurus hudsonicus,Mammalia,Rodentia,Sciuridae,0.231,1.4501667,W,AnimalTraits
Raphicerus campestris,Mammalia,Artiodactyla,Bovidae,9.55,20.426389,W,AnimalTraits
Cephalophus monticola,Mammalia,Artiodactyla,Bovidae,4.15,9.9138889,W,AnimalTraits
Tatera afra,Mammalia,Rodentia,Muridae,0.1483,1.40885,W,AnimalTraits
Macroscelides proboscideus,Mammalia,Macroscelidea,Macroscelididae,0.039,0.29033333,W,AnimalTraits
Petrodromus tetradactylus,Mammalia,Macroscelidea,Macroscelididae,0.20611,0.99734339,W,AnimalTraits
Elephantulus intufi,Mammalia,Macroscelidea,Macroscelididae,0.04649,0.28888369,W,AnimalTraits
Elephantulus brachyrhynchus,Mammalia,Macroscelidea,Macroscelididae,0.0453,0.24283317,W,AnimalTraits
Geomys bursarius,Mammalia,Rodentia,Geomyidae,0.197,0.76611111,W,AnimalTraits
Ochrotomys nuttalli,Mammalia,Rodentia,Cricetidae,0.0195,0.15058333,W,AnimalTraits
Herpestes auropunctatus,Mammalia,Carnivora,Herpestidae,0.611,2.2403333,W,AnimalTraits
Phyllotis rupestris,Mammalia,Rodentia,Cricetidae,0.0555,0.3145,W,AnimalTraits
Phyllotis magister,Mammalia,Rodentia,Cricetidae,0.0628,0.40122222,W,AnimalTraits
Phyllotis darwini,Mammalia,Rodentia,Cricetidae,0.0762,0.47413333,W,AnimalTraits
Octodontomys gliroides,Mammalia,Rodentia,Octodontidae,0.152,0.72622222,W,AnimalTraits
Octodon degus,Mammalia,Rodentia,Octodontidae,0.206,1.0643333,W,AnimalTraits
Trichomys apereoides,Mammalia,Rodentia,Echimyidae,0.323,1.1484444,W,AnimalTraits
Chinchilla lanigera,Mammalia,Rodentia,Chinchillidae,0.426,1.2543333,W,AnimalTraits
Kerodon rupestris,Mammalia,Rodentia,Caviidae,0.801,1.8245,W,AnimalTraits
Myoprocta acouchy,Mammalia,Rodentia,Dasyproctidae,0.914,2.7927778,W,AnimalTraits
Dolichotis salinicola,Mammalia,Rodentia,Caviidae,1.613,4.0325,W,AnimalTraits
Dasyprocta leporina,Mammalia,Rodentia,Dasyproctidae,2.687,8.6581111,W,AnimalTraits
Dasyprocta azarae,Mammalia,Rodentia,Dasyproctidae,3.849,10.477833,W,AnimalTraits
Agouti paca,Mammalia,Rodentia,Cuniculidae,9.156,15.26,W,AnimalTraits
Hydrochaeris hydrochaeris,Mammalia,Rodentia,Caviidae,26.4,36.666667,W,AnimalTraits
Condylura cristata,Mammalia,Eulipotyphla,Talpidae,0.049,0.6125,W,AnimalTraits
Otomys sloggetti,Mammalia,Rodentia,Muridae,0.11329,0.74267889,W,AnimalTraits
Nyctophilus major,Mammalia,Chiroptera,Vespertilionidae,0.0136,0.11333333,W,AnimalTraits
Zaglossus bruijni,Mammalia,Monotremata,Tachyglossidae,13.63,6.1335,W,AnimalTraits
Tachyglossus aculeatus,Mammalia,Monotremata,Tachyglossidae,3.43,2.5153333,W,AnimalTraits
Ornithorhynchus anatinus,Mammalia,Monotremata,Ornithorhynchisae,1.32,2.662,W,AnimalTraits
Notoryctes caurinus,Mammalia,Notoryctemorphia,Notoryctidae,0.034,0.119,W,AnimalTraits
Mustela erminea,Mammalia,Carnivora,Mustelidae,0.041,0.75,W,AnimalTraits
Mustela erminea,Mammalia,Carnivora,Mustelidae,0.045,0.89333333,W,AnimalTraits
Mustela erminea,Mammalia,Carnivora,Mustelidae,0.065,0.72,W,AnimalTraits
Mustela rixosa,Mammalia,Carnivora,Mustelidae,0.071,0.91,W,AnimalTraits
Mustela rixosa,Mammalia,Carnivora,Mustelidae,0.077,1.0833333,W,AnimalTraits
Mustela rixosa,Mammalia,Carnivora,Mustelidae,0.084,0.95333333,W,AnimalTraits
Mustela erminea,Mammalia,Carnivora,Mustelidae,0.08,0.98666667,W,AnimalTraits
Mustela erminea,Mammalia,Carnivora,Mustelidae,0.085,1.4266667,W,AnimalTraits
Mustela erminea,Mammalia,Carnivora,Mustelidae,0.115,1.04,W,AnimalTraits
Mustela rixosa,Mammalia,Carnivora,Mustelidae,0.223,2.5133333,W,AnimalTraits
Mustela rixosa,Mammalia,Carnivora,Mustelidae,0.231,2.22,W,AnimalTraits
Cerdocyon thous,Mammalia,Carnivora,Canidae,6.874,10.234622,W,AnimalTraits
Cerdocyon thous,Mammalia,Carnivora,Canidae,4.354,6.7487,W,AnimalTraits
Vulpes zerda,Mammalia,Carnivora,Canidae,1.2,3.2,W,AnimalTraits
Elephantulus rufescens,Mammalia,Macroscelidae,Macroscelididae,0.053,0.31593889,W,AnimalTraits
Oxymycterus roberti,Mammalia,Rodentia,Cricetidae,0.071,0.51041111,W,AnimalTraits
Oxymycterus roberti,Mammalia,Rodentia,Cricetidae,0.096,0.47253333,W,AnimalTraits
Petrodromus tetradactylus,Mammalia,Macroscelidea,Macroscelididae,0.21,0.70933333,W,AnimalTraits
Cyclopes didactylus,Mammalia,Pilosa,Cyclopedidae,0.24,0.636,W,AnimalTraits
Myrmecobius fasciatus,Mammalia,Dasyuromorphia,Myrmecobiidae,0.4,0.79111111,W,AnimalTraits
Tachyglossus aculeatus,Mammalia,Monotremata,Tachyglossidae,2.14,1.5574444,W,AnimalTraits
Tachyglossus setosus,Mammalia,Monotremata,Tachyglossidae,3.58,3.043,W,AnimalTraits
Manis javanica,Mammalia,Phollidota,Manidae,4.22,6.1424444,W,AnimalTraits
Tamandua tetradactyla,Mammalia,Pilosa,Myrmecophagidae,3.5,4.9194444,W,AnimalTraits
Tamandua mexicana,Mammalia,Pilosa,Myrmecophagidae,4.21,4.7245556,W,AnimalTraits
Proteles cristata,Mammalia,Carnivora,Hyaenidae,7.71,10.879667,W,AnimalTraits
Zaglossus bruijni,Mammalia,Monotremata,Tachyglossidae,10.3,6.7522222,W,AnimalTraits
Myrmecophaga tridactyla,Mammalia,Pilosa,Myrmecophagidae,30.6,14.45,W,AnimalTraits
Orycteropus afer,Mammalia,Tubulidentata,Orycteropodidae,48,34.133333,W,AnimalTraits
Clethrionomys californicus,Mammalia,Rodentia,Cricetidae,0.0183,0.33956667,W,AnimalTraits
Phenacomys intermedius,Mammalia,Rodentia,Cricetidae,0.0215,0.37386111,W,AnimalTraits
Arborimus longicaudus,Mammalia,Rodentia,Cricetidae,0.0218,0.327,W,AnimalTraits
Clethrionomys gapperi,Mammalia,Rodentia,Cricetidae,0.0214,0.33645556,W,AnimalTraits
Clethrionomys gapperi,Mammalia,Rodentia,Cricetidae,0.0228,0.247,W,AnimalTraits
Microtus pinetorum,Mammalia,Rodentia,Cricetidae,0.0238,0.31072222,W,AnimalTraits
Microtus longicaudus,Mammalia,Rodentia,Cricetidae,0.0302,0.34562222,W,AnimalTraits
Lagurus curtatus,Mammalia,Rodentia,Cricetidae,0.0303,0.27943333,W,AnimalTraits
Microtus oeconomus,Mammalia,Rodentia,Cricetidae,0.0354,0.55853333,W,AnimalTraits
Microtus montanus,Mammalia,Rodentia,Cricetidae,0.0281,0.39496111,W,AnimalTraits
Microtus montanus,Mammalia,Rodentia,Cricetidae,0.0304,0.43235556,W,AnimalTraits
Microtus montanus,Mammalia,Rodentia,Cricetidae,0.0512,0.49777778,W,AnimalTraits
Lemmus sibiricus,Mammalia,Rodentia,Cricetidae,0.044,0.39111111,W,AnimalTraits
Microtus xanthognathus,Mammalia,Rodentia,Cricetidae,0.0685,0.548,W,AnimalTraits
Dicrostonyx groenlandicus,Mammalia,Rodentia,Cricetidae,0.0605,0.56802778,W,AnimalTraits
Dicrostonyx groenlandicus,Mammalia,Rodentia,Cricetidae,0.0623,0.58492778,W,AnimalTraits
Arvicola richardsoni,Mammalia,Rodentia,Cricetidae,0.08,0.96,W,AnimalTraits
Neofiber alleni,Mammalia,Rodentia,Cricetidae,0.2581,1.2044667,W,AnimalTraits
Ondatra zibethicus,Mammalia,Rodentia,Cricetidae,1.0046,3.5719111,W,AnimalTraits
Hylomys sulillus,Mammalia,Eulipotyphla,Erinnaceidae,0.0773,0.44662222,W,AnimalTraits
Mustela vison,Mammalia,Carnivora,Mustelidae,0.656,2.7185125,W,AnimalTraits
Mustela vison,Mammalia,Carnivora,Mustelidae,0.667,2.703975,W,AnimalTraits
Mustela vison,Mammalia,Carnivora,Mustelidae,0.788,3.2079417,W,AnimalTraits
Lepus arcticus,Mammalia,Lagomorpha,Leporidae,3.0044,6.0088,W,AnimalTraits
Cebuella pygmaea,Mammalia,Primates,Callitrichidae,0.096,0.52266667,W,AnimalTraits
Cebuella pygmaea,Mammalia,Primates,Callitrichidae,0.133,0.81277778,W,AnimalTraits
Neurotrichus gibbsii,Mammalia,Eulipotyphla,Talpidae,0.0118,0.25828889,W,AnimalTraits
Echinosorex gymnura,Mammalia,Eulipotyphla,Erinaceidae,0.7212,2.8046667,W,AnimalTraits
Genetta tigrina,Mammalia,Carnivora,Viverridae,1.698,4.1506667,W,AnimalTraits
Martes americana,Mammalia,Carnivora,Mustelidae,1.038,3.8117667,W,AnimalTraits
Scalopus aquaticus,Mammalia,Eulipotyphla,Talpidae,0.048,0.376,W,AnimalTraits
Spalacopus cyanus,Mammalia,Rodentia,Octodontidae,0.185,0.81194444,W,AnimalTraits
Cannomys badius,Mammalia,Rodentia,Spalacidae,0.344,0.95555556,W,AnimalTraits
Aplodontia rufa,Mammalia,Rodentia,Aplodontiidae,0.63,1.54,W,AnimalTraits
Galerella sanguinea,Mammalia,Carnivora,Herpestidae,0.54,2.28,W,AnimalTraits
Oreamnos americanus,Mammalia,Artiodactyla,Bovidae,32,46.222222,W,AnimalTraits
Eremitalpa granti,Mammalia,Afrosoricida,Chrysochloridae,0.02062,0.060388889,W,AnimalTraits
Hydromys chrysogaster,Mammalia,Rodentia,Muridae,0.77,2.541,W,AnimalTraits
Bootettix punctatus,Insecta,Orthoptera,Acrididae,2.727e-05,0.00015811898,W,AnimalTraits
Bootettix punctatus,Insecta,Orthoptera,Acrididae,6.675e-05,0.00053335297,W,AnimalTraits
Trimerotropis sp.,Insecta,Orthoptera,Acrididae,7.15e-05,0.00049041391,W,AnimalTraits
Trimerotropis sp.,Insecta,Orthoptera,Acrididae,0.0002203,0.0013483246,W,AnimalTraits
Melanoplus complanipes,Insecta,Orthoptera,Acrididae,4.206e-05,0.00027031184,W,AnimalTraits
Melanoplus complanipes,Insecta,Orthoptera,Acrididae,0.00024104,0.00088439951,W,AnimalTraits
Anconia integra,Insecta,Orthoptera,Acrididae,0.0008167,0.0034521314,W,AnimalTraits
Insara covilleae,Insecta,Orthoptera,Tettigoniidae,8.2e-05,0.00086458732,W,AnimalTraits
Insara covilleae,Insecta,Orthoptera,Tettigoniidae,0.0001032,0.002372447,W,AnimalTraits
Tanaocerus koebeli,Insecta,Orthoptera,Tanaoceridae,0.0001025,0.00064989006,W,AnimalTraits
Ceuthophilus fossor,Insecta,Orthoptera,Gryllacrididae,7.015e-05,0.00086585736,W,AnimalTraits
Eusattus dubius,Insecta,Coleoptera,Tenebrionidae,2.722e-05,0.00026240686,W,AnimalTraits
Eleodes grandicollis,Insecta,Coleoptera,Tenebrionidae,0.00052193,0.0026654351,W,AnimalTraits
Eleodes armata,Insecta,Coleoptera,Tenebrionidae,0.0004519,0.0013811296,W,AnimalTraits
Eleodes tenebrosa,Insecta,Coleoptera,Tenebrionidae,5.153e-05,0.00026032364,W,AnimalTraits
Eleodes sp.,Insecta,Coleoptera,Tenebrionidae,8.885e-05,0.00034414926,W,AnimalTraits
Euschides luctata,Insecta,Coleoptera,Tenebrionidae,8.38e-05,0.00044770859,W,AnimalTraits
Trogloderus costatus,Insecta,Coleoptera,Tenebrionidae,2.987e-05,0.00010325959,W,AnimalTraits
Anepsius brunneus,Insecta,Coleoptera,Tenebrionidae,6.15e-06,2.4449395e-05,W,AnimalTraits
Sphaeriontis dilatata,Insecta,Coleoptera,Tenebrionidae,4.6e-05,0.00018684904,W,AnimalTraits
Edrotes ventricosus,Insecta,Coleoptera,Tenebrionidae,2.435e-05,9.8908132e-05,W,AnimalTraits
Cryptoglossa verrucossa,Insecta,Coleoptera,Tenebrionidae,0.0002334,0.00038325659,W,AnimalTraits
Centrioptera muricata,Insecta,Coleoptera,Tenebrionidae,0.0001326,0.00047714623,W,AnimalTraits
Triorophus laevis,Insecta,Coleoptera,Tenebrionidae,8.46e-06,6.9126759e-05,W,AnimalTraits
Calosoma sp.,Insecta,Coleoptera,Carabidae,0.00015123,0.00074142126,W,AnimalTraits
Eucyllus vagans,Insecta,Coleoptera,Curculionidae,7.43e-06,3.1873074e-05,W,AnimalTraits
Eucyllus unicolor,Insecta,Coleoptera,Curculionidae,2.59e-06,1.3898341e-05,W,AnimalTraits
Miloderes sp.,Insecta,Coleoptera,Curculionidae,3.4e-06,8.6416305e-05,W,AnimalTraits
Ophryastes varius,Insecta,Coleoptera,Curculionidae,2.726e-05,0.00010922914,W,AnimalTraits
Smicronyx imbricata,Insecta,Coleoptera,Curculionidae,3.2e-07,2.906366e-06,W,AnimalTraits
Griburius sp.,Insecta,Coleoptera,Curculionidae,3.31e-06,6.0723581e-05,W,AnimalTraits
Griburius sp.,Insecta,Coleoptera,Curculionidae,9.42e-06,3.6117129e-05,W,AnimalTraits
Monoxia sp.,Insecta,Coleoptera,Chrysomelidae,4.63e-06,8.2175e-05,W,AnimalTraits
Saprinus sp.,Insecta,Coleoptera,Histeridae,8.21e-06,6.2375225e-05,W,AnimalTraits
Pogonomyrmex sp.,Insecta,Hemiptera,Formicidae,3.74e-06,8.9563088e-05,W,AnimalTraits
Lygus kalmii,Insecta,Hemiptera,Lygaeidae,1.017e-05,0.00013863182,W,AnimalTraits
Dendrocoris contaminatus,Insecta,Hemiptera,Pentatomidae,1.1e-05,0.00015711913,W,AnimalTraits
Phytocoris nigripubescens,Insecta,Hemiptera,Miridae,1.27e-06,2.9854363e-05,W,AnimalTraits
Slaterocoris sp.,Insecta,Hemiptera,Miridae,8.6e-07,1.6108207e-05,W,AnimalTraits
Multareoides bifuractus,Insecta,Heteroptera,Membracidae,1.34e-06,1.4928753e-05,W,AnimalTraits
Scolopendra michelbacheri,Chilopoda,Scolopendromorpha,Scolopendridae,0.0001199,0.00053506927,W,AnimalTraits
Loxosceles unicolor,Arachnida,Araneae,Loxoscelidae,1.555e-05,5.0335003e-05,W,AnimalTraits
Psilochorus utahensis,Arachnida,Araneae,Pholcidae,1.86e-06,4.1955474e-05,W,AnimalTraits
Syspira eclectica,Arachnida,Araneae,Clubionidae,5.76e-05,0.00028917839,W,AnimalTraits
Metacyrba labyrinthea,Arachnida,Araneae,Salticidae,1.12e-05,7.6996072e-05,W,AnimalTraits
Ctenophorus nuchalis,Reptilia,Squamata,Agamidae,0.0343,0.013067239,W,AnimalTraits
Mus musculus,Mammalia,Rodentia,Muridae,0.0321,0.2889,W,AnimalTraits
Sauromalus hispidus,Reptilia,Squamata,Iguanidae,0.574,0.20536935,W,AnimalTraits
Varanus gouldii,Reptilia,Squamata,Varanidae,0.674,0.30417529,W,AnimalTraits
Ptyodactylus hasselquistii,Reptilia,Squamata,Phyllodactylidae,0.0064,0.0034989919,W,AnimalTraits
Bunopus tuberculatus,Reptilia,Squamata,Gekkonidae,0.0022,0.0089731091,W,AnimalTraits
Sceloporus occidentalis,Reptilia,Squamata,Phrynosomatidae,0.0131,0.0071584699,W,AnimalTraits
Sceloporus occidentalis,Reptilia,Squamata,Phrynosomatidae,0.0152,0.0089981785,W,AnimalTraits
Sceloporus occidentalis,Reptilia,Squamata,Phrynosomatidae,0.0128,0.0095883424,W,AnimalTraits
Trachemys scripta,Reptilia,Testudines,Emydidae,0.305,0.028850194,W,AnimalTraits
Terrapene ornata,Reptilia,Testudines,Emydidae,0.354,0.028569893,W,AnimalTraits
Chelydra serpentina,Reptilia,Testudines,Chelydridae,3.473,0.18898564,W,AnimalTraits
Anniella pulchra,Reptilia,Squamata,Anniellidae,0.0045,0.0029678949,W,AnimalTraits
Homonota gaudichaudii,Reptilia,Squamata,Phyllodactylidae,0.00079,0.0007,W,AnimalTraits
Varanus giganteus,Reptilia,Squamata,Varanidae,2.496,0.59488,W,AnimalTraits
Varanus albigularis,Reptilia,Squamata,Varanidae,0.963,0.33985656,W,AnimalTraits
Uromastyx microlepis,Reptilia,Squamata,Agamidae,0.06966,0.0150543,W,AnimalTraits
Uromastyx microlepis,Reptilia,Squamata,Agamidae,0.1982,0.030060333,W,AnimalTraits
Uromastyx microlepis,Reptilia,Squamata,Agamidae,0.47596,0.062668067,W,AnimalTraits
Acrochordus arafurae,Reptilia,Squamata,Acrochordidae,1.0474,0.087705263,W,AnimalTraits
Aspidites melanocephalus,Reptilia,Squamata,Pythonidae,1.0275,0.26631671,W,AnimalTraits
Antaresia praelongus,Reptilia,Squamata,Pythonidae,0.1055,0.017925163,W,AnimalTraits
Antaresia childreni,Reptilia,Squamata,Pythonidae,0.3317,0.086211499,W,AnimalTraits
Liasis fuscus,Reptilia,Squamata,Pythonidae,1.3069,0.10435006,W,AnimalTraits
Liasis olivaceus,Reptilia,Squamata,Pythonidae,3.3232,0.39627414,W,AnimalTraits
Antaresia stimsoni,Reptilia,Squamata,Pythonidae,0.3499,0.071914048,W,AnimalTraits
Morelia spilota,Reptilia,Squamata,Pythonidae,1.5165,0.28914995,W,AnimalTraits
Morelia variegata,Reptilia,Squamata,Pythonidae,2.1735,0.20571259,W,AnimalTraits
Pseudonaja nuchalis,Reptilia,Squamata,Elapidae,0.2141,0.051214752,W,AnimalTraits
Tiliqua rugosa,Reptilia,Squamata,Scincidae,0.548,0.21857923,W,AnimalTraits
Varanus rosenbergi,Reptilia,Squamata,Varanidae,1.287,0.42349727,W,AnimalTraits
Varanus gouldii,Reptilia,Squamata,Varanidae,1.086,0.25956284,W,AnimalTraits
Varanus panoptes,Reptilia,Squamata,Varanidae,0.931,0.28688525,W,AnimalTraits
Varanus mertensi,Reptilia,Squamata,Varanidae,0.904,0.16393443,W,AnimalTraits
Anniella pulchra,Reptilia,Squamata,Anniellidae,0.00494,0.0018168222,W,AnimalTraits
Ophisaurus ventralis,Reptilia,Squamata,Anguidae,0.03217,0.0068271889,W,AnimalTraits
Trogonophis wiegmanni,Reptilia,Squamata,Trogonophidae,0.00497,0.0010795944,W,AnimalTraits
Thamnophis butleri,Reptilia,Squamata,Colubridae,0.01904,0.0062514667,W,AnimalTraits
Varanus gilleni,Reptilia,Squamata,Varanidae,0.0275,0.010214733,W,AnimalTraits
Natrix maura,Reptilia,Squamata,Colubridae,0.0225,0.0125,W,AnimalTraits
Natrix natrix,Reptilia,Squamata,Colubridae,0.0375,0.025,W,AnimalTraits
Natrix helvetica,Reptilia,Squamata,Colubridae,0.0825,0.09625,W,AnimalTraits
Cnemidophorus murinus,Reptilia,Squamata,Teiidae,0.0552,0.018505877,W,AnimalTraits
Varanus gouldii,Reptilia,Squamata,Varanidae,0.169,0.040752005,W,AnimalTraits
Varanus panoptes,Reptilia,Squamata,Varanidae,2.003,0.63330846,W,AnimalTraits
Sphaerodactylus cinereus,Reptilia,Squamata,Sphaerodactylidae,0.00054,0.00025193239,W,AnimalTraits
Sphaerodactylus notatus,Reptilia,Squamata,Sphaerodactylidae,0.00033,0.00015556242,W,AnimalTraits
Anolis sagrei,Reptilia,Squamata,Dactyloidae,0.0004,0.00039072848,W,AnimalTraits
Coleonyx switaki,Reptilia,Squamata,Eublepharidae,0.00946,0.0038891111,W,AnimalTraits
Coleonyx variegatus,Reptilia,Squamata,Eublepharidae,0.00362,0.0029362222,W,AnimalTraits
