species,order,family,mass_g,mass_kg,gestation_days,source
Camelus dromedarius,Artiodactyla,Camelidae,492714.47,492.71447,386.51,PanTHERIA_WR05
Canis adustus,Carnivora,Canidae,10392.49,10.39249,65,PanTHERIA_WR05
Canis aureus,Carnivora,Canidae,9658.7,9.6587,61.24,PanTHERIA_WR05
Canis latrans,Carnivora,Canidae,11989.1,11.9891,61.74,PanTHERIA_WR05
Canis lupus,Carnivora,Canidae,31756.51,31.75651,63.5,PanTHERIA_WR05
Bos frontalis,Artiodactyla,Bovidae,800143.05,800.14305,273.75,PanTHERIA_WR05
Bos grunniens,Artiodactyla,Bovidae,500000,500,273.75,PanTHERIA_WR05
Bos javanicus,Artiodactyla,Bovidae,635974.34,635.97434,296.78,PanTHERIA_WR05
Callicebus cupreus,Primates,Pitheciidae,1117.02,1.11702,129.25,PanTHERIA_WR05
Caluromys philander,Didelphimorphia,Didelphidae,246.47,0.24647,23.99,PanTHERIA_WR05
Camelus bactrianus,Artiodactyla,Camelidae,554515.91,554.51591,397.99,PanTHERIA_WR05
Bos taurus,Artiodactyla,Bovidae,618642.42,618.64242,280.48,PanTHERIA_WR05
Boselaphus tragocamelus,Artiodactyla,Bovidae,182253.04,182.25304,248.49,PanTHERIA_WR05
Canis mesomelas,Carnivora,Canidae,8247.3,8.2473,62.5,PanTHERIA_WR05
Canis simensis,Carnivora,Canidae,14361.86,14.36186,63.61,PanTHERIA_WR05
Cannomys badius,Rodentia,Spalacidae,472.07,0.47207,41.49,PanTHERIA_WR05
Capra caucasica,Artiodactyla,Bovidae,58149.52,58.14952,155,PanTHERIA_WR05
Capra falconeri,Artiodactyla,Bovidae,54303.37,54.30337,167.98,PanTHERIA_WR05
Capra hircus,Artiodactyla,Bovidae,47386.47,47.38647,156,PanTHERIA_WR05
Capra ibex,Artiodactyla,Bovidae,69546.83,69.54683,167.5,PanTHERIA_WR05
Atelerix algirus,Erinaceomorpha,Erinaceidae,903.98,0.90398,39.25,PanTHERIA_WR05
Atelerix frontalis,Erinaceomorpha,Erinaceidae,329.12,0.32912,37.13,PanTHERIA_WR05
Ateles belzebuth,Primates,Atelidae,6692.42,6.69242,138.2,PanTHERIA_WR05
Ateles fusciceps,Primates,Atelidae,9067.94,9.06794,224.7,PanTHERIA_WR05
Ateles geoffroyi,Primates,Atelidae,7582.4,7.5824,226.37,PanTHERIA_WR05
Ateles paniscus,Primates,Atelidae,8697.25,8.69725,228.18,PanTHERIA_WR05
Callicebus moloch,Primates,Pitheciidae,958.13,0.95813,164,PanTHERIA_WR05
Callimico goeldii,Primates,Cebidae,558,0.558,153.99,PanTHERIA_WR05
Callithrix aurita,Primates,Cebidae,386.2,0.3862,140,PanTHERIA_WR05
Callithrix flaviceps,Primates,Cebidae,372.97,0.37297,140,PanTHERIA_WR05
Callithrix jacchus,Primates,Cebidae,290.21,0.29021,144,PanTHERIA_WR05
Callithrix pygmaea,Primates,Cebidae,123.94,0.12394,134.44,PanTHERIA_WR05
Callorhinus ursinus,Carnivora,Otariidae,55464.82,55.46482,358.49,PanTHERIA_WR05
Callosciurus prevostii,Rodentia,Sciuridae,400,0.4,46.08,PanTHERIA_WR05
Calomys callosus,Rodentia,Cricetidae,44.95,0.04495,21.8,PanTHERIA_WR05
Calomys laucha,Rodentia,Cricetidae,14,0.014,25,PanTHERIA_WR05
Calomys musculinus,Rodentia,Cricetidae,20.2,0.0202,20.97,PanTHERIA_WR05
Atherurus africanus,Rodentia,Hystricidae,2875.65,2.87565,108.18,PanTHERIA_WR05
Atilax paludinosus,Carnivora,Herpestidae,3600.16,3.60016,77.27,PanTHERIA_WR05
Avahi laniger,Primates,Indriidae,1092.28,1.09228,136.15,PanTHERIA_WR05
Axis axis,Artiodactyla,Cervidae,69499.99,69.49999,227.49,PanTHERIA_WR05
Axis calamianensis,Artiodactyla,Cervidae,39812.6,39.8126,224,PanTHERIA_WR05
Axis kuhlii,Artiodactyla,Cervidae,54999.99,54.99999,227.49,PanTHERIA_WR05
Axis porcinus,Artiodactyla,Cervidae,37448.29,37.44829,220.13,PanTHERIA_WR05
Babyrousa babyrussa,Artiodactyla,Suidae,92950.09,92.95009,156.5,PanTHERIA_WR05
Balaenoptera musculus,Cetacea,Balaenopteridae,1.543213e+08,154321.3,326.97,PanTHERIA_WR05
Balaenoptera physalus,Cetacea,Balaenopteridae,47506008,47506.008,338.36,PanTHERIA_WR05
Balantiopteryx plicata,Chiroptera,Emballonuridae,6.57,0.00657,138.81,PanTHERIA_WR05
Bandicota bengalensis,Rodentia,Muridae,226.99,0.22699,18.89,PanTHERIA_WR05
Bandicota indica,Rodentia,Muridae,583.09,0.58309,20.26,PanTHERIA_WR05
Cephalophus niger,Artiodactyla,Bovidae,19094.32,19.09432,126,PanTHERIA_WR05
Cephalophus ogilbyi,Artiodactyla,Bovidae,18386.42,18.38642,121.66,PanTHERIA_WR05
Cephalophus rufilatus,Artiodactyla,Bovidae,12114.57,12.11457,233.99,PanTHERIA_WR05
Cephalophus silvicultor,Artiodactyla,Bovidae,62006.6,62.0066,234.43,PanTHERIA_WR05
Cephalophus zebra,Artiodactyla,Bovidae,15654.75,15.65475,223.89,PanTHERIA_WR05
Ceratotherium simum,Perissodactyla,Rhinocerotidae,2285939.4,2285.9394,534.19,PanTHERIA_WR05
Cercartetus concinnus,Diprotodontia,Burramyidae,15.96,0.01596,52.14,PanTHERIA_WR05
Cercocebus atys,Primates,Cercopithecidae,6941.24,6.94124,165.08,PanTHERIA_WR05
Cercocebus galeritus,Primates,Cercopithecidae,7077.66,7.07766,174.43,PanTHERIA_WR05
Cercocebus torquatus,Primates,Cercopithecidae,7293.07,7.29307,168.98,PanTHERIA_WR05
Cercopithecus ascanius,Primates,Cercopithecidae,3540.24,3.54024,148.5,PanTHERIA_WR05
Cercopithecus campbelli,Primates,Cercopithecidae,3627.73,3.62773,180.8,PanTHERIA_WR05
Cercopithecus cephus,Primates,Cercopithecidae,3444.88,3.44488,169.51,PanTHERIA_WR05
Cercopithecus mitis,Primates,Cercopithecidae,5041.29,5.04129,138.39,PanTHERIA_WR05
Cercopithecus neglectus,Primates,Cercopithecidae,5324.52,5.32452,172.07,PanTHERIA_WR05
Cercopithecus nictitans,Primates,Cercopithecidae,5256.91,5.25691,169.51,PanTHERIA_WR05
Cercopithecus pogonias,Primates,Cercopithecidae,3578.27,3.57827,169.51,PanTHERIA_WR05
Cerdocyon thous,Carnivora,Canidae,5741.66,5.74166,57.18,PanTHERIA_WR05
Cervus elaphus,Artiodactyla,Cervidae,240867.13,240.86713,235.61,PanTHERIA_WR05
Cervus nippon,Artiodactyla,Cervidae,52999.99,52.99999,223.66,PanTHERIA_WR05
Chaerephon plicatus,Chiroptera,Molossidae,21.83,0.02183,88.64,PanTHERIA_WR05
Chaerephon pumilus,Chiroptera,Molossidae,10.98,0.01098,62.57,PanTHERIA_WR05
Chaetodipus californicus,Rodentia,Heteromyidae,23.01,0.02301,25.16,PanTHERIA_WR05
Chaetodipus fallax,Rodentia,Heteromyidae,19.19,0.01919,25,PanTHERIA_WR05
Chaetodipus formosus,Rodentia,Heteromyidae,20.02,0.02002,28,PanTHERIA_WR05
Chaetodipus nelsoni,Rodentia,Heteromyidae,15.53,0.01553,30.63,PanTHERIA_WR05
Chaetodipus penicillatus,Rodentia,Heteromyidae,15.57,0.01557,26,PanTHERIA_WR05
Cricetulus migratorius,Rodentia,Cricetidae,30.59,0.03059,12,PanTHERIA_WR05
Cricetus cricetus,Rodentia,Cricetidae,428.95,0.42895,19.5,PanTHERIA_WR05
Crocidura flavescens,Soricomorpha,Soricidae,31.22,0.03122,25,PanTHERIA_WR05
Crocidura hirta,Soricomorpha,Soricidae,15.8,0.0158,18,PanTHERIA_WR05
Crocidura russula,Soricomorpha,Soricidae,9.89,0.00989,29,PanTHERIA_WR05
Crocidura suaveolens,Soricomorpha,Soricidae,7.35,0.00735,27.15,PanTHERIA_WR05
Equus kiang,Perissodactyla,Equidae,281138.63,281.13863,260.76,PanTHERIA_WR05
Equus zebra,Perissodactyla,Equidae,282462.13,282.46213,363.49,PanTHERIA_WR05
Erethizon dorsatum,Rodentia,Erethizontidae,7419.46,7.41946,210.99,PanTHERIA_WR05
Erignathus barbatus,Carnivora,Phocidae,279999.99,279.99999,285.24,PanTHERIA_WR05
Erinaceus concolor,Erinaceomorpha,Erinaceidae,665.99,0.66599,34.99,PanTHERIA_WR05
Erinaceus europaeus,Erinaceomorpha,Erinaceidae,777.95,0.77795,36.98,PanTHERIA_WR05
Erythrocebus patas,Primates,Cercopithecidae,7966.3,7.9663,167.2,PanTHERIA_WR05
Eptesicus serotinus,Chiroptera,Vespertilionidae,23.09,0.02309,65.44,PanTHERIA_WR05
Equus asinus,Perissodactyla,Equidae,164998.49,164.99849,367,PanTHERIA_WR05
Equus burchellii,Perissodactyla,Equidae,279160.65,279.16065,371.2,PanTHERIA_WR05
Equus caballus,Perissodactyla,Equidae,403598.53,403.59853,338.97,PanTHERIA_WR05
Equus grevyi,Perissodactyla,Equidae,408000.35,408.00035,406,PanTHERIA_WR05
Equus hemionus,Perissodactyla,Equidae,235248.07,235.24807,346,PanTHERIA_WR05
Genetta genetta,Carnivora,Viverridae,1756.17,1.75617,74.18,PanTHERIA_WR05
Delphinapterus leucas,Cetacea,Monodontidae,1381640.7,1381.6407,394.24,PanTHERIA_WR05
Delphinus delphis,Cetacea,Delphinidae,79271.69,79.27169,296.89,PanTHERIA_WR05
Dendrohyrax arboreus,Hyracoidea,Procaviidae,2981.11,2.98111,229.06,PanTHERIA_WR05
Dendrohyrax dorsalis,Hyracoidea,Procaviidae,3174.99,3.17499,236.57,PanTHERIA_WR05
Dendrolagus goodfellowi,Diprotodontia,Macropodidae,7948.78,7.94878,37.94,PanTHERIA_WR05
Bison bison,Artiodactyla,Bovidae,624577.07,624.57707,283.17,PanTHERIA_WR05
Bison bonasus,Artiodactyla,Bovidae,675876.7,675.8767,265.99,PanTHERIA_WR05
Blarina brevicauda,Soricomorpha,Soricidae,18.56,0.01856,20.58,PanTHERIA_WR05
Baiomys taylori,Rodentia,Cricetidae,7.43,0.00743,21.99,PanTHERIA_WR05
Balaena mysticetus,Cetacea,Balaenidae,79691179,79691.179,379.9,PanTHERIA_WR05
Balaenoptera acutorostrata,Cetacea,Balaenopteridae,5587093.6,5587.0936,304.16,PanTHERIA_WR05
Balaenoptera borealis,Cetacea,Balaenopteridae,22106252,22106.252,334.58,PanTHERIA_WR05
Balaenoptera edeni,Cetacea,Balaenopteridae,20000000,20000,383.46,PanTHERIA_WR05
Blastocerus dichotomus,Artiodactyla,Cervidae,112518.53,112.51853,272.37,PanTHERIA_WR05
Brachylagus idahoensis,Lagomorpha,Leporidae,431.19,0.43119,38.99,PanTHERIA_WR05
Brachyteles arachnoides,Primates,Atelidae,10537.31,10.53731,221.75,PanTHERIA_WR05
Cephalophus dorsalis,Artiodactyla,Bovidae,20000,20,238,PanTHERIA_WR05
Cephalophus natalensis,Artiodactyla,Bovidae,12724.51,12.72451,212.97,PanTHERIA_WR05
Chaetophractus villosus,Cingulata,Dasypodidae,4372.8,4.3728,68.93,PanTHERIA_WR05
Chalinolobus gouldii,Chiroptera,Vespertilionidae,14.24,0.01424,92.54,PanTHERIA_WR05
Dendrolagus matschiei,Diprotodontia,Macropodidae,8293.4,8.2934,33.95,PanTHERIA_WR05
Dendromus melanotis,Rodentia,Nesomyidae,9.1,0.0091,25,PanTHERIA_WR05
Desmana moschata,Soricomorpha,Talpidae,427.64,0.42764,46.53,PanTHERIA_WR05
Desmodilliscus braueri,Rodentia,Muridae,10,0.01,30.16,PanTHERIA_WR05
Desmodillus auricularis,Rodentia,Muridae,54.81,0.05481,27.11,PanTHERIA_WR05
Desmodus rotundus,Chiroptera,Phyllostomidae,33.16,0.03316,209.35,PanTHERIA_WR05
Dicerorhinus sumatrensis,Perissodactyla,Rhinocerotidae,1046156,1046.156,310.19,PanTHERIA_WR05
Diceros bicornis,Perissodactyla,Rhinocerotidae,995940.54,995.94054,466.24,PanTHERIA_WR05
Dicrostonyx groenlandicus,Rodentia,Cricetidae,58.44,0.05844,20.84,PanTHERIA_WR05
Dicrostonyx hudsonius,Rodentia,Cricetidae,57,0.057,20,PanTHERIA_WR05
Dicrostonyx torquatus,Rodentia,Cricetidae,78.77,0.07877,17.08,PanTHERIA_WR05
Didelphis albiventris,Didelphimorphia,Didelphidae,1030.47,1.03047,12,PanTHERIA_WR05
Didelphis marsupialis,Didelphimorphia,Didelphidae,1134.75,1.13475,14,PanTHERIA_WR05
Didelphis virginiana,Didelphimorphia,Didelphidae,2442.08,2.44208,12.69,PanTHERIA_WR05
Dinaromys bogdanovi,Rodentia,Cricetidae,56,0.056,30.41,PanTHERIA_WR05
Dinomys branickii,Rodentia,Dinomyidae,12500,12.5,252.74,PanTHERIA_WR05
Diplomys labilis,Rodentia,Echimyidae,282.17,0.28217,55.72,PanTHERIA_WR05
Dipodillus dasyurus,Rodentia,Muridae,27.5,0.0275,25,PanTHERIA_WR05
Elephantulus intufi,Macroscelidea,Macroscelididae,48.9,0.0489,51,PanTHERIA_WR05
Elephantulus myurus,Macroscelidea,Macroscelididae,59.51,0.05951,50.66,PanTHERIA_WR05
Elephantulus rozeti,Macroscelidea,Macroscelididae,43.07,0.04307,75,PanTHERIA_WR05
Elephantulus rufescens,Macroscelidea,Macroscelididae,52.78,0.05278,57,PanTHERIA_WR05
Elephantulus rupestris,Macroscelidea,Macroscelididae,65.56,0.06556,56,PanTHERIA_WR05
Elephas maximus,Proboscidea,Elephantidae,3269794.3,3269.7943,634.49,PanTHERIA_WR05
Eligmodontia typus,Rodentia,Cricetidae,17.37,0.01737,18.38,PanTHERIA_WR05
Eliomys melanurus,Rodentia,Gliridae,100.36,0.10036,25,PanTHERIA_WR05
Eliomys quercinus,Rodentia,Gliridae,114.61,0.11461,22.97,PanTHERIA_WR05
Eliurus myoxinus,Rodentia,Nesomyidae,69.76,0.06976,23.99,PanTHERIA_WR05
Ellobius talpinus,Rodentia,Cricetidae,40,0.04,26,PanTHERIA_WR05
Heterocephalus glaber,Rodentia,Bathyergidae,39.36,0.03936,70.49,PanTHERIA_WR05
Heterohyrax brucei,Hyracoidea,Procaviidae,2453.66,2.45366,228.12,PanTHERIA_WR05
Heteromys desmarestianus,Rodentia,Heteromyidae,74,0.074,27.86,PanTHERIA_WR05
Lagostomus maximus,Rodentia,Chinchillidae,4660.94,4.66094,155.73,PanTHERIA_WR05
Lagothrix lagotricha,Primates,Atelidae,6263.69,6.26369,223.99,PanTHERIA_WR05
Lagurus lagurus,Rodentia,Cricetidae,20.6,0.0206,20.24,PanTHERIA_WR05
Lama glama,Artiodactyla,Camelidae,78322.67,78.32267,342.74,PanTHERIA_WR05
Eudorcas thomsonii,Artiodactyla,Bovidae,22907.43,22.90743,166.14,PanTHERIA_WR05
Eulemur coronatus,Primates,Lemuridae,1699.85,1.69985,124.04,PanTHERIA_WR05
Eulemur fulvus,Primates,Lemuridae,2376.99,2.37699,120.83,PanTHERIA_WR05
Eulemur macaco,Primates,Lemuridae,2470.43,2.47043,127.49,PanTHERIA_WR05
Eulemur mongoz,Primates,Lemuridae,1771.13,1.77113,129,PanTHERIA_WR05
Eulemur rubriventer,Primates,Lemuridae,2015.4,2.0154,126.99,PanTHERIA_WR05
Eumetopias jubatus,Carnivora,Otariidae,382466.74,382.46674,342.1,PanTHERIA_WR05
Galago zanzibaricus,Primates,Galagidae,147.35,0.14735,120,PanTHERIA_WR05
Galea flavidens,Rodentia,Caviidae,450,0.45,53,PanTHERIA_WR05
Galea musteloides,Rodentia,Caviidae,386.64,0.38664,53.9,PanTHERIA_WR05
Galea spixii,Rodentia,Caviidae,360.61,0.36061,50.66,PanTHERIA_WR05
Galemys pyrenaicus,Soricomorpha,Talpidae,60.17,0.06017,30,PanTHERIA_WR05
Galeopterus variegates,Dermoptera,Cynocephalidae,1112.2,1.1122,59.99,PanTHERIA_WR05
Galerella sanguinea,Carnivora,Herpestidae,543.83,0.54383,61.27,PanTHERIA_WR05
Galidia elegans,Carnivora,Eupleridae,810,0.81,76.11,PanTHERIA_WR05
Gazella dorcas,Artiodactyla,Bovidae,15635.95,15.63595,172,PanTHERIA_WR05
Gazella gazella,Artiodactyla,Bovidae,21306.83,21.30683,180,PanTHERIA_WR05
Gazella leptoceros,Artiodactyla,Bovidae,24645.75,24.64575,167.29,PanTHERIA_WR05
Gazella spekei,Artiodactyla,Bovidae,20000,20,178.59,PanTHERIA_WR05
Gazella subgutturosa,Artiodactyla,Bovidae,26981.37,26.98137,159.68,PanTHERIA_WR05
Gerbillus gleadowi,Rodentia,Muridae,26.01,0.02601,20,PanTHERIA_WR05
Bassaricyon gabbii,Carnivora,Procyonidae,1250,1.25,76.65,PanTHERIA_WR05
Bassariscus astutus,Carnivora,Procyonidae,1010.37,1.01037,54.23,PanTHERIA_WR05
Bathyergus suillus,Rodentia,Bathyergidae,777.38,0.77738,68.41,PanTHERIA_WR05
Beamys hindei,Rodentia,Nesomyidae,75.8,0.0758,22.79,PanTHERIA_WR05
Beatragus hunteri,Artiodactyla,Bovidae,79132.17,79.13217,252.28,PanTHERIA_WR05
Berardius arnuxii,Cetacea,Ziphiidae,7000000,7000,304.16,PanTHERIA_WR05
Berardius bairdii,Cetacea,Ziphiidae,11380000,11380,396.58,PanTHERIA_WR05
Bettongia gaimardi,Diprotodontia,Potoroidae,1667.55,1.66755,21.14,PanTHERIA_WR05
Bettongia lesueur,Diprotodontia,Potoroidae,1447.27,1.44727,21.28,PanTHERIA_WR05
Bettongia penicillata,Diprotodontia,Potoroidae,1184.35,1.18435,20.35,PanTHERIA_WR05
Bettongia tropica,Diprotodontia,Potoroidae,1256.58,1.25658,19.44,PanTHERIA_WR05
Bradypus torquatus,Pilosa,Bradypodidae,4468.42,4.46842,150,PanTHERIA_WR05
Bradypus tridactylus,Pilosa,Bradypodidae,4375.8,4.3758,126.96,PanTHERIA_WR05
Bradypus variegatus,Pilosa,Bradypodidae,4136.36,4.13636,170.84,PanTHERIA_WR05
Bubalus bubalis,Artiodactyla,Bovidae,929500.97,929.50097,320,PanTHERIA_WR05
Bubalus depressicornis,Artiodactyla,Bovidae,256989.27,256.98927,295.78,PanTHERIA_WR05
Bubalus mindorensis,Artiodactyla,Bovidae,254389.74,254.38974,306.06,PanTHERIA_WR05
Bubalus quarlesi,Artiodactyla,Bovidae,181718.86,181.71886,294.99,PanTHERIA_WR05
Budorcas taxicolor,Artiodactyla,Bovidae,294515.33,294.51533,235.6,PanTHERIA_WR05
Bunopithecus hoolock,Primates,Hylobatidae,6699,6.699,232.5,PanTHERIA_WR05
Chinchilla chinchilla,Rodentia,Chinchillidae,499.99,0.49999,111,PanTHERIA_WR05
Chinchilla lanigera,Rodentia,Chinchillidae,480.28,0.48028,112.47,PanTHERIA_WR05
Chionomys nivalis,Rodentia,Cricetidae,42.01,0.04201,20.92,PanTHERIA_WR05
Chiroderma doriae,Chiroptera,Phyllostomidae,19.9,0.0199,106.45,PanTHERIA_WR05
Chiroderma villosum,Chiroptera,Phyllostomidae,23.81,0.02381,121.66,PanTHERIA_WR05
Chiropodomys gliroides,Rodentia,Muridae,23.68,0.02368,20.13,PanTHERIA_WR05
Chiropotes albinasus,Primates,Pitheciidae,2793.21,2.79321,157.67,PanTHERIA_WR05
Chiropotes satanas,Primates,Pitheciidae,2967.27,2.96727,157.67,PanTHERIA_WR05
Burramys parvus,Diprotodontia,Burramyidae,44.27,0.04427,14.74,PanTHERIA_WR05
Cacajao calvus,Primates,Pitheciidae,3421.04,3.42104,180,PanTHERIA_WR05
Capra nubiana,Artiodactyla,Bovidae,47763.72,47.76372,150,PanTHERIA_WR05
Capra pyrenaica,Artiodactyla,Bovidae,60898.77,60.89877,150,PanTHERIA_WR05
Capra sibirica,Artiodactyla,Bovidae,130000,130,175,PanTHERIA_WR05
Capra walie,Artiodactyla,Bovidae,100144.02,100.14402,157.5,PanTHERIA_WR05
Capreolus capreolus,Artiodactyla,Cervidae,22502.01,22.50201,196,PanTHERIA_WR05
Capreolus pygargus,Artiodactyla,Cervidae,41371.03,41.37103,290,PanTHERIA_WR05
Capricornis crispus,Artiodactyla,Bovidae,43030.64,43.03064,213,PanTHERIA_WR05
Capricornis sumatraensis,Artiodactyla,Bovidae,110942.22,110.94222,231.37,PanTHERIA_WR05
Caprolagus hispidus,Lagomorpha,Leporidae,2496.99,2.49699,40,PanTHERIA_WR05
Capromys pilorides,Rodentia,Capromyidae,5200,5.2,125,PanTHERIA_WR05
Caracal caracal,Carnivora,Felidae,11964.38,11.96438,71.47,PanTHERIA_WR05
Cardioderma cor,Chiroptera,Megadermatidae,26.45,0.02645,92.54,PanTHERIA_WR05
Carollia perspicillata,Chiroptera,Phyllostomidae,19.23,0.01923,114.6,PanTHERIA_WR05
Castor canadensis,Rodentia,Castoridae,18124.41,18.12441,111.59,PanTHERIA_WR05
Castor fiber,Rodentia,Castoridae,19000,19,106.42,PanTHERIA_WR05
Catagonus wagneri,Artiodactyla,Tayassuidae,35566.4,35.5664,152.08,PanTHERIA_WR05
Catopuma temminckii,Carnivora,Felidae,7726.46,7.72646,99.07,PanTHERIA_WR05
Cavia aperea,Rodentia,Caviidae,524.38,0.52438,61.7,PanTHERIA_WR05
Cavia porcellus,Rodentia,Caviidae,727.99,0.72799,66.99,PanTHERIA_WR05
Cavia tschudii,Rodentia,Caviidae,1000,1,62.99,PanTHERIA_WR05
Cebus albifrons,Primates,Cebidae,2509.68,2.50968,158.29,PanTHERIA_WR05
Cebus apella,Primates,Cebidae,2758.38,2.75838,154.99,PanTHERIA_WR05
Cebus capucinus,Primates,Cebidae,3005.99,3.00599,161.06,PanTHERIA_WR05
Cephalophus adersi,Artiodactyla,Bovidae,9249.95,9.24995,120,PanTHERIA_WR05
Crocidura leucodon,Soricomorpha,Soricidae,10.88,0.01088,30.99,PanTHERIA_WR05
Cheirogaleus major,Primates,Cheirogaleidae,446.02,0.44602,70,PanTHERIA_WR05
Cheirogaleus medius,Primates,Cheirogaleidae,196.76,0.19676,61.79,PanTHERIA_WR05
Choloepus didactylus,Pilosa,Megalonychidae,6646.5,6.6465,269.63,PanTHERIA_WR05
Choloepus hoffmanni,Pilosa,Megalonychidae,5893.5,5.8935,258.54,PanTHERIA_WR05
Chrotopterus auritus,Chiroptera,Phyllostomidae,78.26,0.07826,86.09,PanTHERIA_WR05
Chrysocyon brachyurus,Carnivora,Canidae,23325,23.325,63.48,PanTHERIA_WR05
Chrysospalax trevelyani,Afrosoricida,Chrysochloridae,434.04,0.43404,115,PanTHERIA_WR05
Civettictis civetta,Carnivora,Viverridae,12075.58,12.07558,68.4,PanTHERIA_WR05
Cloeotis percivali,Chiroptera,Hipposideridae,4.16,0.00416,91.24,PanTHERIA_WR05
Coendou prehensilis,Rodentia,Erethizontidae,4116.2,4.1162,200.74,PanTHERIA_WR05
Colobus guereza,Primates,Cercopithecidae,9925.88,9.92588,169.02,PanTHERIA_WR05
Colobus polykomos,Primates,Cercopithecidae,8797.29,8.79729,172.69,PanTHERIA_WR05
Colobus satanas,Primates,Cercopithecidae,9055.32,9.05532,192.76,PanTHERIA_WR05
Condylura cristata,Soricomorpha,Talpidae,48.15,0.04815,40,PanTHERIA_WR05
Conepatus leuconotus,Carnivora,Mephitidae,3293.91,3.29391,60.83,PanTHERIA_WR05
Conilurus penicillatus,Rodentia,Muridae,175.02,0.17502,35.99,PanTHERIA_WR05
Connochaetes gnou,Artiodactyla,Bovidae,156547.53,156.54753,256.76,PanTHERIA_WR05
Dasyprocta leporina,Rodentia,Dasyproctidae,3009.99,3.00999,106.39,PanTHERIA_WR05
Dasyprocta punctata,Rodentia,Dasyproctidae,2309.12,2.30912,107.65,PanTHERIA_WR05
Dasypus hybridus,Cingulata,Dasypodidae,1500,1.5,126.4,PanTHERIA_WR05
Dasypus novemcinctus,Cingulata,Dasypodidae,3949.01,3.94901,134,PanTHERIA_WR05
Dasypus sabanicola,Cingulata,Dasypodidae,1150.01,1.15001,91.24,PanTHERIA_WR05
Euoticus elegantulus,Primates,Galagidae,295.48,0.29548,133.45,PanTHERIA_WR05
Euphractus sexcinctus,Cingulata,Dasypodidae,4731.16,4.73116,64.66,PanTHERIA_WR05
Eupleres goudotii,Carnivora,Eupleridae,2763.34,2.76334,93.86,PanTHERIA_WR05
Euroscaptor mizura,Soricomorpha,Talpidae,25.05,0.02505,40,PanTHERIA_WR05
Connochaetes taurinus,Artiodactyla,Bovidae,198619.68,198.61968,251.49,PanTHERIA_WR05
Corynorhinus rafinesquii,Chiroptera,Vespertilionidae,9.15,0.00915,55.27,PanTHERIA_WR05
Corynorhinus townsendii,Chiroptera,Vespertilionidae,10.3,0.0103,67.49,PanTHERIA_WR05
Cricetomys gambianus,Rodentia,Nesomyidae,1267.52,1.26752,31.45,PanTHERIA_WR05
Crocuta crocuta,Carnivora,Hyaenidae,63369.98,63.36998,112.33,PanTHERIA_WR05
Crossarchus obscurus,Carnivora,Herpestidae,1395.09,1.39509,70,PanTHERIA_WR05
Cryptomys amatus,Rodentia,Bathyergidae,76.74,0.07674,95,PanTHERIA_WR05
Cryptomys damarensis,Rodentia,Bathyergidae,112.2,0.1122,83.55,PanTHERIA_WR05
Cryptomys darlingi,Rodentia,Bathyergidae,65.58,0.06558,57.82,PanTHERIA_WR05
Cryptomys hottentotus,Rodentia,Bathyergidae,75.13,0.07513,84.99,PanTHERIA_WR05
Cryptomys mechowi,Rodentia,Bathyergidae,271.54,0.27154,104,PanTHERIA_WR05
Cryptoprocta ferox,Carnivora,Eupleridae,9500,9.5,92.54,PanTHERIA_WR05
Cryptotis parva,Soricomorpha,Soricidae,4.97,0.00497,21.99,PanTHERIA_WR05
Ctenodactylus gundi,Rodentia,Ctenodactylidae,288.41,0.28841,65.96,PanTHERIA_WR05
Ctenodactylus vali,Rodentia,Ctenodactylidae,173.6,0.1736,59.13,PanTHERIA_WR05
Ctenomys opimus,Rodentia,Ctenomyidae,327.05,0.32705,60.83,PanTHERIA_WR05
Ctenomys peruanus,Rodentia,Ctenomyidae,488.36,0.48836,120.83,PanTHERIA_WR05
Ctenomys talarum,Rodentia,Ctenomyidae,140.84,0.14084,102.67,PanTHERIA_WR05
Ctenomys torquatus,Rodentia,Ctenomyidae,209.49,0.20949,107,PanTHERIA_WR05
Cuniculus paca,Rodentia,Cuniculidae,8172.55,8.17255,116.24,PanTHERIA_WR05
Cuon alpinus,Carnivora,Canidae,15800,15.8,61.5,PanTHERIA_WR05
Cyclopes didactylus,Pilosa,Cyclopedidae,263.95,0.26395,160,PanTHERIA_WR05
Cynictis penicillata,Carnivora,Herpestidae,694.41,0.69441,56.83,PanTHERIA_WR05
Cynocephalus volans,Dermoptera,Cynocephalidae,1250,1.25,62.57,PanTHERIA_WR05
Cynomys gunnisoni,Rodentia,Sciuridae,797.93,0.79793,29.64,PanTHERIA_WR05
Cynomys leucurus,Rodentia,Sciuridae,963.76,0.96376,30.39,PanTHERIA_WR05
Cynomys ludovicianus,Rodentia,Sciuridae,797.05,0.79705,33.46,PanTHERIA_WR05
Cynomys mexicanus,Rodentia,Sciuridae,899.98,0.89998,30.41,PanTHERIA_WR05
Cynopterus brachyotis,Chiroptera,Pteropodidae,33.87,0.03387,117.06,PanTHERIA_WR05
Cynopterus sphinx,Chiroptera,Pteropodidae,44.71,0.04471,120,PanTHERIA_WR05
Cystophora cristata,Carnivora,Phocidae,278896.81,278.89681,334.58,PanTHERIA_WR05
Dama dama,Artiodactyla,Cervidae,57224.61,57.22461,230,PanTHERIA_WR05
Damaliscus lunatus,Artiodactyla,Bovidae,136000.33,136.00033,238,PanTHERIA_WR05
Damaliscus pygargus,Artiodactyla,Bovidae,77784.55,77.78455,240.54,PanTHERIA_WR05
Dasycercus cristicauda,Dasyuromorphia,Dasyuridae,99.54,0.09954,38.99,PanTHERIA_WR05
Dasykaluta rosamondae,Dasyuromorphia,Dasyuridae,32.17,0.03217,49.69,PanTHERIA_WR05
Dasypus septemcinctus,Cingulata,Dasypodidae,1526.64,1.52664,120,PanTHERIA_WR05
Dasyuroides byrnei,Dasyuromorphia,Dasyuridae,109.47,0.10947,32.49,PanTHERIA_WR05
Dasyurus albopunctatus,Dasyuromorphia,Dasyuridae,603.48,0.60348,19.29,PanTHERIA_WR05
Dasyurus geoffroii,Dasyuromorphia,Dasyuridae,1106.62,1.10662,17.66,PanTHERIA_WR05
Dasyurus maculatus,Dasyuromorphia,Dasyuridae,3284.15,3.28415,21,PanTHERIA_WR05
Dasyurus spartacus,Dasyuromorphia,Dasyuridae,885.67,0.88567,19.12,PanTHERIA_WR05
Dasyurus viverrinus,Dasyuromorphia,Dasyuridae,1101.49,1.10149,20.5,PanTHERIA_WR05
Daubentonia madagascariensis,Primates,Daubentoniidae,2731.37,2.73137,166.48,PanTHERIA_WR05
Dipodillus simoni,Rodentia,Muridae,17.4,0.0174,25.54,PanTHERIA_WR05
Dipodomys deserti,Rodentia,Heteromyidae,107.63,0.10763,30.5,PanTHERIA_WR05
Dipodomys heermanni,Rodentia,Heteromyidae,63.08,0.06308,30.99,PanTHERIA_WR05
Dipodomys merriami,Rodentia,Heteromyidae,37.91,0.03791,30.77,PanTHERIA_WR05
Dipodomys microps,Rodentia,Heteromyidae,56.26,0.05626,30.99,PanTHERIA_WR05
Dipodomys nitratoides,Rodentia,Heteromyidae,41.59,0.04159,32.89,PanTHERIA_WR05
Dipodomys ordii,Rodentia,Heteromyidae,50.4,0.0504,29.69,PanTHERIA_WR05
Dipodomys panamintinus,Rodentia,Heteromyidae,73.67,0.07367,29.44,PanTHERIA_WR05
Dipodomys spectabilis,Rodentia,Heteromyidae,124.61,0.12461,23.5,PanTHERIA_WR05
Dipus sagitta,Rodentia,Dipodidae,89,0.089,27.5,PanTHERIA_WR05
Dobsonia moluccensis,Chiroptera,Pteropodidae,447.64,0.44764,156.43,PanTHERIA_WR05
Dolichotis patagonum,Rodentia,Caviidae,8000,8,97.97,PanTHERIA_WR05
Dolichotis salinicola,Rodentia,Caviidae,1607.6,1.6076,77.5,PanTHERIA_WR05
Dryomys laniger,Rodentia,Gliridae,25.91,0.02591,30.2,PanTHERIA_WR05
Dryomys nitedula,Rodentia,Gliridae,29.5,0.0295,24.5,PanTHERIA_WR05
Dugong dugon,Sirenia,Dugongidae,295000,295,372.52,PanTHERIA_WR05
Dymecodon pilirostris,Soricomorpha,Talpidae,15.46,0.01546,40,PanTHERIA_WR05
Echinops telfairi,Afrosoricida,Tenrecidae,152.25,0.15225,62.54,PanTHERIA_WR05
Echinosorex gymnura,Erinaceomorpha,Erinaceidae,756.53,0.75653,37.74,PanTHERIA_WR05
Echymipera kalubu,Peramelemorphia,Peramelidae,825.16,0.82516,13.03,PanTHERIA_WR05
Eidolon dupreanum,Chiroptera,Pteropodidae,297.58,0.29758,131.32,PanTHERIA_WR05
Eidolon helvum,Chiroptera,Pteropodidae,254.61,0.25461,164.36,PanTHERIA_WR05
Eira barbara,Carnivora,Mustelidae,4134.99,4.13499,66.74,PanTHERIA_WR05
Elaphodus cephalophus,Artiodactyla,Cervidae,23087.87,23.08787,181.24,PanTHERIA_WR05
Elaphurus davidianus,Artiodactyla,Cervidae,165989.17,165.98917,286.49,PanTHERIA_WR05
Enhydra lutris,Carnivora,Mustelidae,27410.93,27.41093,238,PanTHERIA_WR05
Eonycteris spelaea,Chiroptera,Pteropodidae,58.7,0.0587,152.18,PanTHERIA_WR05
Epomophorus crypturus,Chiroptera,Pteropodidae,95.04,0.09504,91.24,PanTHERIA_WR05
Epomophorus gambianus,Chiroptera,Pteropodidae,134.59,0.13459,156.43,PanTHERIA_WR05
Epomophorus labiatus,Chiroptera,Pteropodidae,69.65,0.06965,156.43,PanTHERIA_WR05
Epomophorus wahlbergi,Chiroptera,Pteropodidae,93.59,0.09359,156.43,PanTHERIA_WR05
Epomops buettikoferi,Chiroptera,Pteropodidae,135.67,0.13567,139.92,PanTHERIA_WR05
Epomops franqueti,Chiroptera,Pteropodidae,118.99,0.11899,161.77,PanTHERIA_WR05
Eptesicus furinalis,Chiroptera,Vespertilionidae,7.7,0.0077,92.54,PanTHERIA_WR05
Eptesicus fuscus,Chiroptera,Vespertilionidae,17.49,0.01749,52.14,PanTHERIA_WR05
Genetta tigrina,Carnivora,Viverridae,2066.57,2.06657,71.48,PanTHERIA_WR05
Geocapromys brownii,Rodentia,Capromyidae,1497.48,1.49748,120,PanTHERIA_WR05
Geocapromys ingrahami,Rodentia,Capromyidae,733.52,0.73352,109.21,PanTHERIA_WR05
Geogale aurita,Afrosoricida,Tenrecidae,6.69,0.00669,57.64,PanTHERIA_WR05
Geomys bursarius,Rodentia,Geomyidae,203.75,0.20375,18.5,PanTHERIA_WR05
Geomys knoxjonesi,Rodentia,Geomyidae,172.49,0.17249,23.98,PanTHERIA_WR05
Georychus capensis,Rodentia,Bathyergidae,188.36,0.18836,43.74,PanTHERIA_WR05
Gerbilliscus afra,Rodentia,Muridae,92.13,0.09213,23.3,PanTHERIA_WR05
Gerbilliscus brantsii,Rodentia,Muridae,89.41,0.08941,22.64,PanTHERIA_WR05
Gerbilliscus inclusus,Rodentia,Muridae,118.5,0.1185,23.15,PanTHERIA_WR05
Gerbilliscus kempi,Rodentia,Muridae,100.83,0.10083,25.33,PanTHERIA_WR05
Gerbilliscus leucogaster,Rodentia,Muridae,73.75,0.07375,28.37,PanTHERIA_WR05
Gerbilliscus validus,Rodentia,Muridae,121,0.121,25,PanTHERIA_WR05
Gerbillurus paeba,Rodentia,Muridae,25.91,0.02591,26,PanTHERIA_WR05
Eschrichtius robustus,Cetacea,Eschrichtiidae,27324024,27324.024,379.9,PanTHERIA_WR05
Eubalaena australis,Cetacea,Balaenidae,23000000,23000,361.98,PanTHERIA_WR05
Eubalaena glacialis,Cetacea,Balaenidae,23000000,23000,345.96,PanTHERIA_WR05
Eudorcas rufifrons,Artiodactyla,Bovidae,26999.77,26.99977,174.73,PanTHERIA_WR05
Felis catus,Carnivora,Felidae,2884.8,2.8848,62.99,PanTHERIA_WR05
Felis chaus,Carnivora,Felidae,7157.99,7.15799,62.88,PanTHERIA_WR05
Felis manul,Carnivora,Felidae,3050,3.05,76.08,PanTHERIA_WR05
Felis margarita,Carnivora,Felidae,2823.36,2.82336,63.61,PanTHERIA_WR05
Felis nigripes,Carnivora,Felidae,1362.77,1.36277,67.5,PanTHERIA_WR05
Gulo gulo,Carnivora,Mustelidae,12792.49,12.79249,161.73,PanTHERIA_WR05
Gymnobelideus leadbeateri,Diprotodontia,Petauridae,137.32,0.13732,18.43,PanTHERIA_WR05
Halichoerus grypus,Carnivora,Phocidae,197570.01,197.57001,349.79,PanTHERIA_WR05
Hapalemur aureus,Primates,Lemuridae,1562.41,1.56241,142.5,PanTHERIA_WR05
Hapalemur griseus,Primates,Lemuridae,916,0.916,141.24,PanTHERIA_WR05
Haplonycteris fischeri,Chiroptera,Pteropodidae,18.25,0.01825,174.73,PanTHERIA_WR05
Harpyionycteris whiteheadi,Chiroptera,Pteropodidae,135.48,0.13548,132.74,PanTHERIA_WR05
Helarctos malayanus,Carnivora,Ursidae,57075.78,57.07578,98.34,PanTHERIA_WR05
Heliophobius argenteocinereus,Rodentia,Bathyergidae,159.46,0.15946,87,PanTHERIA_WR05
Herpestes ichneumon,Carnivora,Herpestidae,2980.02,2.98002,75.87,PanTHERIA_WR05
Herpestes javanicus,Carnivora,Herpestidae,750,0.75,48.48,PanTHERIA_WR05
Herpestes urva,Carnivora,Herpestidae,2384.19,2.38419,65.7,PanTHERIA_WR05
Felis silvestris,Carnivora,Felidae,4573.08,4.57308,65.49,PanTHERIA_WR05
Fossa fossana,Carnivora,Eupleridae,1853.98,1.85398,88.38,PanTHERIA_WR05
Funambulus palmarum,Rodentia,Sciuridae,136.4,0.1364,34,PanTHERIA_WR05
Funambulus pennantii,Rodentia,Sciuridae,102.49,0.10249,41.77,PanTHERIA_WR05
Funisciurus congicus,Rodentia,Sciuridae,112,0.112,54.23,PanTHERIA_WR05
Galago alleni,Primates,Galagidae,266.03,0.26603,133,PanTHERIA_WR05
Galago demidoff,Primates,Galagidae,66.04,0.06604,111,PanTHERIA_WR05
Galago moholi,Primates,Galagidae,191.96,0.19196,122.29,PanTHERIA_WR05
Galago senegalensis,Primates,Galagidae,215.2,0.2152,126.98,PanTHERIA_WR05
Gerbillus nanus,Rodentia,Muridae,25.5,0.0255,20.97,PanTHERIA_WR05
Gerbillus perpallidus,Rodentia,Muridae,52.22,0.05222,20.22,PanTHERIA_WR05
Gerbillus pyramidum,Rodentia,Muridae,42.8,0.0428,22.14,PanTHERIA_WR05
Giraffa camelopardalis,Artiodactyla,Giraffidae,964654.73,964.65473,455.25,PanTHERIA_WR05
Glaucomys sabrinus,Rodentia,Sciuridae,137.53,0.13753,40,PanTHERIA_WR05
Glaucomys volans,Rodentia,Sciuridae,71.9,0.0719,39.49,PanTHERIA_WR05
Glis glis,Rodentia,Gliridae,128.09,0.12809,28.19,PanTHERIA_WR05
Globicephala macrorhynchus,Cetacea,Delphinidae,725999.99,725.99999,452,PanTHERIA_WR05
Globicephala melas,Cetacea,Delphinidae,800000,800,479.06,PanTHERIA_WR05
Glossophaga soricina,Chiroptera,Phyllostomidae,9.97,0.00997,107.97,PanTHERIA_WR05
Gorilla gorilla,Primates,Hominidae,112588.99,112.58899,257,PanTHERIA_WR05
Grammomys poensis,Rodentia,Muridae,50.03,0.05003,24.65,PanTHERIA_WR05
Grampus griseus,Cetacea,Delphinidae,387500,387.5,365,PanTHERIA_WR05
Graphiurus murinus,Rodentia,Gliridae,20.07,0.02007,23.99,PanTHERIA_WR05
Grammomys dolichurus,Rodentia,Muridae,41.85,0.04185,23.99,PanTHERIA_WR05
Jaculus jaculus,Rodentia,Dipodidae,59.8,0.0598,33.54,PanTHERIA_WR05
Jaculus orientalis,Rodentia,Dipodidae,138.26,0.13826,40,PanTHERIA_WR05
Helogale parvula,Carnivora,Herpestidae,281.83,0.28183,54.08,PanTHERIA_WR05
Hemicentetes nigriceps,Afrosoricida,Tenrecidae,102.99,0.10299,55.32,PanTHERIA_WR05
Hemicentetes semispinosus,Afrosoricida,Tenrecidae,134,0.134,53.07,PanTHERIA_WR05
Hemiechinus auritus,Erinaceomorpha,Erinaceidae,322.04,0.32204,37.18,PanTHERIA_WR05
Hemitragus hylocrius,Artiodactyla,Bovidae,74186.41,74.18641,186.35,PanTHERIA_WR05
Hemitragus jayakari,Artiodactyla,Bovidae,22210.18,22.21018,164.31,PanTHERIA_WR05
Hemitragus jemlahicus,Artiodactyla,Bovidae,68616.43,68.61643,195.76,PanTHERIA_WR05
Herpestes edwardsi,Carnivora,Herpestidae,1304.67,1.30467,63.09,PanTHERIA_WR05
Hexaprotodon liberiensis,Artiodactyla,Hippopotamidae,235001.16,235.00116,200,PanTHERIA_WR05
Hippocamelus antisensis,Artiodactyla,Cervidae,68599.35,68.59935,235.72,PanTHERIA_WR05
Hippocamelus bisulcus,Artiodactyla,Cervidae,69240.81,69.24081,212.91,PanTHERIA_WR05
Hippopotamus amphibius,Artiodactyla,Hippopotamidae,1536310.4,1536.3104,235.37,PanTHERIA_WR05
Hipposideros ater,Chiroptera,Hipposideridae,5.86,0.00586,195,PanTHERIA_WR05
Hipposideros bicolor,Chiroptera,Hipposideridae,8.39,0.00839,42.1,PanTHERIA_WR05
Hipposideros caffer,Chiroptera,Hipposideridae,9.46,0.00946,139.92,PanTHERIA_WR05
Hipposideros commersoni,Chiroptera,Hipposideridae,89.99,0.08999,150.34,PanTHERIA_WR05
Hipposideros cyclops,Chiroptera,Hipposideridae,32.92,0.03292,106.45,PanTHERIA_WR05
Hipposideros fulvus,Chiroptera,Hipposideridae,8.83,0.00883,161.65,PanTHERIA_WR05
Hipposideros lankadiva,Chiroptera,Hipposideridae,44.76,0.04476,257.02,PanTHERIA_WR05
Hipposideros ruber,Chiroptera,Hipposideridae,10.61,0.01061,92.54,PanTHERIA_WR05
Hipposideros speoris,Chiroptera,Hipposideridae,10.39,0.01039,139.13,PanTHERIA_WR05
Hippotragus equinus,Artiodactyla,Bovidae,264173.96,264.17396,278.23,PanTHERIA_WR05
Hippotragus niger,Artiodactyla,Bovidae,236405.9,236.4059,272.87,PanTHERIA_WR05
Histriophoca fasciata,Carnivora,Phocidae,90000,90,299.18,PanTHERIA_WR05
Holochilus brasiliensis,Rodentia,Cricetidae,155,0.155,28.4,PanTHERIA_WR05
Homo sapiens,Primates,Hominidae,58540.63,58.54063,274.78,PanTHERIA_WR05
Hoplomys gymnurus,Rodentia,Echimyidae,281.42,0.28142,59.99,PanTHERIA_WR05
Hyaena brunnea,Carnivora,Hyaenidae,42977.93,42.97793,95.8,PanTHERIA_WR05
Hyaena hyaena,Carnivora,Hyaenidae,35070.51,35.07051,90.5,PanTHERIA_WR05
Hybomys univittatus,Rodentia,Muridae,54.46,0.05446,30,PanTHERIA_WR05
Hydrictis maculicollis,Carnivora,Mustelidae,4180.53,4.18053,59.6,PanTHERIA_WR05
Hydrochoerus hydrochaeris,Rodentia,Caviidae,48144.91,48.14491,150.73,PanTHERIA_WR05
Hydrochoerus isthmius,Rodentia,Caviidae,21267.32,21.26732,108.21,PanTHERIA_WR05
Hydrodamalis gigas,Sirenia,Dugongidae,4000000,4000,365,PanTHERIA_WR05
Hydromys chrysogaster,Rodentia,Muridae,626.17,0.62617,36.6,PanTHERIA_WR05
Hydropotes inermis,Artiodactyla,Cervidae,12760.04,12.76004,175.49,PanTHERIA_WR05
Hydrurga leptonyx,Carnivora,Phocidae,352675.48,352.67548,272.79,PanTHERIA_WR05
Hyemoschus aquaticus,Artiodactyla,Tragulidae,10850,10.85,173.52,PanTHERIA_WR05
Hylobates klossii,Primates,Hylobatidae,5822.29,5.82229,207.59,PanTHERIA_WR05
Hylobates lar,Primates,Hylobatidae,5578.61,5.57861,212.91,PanTHERIA_WR05
Lasionycteris noctivagans,Chiroptera,Vespertilionidae,11.02,0.01102,53.55,PanTHERIA_WR05
Lasiurus borealis,Chiroptera,Vespertilionidae,12.33,0.01233,84.21,PanTHERIA_WR05
Lasiurus cinereus,Chiroptera,Vespertilionidae,27.06,0.02706,57.18,PanTHERIA_WR05
Lasiurus ega,Chiroptera,Vespertilionidae,12.2,0.0122,96.22,PanTHERIA_WR05
Lavia frons,Chiroptera,Megadermatidae,23.8,0.0238,93.86,PanTHERIA_WR05
Leggadina lakedownensis,Rodentia,Muridae,17.5,0.0175,32.99,PanTHERIA_WR05
Lemmiscus curtatus,Rodentia,Cricetidae,28.27,0.02827,25.16,PanTHERIA_WR05
Marmosa murina,Didelphimorphia,Didelphidae,36.28,0.03628,13.27,PanTHERIA_WR05
Marmosa robinsoni,Didelphimorphia,Didelphidae,60.57,0.06057,13.83,PanTHERIA_WR05
Hylobates moloch,Primates,Hylobatidae,5860.81,5.86081,241.2,PanTHERIA_WR05
Hylobates muelleri,Primates,Hylobatidae,5909.81,5.90981,206.7,PanTHERIA_WR05
Hylobates pileatus,Primates,Hylobatidae,5542.37,5.54237,200.16,PanTHERIA_WR05
Hylochoerus meinertzhageni,Artiodactyla,Suidae,198130.47,198.13047,151,PanTHERIA_WR05
Hylomys suillus,Erinaceomorpha,Erinaceidae,57.61,0.05761,32.71,PanTHERIA_WR05
Hylomyscus alleni,Rodentia,Muridae,19.94,0.01994,29,PanTHERIA_WR05
Hylomyscus stella,Rodentia,Muridae,18.99,0.01899,29.49,PanTHERIA_WR05
Hylopetes lepidus,Rodentia,Sciuridae,63.28,0.06328,40,PanTHERIA_WR05
Hyperoodon ampullatus,Cetacea,Ziphiidae,3393361.1,3393.3611,365,PanTHERIA_WR05
Hypsignathus monstrosus,Chiroptera,Pteropodidae,336.97,0.33697,125.14,PanTHERIA_WR05
Hystrix africaeaustralis,Rodentia,Hystricidae,14936.02,14.93602,93.49,PanTHERIA_WR05
Hystrix brachyura,Rodentia,Hystricidae,8000,8,112,PanTHERIA_WR05
Hystrix crassispinis,Rodentia,Hystricidae,4584.6,4.5846,112,PanTHERIA_WR05
Hystrix cristata,Rodentia,Hystricidae,13406.27,13.40627,79.19,PanTHERIA_WR05
Hystrix indica,Rodentia,Hystricidae,14298.6,14.2986,112,PanTHERIA_WR05
Hystrix pumila,Rodentia,Hystricidae,3544.26,3.54426,112,PanTHERIA_WR05
Ictonyx libyca,Carnivora,Mustelidae,225.18,0.22518,37.78,PanTHERIA_WR05
Ictonyx striatus,Carnivora,Mustelidae,811.02,0.81102,36.76,PanTHERIA_WR05
Indri indri,Primates,Indriidae,8565.48,8.56548,136.5,PanTHERIA_WR05
Inia geoffrensis,Cetacea,Iniidae,121430.76,121.43076,314.25,PanTHERIA_WR05
Isoodon auratus,Peramelemorphia,Peramelidae,425,0.425,12,PanTHERIA_WR05
Isoodon macrourus,Peramelemorphia,Peramelidae,1505.77,1.50577,12.51,PanTHERIA_WR05
Isoodon obesulus,Peramelemorphia,Peramelidae,824.76,0.82476,15,PanTHERIA_WR05
Kerodon rupestris,Rodentia,Caviidae,799.15,0.79915,75.89,PanTHERIA_WR05
Kobus ellipsiprymnus,Artiodactyla,Bovidae,204393.48,204.39348,270,PanTHERIA_WR05
Kobus kob,Artiodactyla,Bovidae,80035.21,80.03521,254.76,PanTHERIA_WR05
Kobus leche,Artiodactyla,Bovidae,88645.04,88.64504,229.8,PanTHERIA_WR05
Kobus vardonii,Artiodactyla,Bovidae,71462.72,71.46272,258.09,PanTHERIA_WR05
Kogia sima,Cetacea,Physeteridae,183066.66,183.06666,273.75,PanTHERIA_WR05
Lagenorhynchus acutus,Cetacea,Delphinidae,186517.55,186.51755,319.37,PanTHERIA_WR05
Lagenorhynchus albirostris,Cetacea,Delphinidae,186634.86,186.63486,365,PanTHERIA_WR05
Lagenorhynchus obliquidens,Cetacea,Delphinidae,109694.46,109.69446,319.01,PanTHERIA_WR05
Lagidium peruanum,Rodentia,Chinchillidae,1220,1.22,140,PanTHERIA_WR05
Lagidium viscacia,Rodentia,Chinchillidae,1539.99,1.53999,129.99,PanTHERIA_WR05
Lagorchestes conspicillatus,Diprotodontia,Macropodidae,2821.01,2.82101,31.09,PanTHERIA_WR05
Manis temminckii,Pholidota,Manidae,11943.74,11.94374,139,PanTHERIA_WR05
Manis tricuspis,Pholidota,Manidae,1539.31,1.53931,126.85,PanTHERIA_WR05
Meriones persicus,Rodentia,Muridae,107.52,0.10752,28,PanTHERIA_WR05
Meriones shawi,Rodentia,Muridae,90.6,0.0906,24.8,PanTHERIA_WR05
Meriones tristrami,Rodentia,Muridae,111.62,0.11162,23.99,PanTHERIA_WR05
Meriones unguiculatus,Rodentia,Muridae,57.75,0.05775,25.09,PanTHERIA_WR05
Meriones vinogradovi,Rodentia,Muridae,117,0.117,21.89,PanTHERIA_WR05
Mesembriomys gouldii,Rodentia,Muridae,716.49,0.71649,44.03,PanTHERIA_WR05
Monachus monachus,Carnivora,Phocidae,294881.33,294.88133,334.58,PanTHERIA_WR05
Monachus schauinslandi,Carnivora,Phocidae,222999.99,222.99999,344.15,PanTHERIA_WR05
Monodelphis domestica,Didelphimorphia,Didelphidae,93.45,0.09345,14.55,PanTHERIA_WR05
Megaptera novaeangliae,Cetacea,Balaenopteridae,30000000,30000,349.79,PanTHERIA_WR05
Meles meles,Carnivora,Mustelidae,11884.03,11.88403,48.6,PanTHERIA_WR05
Mellivora capensis,Carnivora,Mustelidae,8999.99,8.99999,181.46,PanTHERIA_WR05
Miopithecus talapoin,Primates,Cercopithecidae,1248.86,1.24886,164.38,PanTHERIA_WR05
Mirounga angustirostris,Carnivora,Phocidae,1112390.8,1112.3908,290.63,PanTHERIA_WR05
Mirounga leonina,Carnivora,Phocidae,1600000,1600,243.33,PanTHERIA_WR05
Mirza coquereli,Primates,Cheirogaleidae,326.5,0.3265,88.58,PanTHERIA_WR05
Mogera tokudae,Soricomorpha,Talpidae,133.48,0.13348,40,PanTHERIA_WR05
Mogera wogura,Soricomorpha,Talpidae,96.88,0.09688,40,PanTHERIA_WR05
Molossus molossus,Chiroptera,Molossidae,13.7,0.0137,107.97,PanTHERIA_WR05
Monodon monoceros,Cetacea,Monodontidae,938126.44,938.12644,441.04,PanTHERIA_WR05
Mops condylurus,Chiroptera,Molossidae,26.59,0.02659,88.64,PanTHERIA_WR05
Mormopterus planiceps,Chiroptera,Molossidae,9.24,0.00924,106.86,PanTHERIA_WR05
Moschiola meminna,Artiodactyla,Tragulidae,3130.95,3.13095,153.53,PanTHERIA_WR05
Moschus berezovskii,Artiodactyla,Moschidae,12477.41,12.47741,184.24,PanTHERIA_WR05
Moschus chrysogaster,Artiodactyla,Moschidae,13697.9,13.6979,188,PanTHERIA_WR05
Moschus moschiferus,Artiodactyla,Moschidae,13315.57,13.31557,175.92,PanTHERIA_WR05
Mungos mungo,Carnivora,Herpestidae,1260,1.26,60.91,PanTHERIA_WR05
Mungotictis decemlineata,Carnivora,Eupleridae,657.03,0.65703,100.83,PanTHERIA_WR05
Muntiacus crinifrons,Artiodactyla,Cervidae,18590.01,18.59001,195.57,PanTHERIA_WR05
Marmota caligata,Rodentia,Sciuridae,2253.71,2.25371,30,PanTHERIA_WR05
Marmota caudata,Rodentia,Sciuridae,4350,4.35,30.74,PanTHERIA_WR05
Marmota flaviventris,Rodentia,Sciuridae,3709.73,3.70973,30.39,PanTHERIA_WR05
Marmota marmota,Rodentia,Sciuridae,4059.15,4.05915,35.22,PanTHERIA_WR05
Marmota monax,Rodentia,Sciuridae,3880.93,3.88093,31.5,PanTHERIA_WR05
Lemmus lemmus,Rodentia,Cricetidae,67.62,0.06762,20.11,PanTHERIA_WR05
Lemmus sibiricus,Rodentia,Cricetidae,53.81,0.05381,20.74,PanTHERIA_WR05
Lemmus trimucronatus,Rodentia,Cricetidae,69.82,0.06982,20.77,PanTHERIA_WR05
Lasiorhinus latifrons,Diprotodontia,Vombatidae,26163.8,26.1638,20.74,PanTHERIA_WR05
Lemniscomys striatus,Rodentia,Muridae,43.65,0.04365,25.15,PanTHERIA_WR05
Lemur catta,Primates,Lemuridae,2626.48,2.62648,134.74,PanTHERIA_WR05
Leontopithecus rosalia,Primates,Cebidae,592.52,0.59252,134,PanTHERIA_WR05
Leopardus pardalis,Carnivora,Felidae,11880,11.88,81.99,PanTHERIA_WR05
Leopardus wiedii,Carnivora,Felidae,3270.81,3.27081,82.2,PanTHERIA_WR05
Lepilemur leucopus,Primates,Lepilemuridae,599.99,0.59999,135.92,PanTHERIA_WR05
Lepilemur mustelinus,Primates,Lepilemuridae,669.03,0.66903,133.45,PanTHERIA_WR05
Lepilemur ruficaudatus,Primates,Lepilemuridae,763.36,0.76336,135.92,PanTHERIA_WR05
Lepilemur septentrionalis,Primates,Lepilemuridae,755.77,0.75577,134.99,PanTHERIA_WR05
Leporillus conditor,Rodentia,Muridae,328.82,0.32882,43.49,PanTHERIA_WR05
Leptailurus serval,Carnivora,Felidae,11999.96,11.99996,73.74,PanTHERIA_WR05
Leptonychotes weddellii,Carnivora,Phocidae,400000,400,314.99,PanTHERIA_WR05
Leptonycteris curasoae,Chiroptera,Phyllostomidae,25.27,0.02527,121.66,PanTHERIA_WR05
Leptonycteris nivalis,Chiroptera,Phyllostomidae,24.26,0.02426,121.66,PanTHERIA_WR05
Lepus alleni,Lagomorpha,Leporidae,3930,3.93,41.99,PanTHERIA_WR05
Lepus americanus,Lagomorpha,Leporidae,1568.42,1.56842,36.57,PanTHERIA_WR05
Lepus arcticus,Lagomorpha,Leporidae,4412.73,4.41273,51.99,PanTHERIA_WR05
Lepus brachyurus,Lagomorpha,Leporidae,2519.45,2.51945,38.49,PanTHERIA_WR05
Lepus californicus,Lagomorpha,Leporidae,2422.48,2.42248,41.77,PanTHERIA_WR05
Lepus capensis,Lagomorpha,Leporidae,2047.11,2.04711,41.99,PanTHERIA_WR05
Lepus europaeus,Lagomorpha,Leporidae,3816.43,3.81643,41.99,PanTHERIA_WR05
Lepus nigricollis,Lagomorpha,Leporidae,2294.25,2.29425,36.16,PanTHERIA_WR05
Lepus othus,Lagomorpha,Leporidae,4837.35,4.83735,45.99,PanTHERIA_WR05
Lepus saxatilis,Lagomorpha,Leporidae,2593.63,2.59363,38.49,PanTHERIA_WR05
Lepus timidus,Lagomorpha,Leporidae,3105.42,3.10542,50.1,PanTHERIA_WR05
Lepus townsendii,Lagomorpha,Leporidae,3371.64,3.37164,40.73,PanTHERIA_WR05
Liomys pictus,Rodentia,Heteromyidae,43.28,0.04328,25.16,PanTHERIA_WR05
Liomys salvini,Rodentia,Heteromyidae,41.99,0.04199,27.68,PanTHERIA_WR05
Lipotes vexillifer,Cetacea,Iniidae,112138.32,112.13832,319.37,PanTHERIA_WR05
Lissonycteris angolensis,Chiroptera,Pteropodidae,68.31,0.06831,121.66,PanTHERIA_WR05
Litocranius walleri,Artiodactyla,Bovidae,38804.37,38.80437,204.15,PanTHERIA_WR05
Lobodon carcinophaga,Carnivora,Phocidae,224999.99,224.99999,269.81,PanTHERIA_WR05
Lontra canadensis,Carnivora,Mustelidae,8087.42,8.08742,58.4,PanTHERIA_WR05
Lontra felina,Carnivora,Mustelidae,11195.36,11.19536,75.97,PanTHERIA_WR05
Lophocebus albigena,Primates,Cercopithecidae,7418.71,7.41871,182.64,PanTHERIA_WR05
Lophuromys flavopunctatus,Rodentia,Muridae,57.07,0.05707,30.7,PanTHERIA_WR05
Lophuromys woosnami,Rodentia,Muridae,42.14,0.04214,32,PanTHERIA_WR05
Loris tardigradus,Primates,Lorisidae,249.22,0.24922,165.99,PanTHERIA_WR05
Loxodonta africana,Proboscidea,Elephantidae,3824539.9,3824.5399,660,PanTHERIA_WR05
Lutra lutra,Carnivora,Mustelidae,8868.69,8.86869,64.27,PanTHERIA_WR05
Lutreolina crassicaudata,Didelphimorphia,Didelphidae,554.77,0.55477,14,PanTHERIA_WR05
Lutrogale perspicillata,Carnivora,Mustelidae,8912.49,8.91249,63.31,PanTHERIA_WR05
Lycalopex culpaeus,Carnivora,Canidae,8616.24,8.61624,58.72,PanTHERIA_WR05
Lycalopex gymnocercus,Carnivora,Canidae,4542.67,4.54267,59.23,PanTHERIA_WR05
Lycaon pictus,Carnivora,Canidae,21999.99,21.99999,71.18,PanTHERIA_WR05
Lynx canadensis,Carnivora,Felidae,9682.82,9.68282,62.5,PanTHERIA_WR05
Lynx lynx,Carnivora,Felidae,19300,19.3,66.99,PanTHERIA_WR05
Lynx pardinus,Carnivora,Felidae,11050,11.05,69.44,PanTHERIA_WR05
Lynx rufus,Carnivora,Felidae,6374.47,6.37447,59.99,PanTHERIA_WR05
Macaca arctoides,Primates,Cercopithecidae,9358.04,9.35804,176.6,PanTHERIA_WR05
Macaca cyclopis,Primates,Cercopithecidae,5748.94,5.74894,161.06,PanTHERIA_WR05
Macaca fascicularis,Primates,Cercopithecidae,4569.32,4.56932,164.69,PanTHERIA_WR05
Macaca fuscata,Primates,Cercopithecidae,10114.76,10.11476,172.99,PanTHERIA_WR05
Macaca maura,Primates,Cercopithecidae,7290.3,7.2903,167.19,PanTHERIA_WR05
Macaca mulatta,Primates,Cercopithecidae,6455.19,6.45519,166.07,PanTHERIA_WR05
Macaca nemestrina,Primates,Cercopithecidae,7820.78,7.82078,171,PanTHERIA_WR05
Macaca nigra,Primates,Cercopithecidae,7359.39,7.35939,172.43,PanTHERIA_WR05
Macaca radiata,Primates,Cercopithecidae,4999.99,4.99999,161.56,PanTHERIA_WR05
Macaca silenus,Primates,Cercopithecidae,5995.25,5.99525,172,PanTHERIA_WR05
Macaca sinica,Primates,Cercopithecidae,4655.99,4.65599,180.9,PanTHERIA_WR05
Macaca sylvanus,Primates,Cercopithecidae,11471.53,11.47153,164.84,PanTHERIA_WR05
Macaca thibetana,Primates,Cercopithecidae,10593.06,10.59306,169.02,PanTHERIA_WR05
Meriones hurrianae,Rodentia,Muridae,71.02,0.07102,29.19,PanTHERIA_WR05
Meriones libycus,Rodentia,Muridae,91.33,0.09133,25.43,PanTHERIA_WR05
Mesocricetus auratus,Rodentia,Cricetidae,98.6,0.0986,15.49,PanTHERIA_WR05
Mesocricetus brandti,Rodentia,Cricetidae,198,0.198,15,PanTHERIA_WR05
Mesoplodon bidens,Cetacea,Ziphiidae,3400000,3400,365,PanTHERIA_WR05
Mesoplodon carlhubbsi,Cetacea,Ziphiidae,3400000,3400,365,PanTHERIA_WR05
Macroglossus minimus,Chiroptera,Pteropodidae,16.3,0.0163,125.14,PanTHERIA_WR05
Macropus agilis,Diprotodontia,Macropodidae,11815.75,11.81575,30.51,PanTHERIA_WR05
Macropus antilopinus,Diprotodontia,Macropodidae,27250.1,27.2501,34,PanTHERIA_WR05
Macropus dorsalis,Diprotodontia,Macropodidae,11249.96,11.24996,34.98,PanTHERIA_WR05
Macropus eugenii,Diprotodontia,Macropodidae,5278.48,5.27848,29.89,PanTHERIA_WR05
Macropus fuliginosus,Diprotodontia,Macropodidae,25564.7,25.5647,30.8,PanTHERIA_WR05
Macropus giganteus,Diprotodontia,Macropodidae,33409.89,33.40989,36.56,PanTHERIA_WR05
Macropus parma,Diprotodontia,Macropodidae,4156.62,4.15662,34.66,PanTHERIA_WR05
Macropus parryi,Diprotodontia,Macropodidae,12629.83,12.62983,37.14,PanTHERIA_WR05
Macropus robustus,Diprotodontia,Macropodidae,25978.92,25.97892,34.59,PanTHERIA_WR05
Macropus rufogriseus,Diprotodontia,Macropodidae,16850,16.85,30,PanTHERIA_WR05
Macropus rufus,Diprotodontia,Macropodidae,38968.39,38.96839,33.99,PanTHERIA_WR05
Macroscelides proboscideus,Macroscelidea,Macroscelididae,38.64,0.03864,58.49,PanTHERIA_WR05
Macrotarsomys bastardi,Rodentia,Nesomyidae,28.45,0.02845,23.99,PanTHERIA_WR05
Macrotis lagotis,Peramelemorphia,Thylacomyidae,1229.58,1.22958,14.6,PanTHERIA_WR05
Macrotus californicus,Chiroptera,Phyllostomidae,11.83,0.01183,250.29,PanTHERIA_WR05
Madoqua guentheri,Artiodactyla,Bovidae,4623.7,4.6237,175,PanTHERIA_WR05
Madoqua kirkii,Artiodactyla,Bovidae,4833.4,4.8334,171.49,PanTHERIA_WR05
Malacothrix typica,Rodentia,Nesomyidae,17.02,0.01702,26.37,PanTHERIA_WR05
Mandrillus leucophaeus,Primates,Cercopithecidae,14253.3,14.2533,179.22,PanTHERIA_WR05
Mandrillus sphinx,Primates,Cercopithecidae,16685.06,16.68506,173.99,PanTHERIA_WR05
Manis crassicaudata,Pholidota,Manidae,8017.56,8.01756,67.5,PanTHERIA_WR05
Marmota vancouverensis,Rodentia,Sciuridae,5232.43,5.23243,31.65,PanTHERIA_WR05
Martes americana,Carnivora,Mustelidae,873.69,0.87369,27.63,PanTHERIA_WR05
Martes flavigula,Carnivora,Mustelidae,2504.64,2.50464,149.65,PanTHERIA_WR05
Martes foina,Carnivora,Mustelidae,1675,1.675,29.86,PanTHERIA_WR05
Martes martes,Carnivora,Mustelidae,1299.99,1.29999,30.63,PanTHERIA_WR05
Martes pennanti,Carnivora,Mustelidae,3750,3.75,31.28,PanTHERIA_WR05
Martes zibellina,Carnivora,Mustelidae,1173.91,1.17391,30.8,PanTHERIA_WR05
Massoutiera mzabi,Rodentia,Ctenodactylidae,194,0.194,55.72,PanTHERIA_WR05
Mastacomys fuscus,Rodentia,Muridae,125.72,0.12572,35.46,PanTHERIA_WR05
Mastomys erythroleucus,Rodentia,Muridae,64.07,0.06407,21.13,PanTHERIA_WR05
Mastomys natalensis,Rodentia,Muridae,41.85,0.04185,23.64,PanTHERIA_WR05
Mazama americana,Artiodactyla,Cervidae,20546.86,20.54686,225,PanTHERIA_WR05
Mazama chunyi,Artiodactyla,Cervidae,16071.74,16.07174,243.33,PanTHERIA_WR05
Mazama gouazoubira,Artiodactyla,Cervidae,16633.17,16.63317,219.86,PanTHERIA_WR05
Mazama rufina,Artiodactyla,Cervidae,21099.25,21.09925,231.64,PanTHERIA_WR05
Megaderma lyra,Chiroptera,Megadermatidae,39.27,0.03927,152.08,PanTHERIA_WR05
Megaderma spasma,Chiroptera,Megadermatidae,24.71,0.02471,80,PanTHERIA_WR05
Melomys cervinipes,Rodentia,Muridae,71.2,0.0712,35.83,PanTHERIA_WR05
Melursus ursinus,Carnivora,Ursidae,99999.99,99.99999,203.36,PanTHERIA_WR05
Mephitis macroura,Carnivora,Mephitidae,1097.76,1.09776,58.2,PanTHERIA_WR05
Mephitis mephitis,Carnivora,Mephitidae,2399.99,2.39999,63.29,PanTHERIA_WR05
Meriones crassus,Rodentia,Muridae,69.94,0.06994,23.5,PanTHERIA_WR05
Microtus miurus,Rodentia,Cricetidae,41,0.041,21,PanTHERIA_WR05
Microtus montanus,Rodentia,Cricetidae,42.85,0.04285,21.13,PanTHERIA_WR05
Microtus montebelli,Rodentia,Cricetidae,29.49,0.02949,22.24,PanTHERIA_WR05
Microtus ochrogaster,Rodentia,Cricetidae,42.5,0.0425,21.5,PanTHERIA_WR05
Microtus oeconomus,Rodentia,Cricetidae,33.1,0.0331,21.51,PanTHERIA_WR05
Microtus oregoni,Rodentia,Cricetidae,20.35,0.02035,23.83,PanTHERIA_WR05
Microtus pennsylvanicus,Rodentia,Cricetidae,42.53,0.04253,21.24,PanTHERIA_WR05
Microtus pinetorum,Rodentia,Cricetidae,25.95,0.02595,23.99,PanTHERIA_WR05
Microtus richardsoni,Rodentia,Cricetidae,85.5,0.0855,22.29,PanTHERIA_WR05
Microtus socialis,Rodentia,Cricetidae,48,0.048,19.5,PanTHERIA_WR05
Microtus subterraneus,Rodentia,Cricetidae,17.74,0.01774,21,PanTHERIA_WR05
Microtus townsendii,Rodentia,Cricetidae,52.02,0.05202,23.2,PanTHERIA_WR05
Millardia meltada,Rodentia,Muridae,67.17,0.06717,20,PanTHERIA_WR05
Miniopterus australis,Chiroptera,Vespertilionidae,7.4,0.0074,132.74,PanTHERIA_WR05
Miniopterus fraterculus,Chiroptera,Vespertilionidae,7.38,0.00738,155.09,PanTHERIA_WR05
Miniopterus inflatus,Chiroptera,Vespertilionidae,14.9,0.0149,91.24,PanTHERIA_WR05
Miniopterus natalensis,Chiroptera,Vespertilionidae,10.43,0.01043,126.88,PanTHERIA_WR05
Miniopterus schreibersii,Chiroptera,Vespertilionidae,11.46,0.01146,182.5,PanTHERIA_WR05
Muntiacus feae,Artiodactyla,Cervidae,21999.99,21.99999,195.57,PanTHERIA_WR05
Muntiacus muntjak,Artiodactyla,Cervidae,17611.59,17.61159,210,PanTHERIA_WR05
Muntiacus reevesi,Artiodactyla,Cervidae,13499.94,13.49994,214.24,PanTHERIA_WR05
Muntiacus rooseveltorum,Artiodactyla,Cervidae,10762.64,10.76264,212.49,PanTHERIA_WR05
Micaelamys namaquensis,Rodentia,Muridae,57.1,0.0571,21.99,PanTHERIA_WR05
Microcavia australis,Rodentia,Caviidae,261.49,0.26149,54.91,PanTHERIA_WR05
Microcavia niata,Rodentia,Caviidae,254.67,0.25467,54,PanTHERIA_WR05
Microcavia shiptoni,Rodentia,Caviidae,185,0.185,54,PanTHERIA_WR05
Microcebus murinus,Primates,Cheirogaleidae,69,0.069,60.34,PanTHERIA_WR05
Microcebus myoxinus,Primates,Cheirogaleidae,31.23,0.03123,59.99,PanTHERIA_WR05
Microcebus rufus,Primates,Cheirogaleidae,48.39,0.04839,59.99,PanTHERIA_WR05
Microgale dobsoni,Afrosoricida,Tenrecidae,36.66,0.03666,61.64,PanTHERIA_WR05
Microgale talazaci,Afrosoricida,Tenrecidae,43.07,0.04307,60.74,PanTHERIA_WR05
Micromys minutus,Rodentia,Muridae,6.99,0.00699,21,PanTHERIA_WR05
Micronycteris megalotis,Chiroptera,Phyllostomidae,6.4,0.0064,121.66,PanTHERIA_WR05
Micropteropus pusillus,Chiroptera,Pteropodidae,25.38,0.02538,161.77,PanTHERIA_WR05
Microtus abbreviatus,Rodentia,Cricetidae,66.06,0.06606,21.27,PanTHERIA_WR05
Microtus agrestis,Rodentia,Cricetidae,35.87,0.03587,20.72,PanTHERIA_WR05
Microtus arvalis,Rodentia,Cricetidae,26.9,0.0269,21,PanTHERIA_WR05
Microtus californicus,Rodentia,Cricetidae,57.42,0.05742,21.18,PanTHERIA_WR05
Microtus canicaudus,Rodentia,Cricetidae,29.93,0.02993,22.97,PanTHERIA_WR05
Microtus chrotorrhinus,Rodentia,Cricetidae,38.99,0.03899,20,PanTHERIA_WR05
Myotis thysanodes,Chiroptera,Vespertilionidae,8.49,0.00849,53.55,PanTHERIA_WR05
Myotis tricolor,Chiroptera,Vespertilionidae,13.67,0.01367,77.43,PanTHERIA_WR05
Myotis velifer,Chiroptera,Vespertilionidae,9.82,0.00982,63.77,PanTHERIA_WR05
Myotomys sloggetti,Rodentia,Muridae,106.25,0.10625,38,PanTHERIA_WR05
Myotomys unisulcatus,Rodentia,Muridae,102.5,0.1025,36.57,PanTHERIA_WR05
Myrmecobius fasciatus,Dasyuromorphia,Myrmecobiidae,511.44,0.51144,14,PanTHERIA_WR05
Myrmecophaga tridactyla,Pilosa,Myrmecophagidae,29531.83,29.53183,182.74,PanTHERIA_WR05
Mystromys albicaudatus,Rodentia,Nesomyidae,86.85,0.08685,37,PanTHERIA_WR05
Naemorhedus baileyi,Artiodactyla,Bovidae,28863.45,28.86345,212.91,PanTHERIA_WR05
Naemorhedus goral,Artiodactyla,Bovidae,28796.51,28.79651,212.91,PanTHERIA_WR05
Nandinia binotata,Carnivora,Nandiniidae,2167.2,2.1672,65.35,PanTHERIA_WR05
Microtus guentheri,Rodentia,Cricetidae,49.99,0.04999,21,PanTHERIA_WR05
Mus caroli,Rodentia,Muridae,14.26,0.01426,18.1,PanTHERIA_WR05
Mus minutoides,Rodentia,Muridae,6.43,0.00643,20.71,PanTHERIA_WR05
Mus musculoides,Rodentia,Muridae,8.23,0.00823,23.5,PanTHERIA_WR05
Mus musculus,Rodentia,Muridae,19.3,0.0193,19.6,PanTHERIA_WR05
Muscardinus avellanarius,Rodentia,Gliridae,29.19,0.02919,24.97,PanTHERIA_WR05
Mustela altaica,Carnivora,Mustelidae,180.24,0.18024,40,PanTHERIA_WR05
Mustela erminea,Carnivora,Mustelidae,284.5,0.2845,66.35,PanTHERIA_WR05
Mustela eversmanii,Carnivora,Mustelidae,1684.21,1.68421,40.14,PanTHERIA_WR05
Mustela frenata,Carnivora,Mustelidae,190.03,0.19003,24.5,PanTHERIA_WR05
Mustela lutreola,Carnivora,Mustelidae,566.44,0.56644,43.74,PanTHERIA_WR05
Mustela nigripes,Carnivora,Mustelidae,907.1,0.9071,43,PanTHERIA_WR05
Mustela nivalis,Carnivora,Mustelidae,78.45,0.07845,36.49,PanTHERIA_WR05
Mustela putorius,Carnivora,Mustelidae,975.55,0.97555,41.49,PanTHERIA_WR05
Mustela sibirica,Carnivora,Mustelidae,530.85,0.53085,30.12,PanTHERIA_WR05
Myocastor coypus,Rodentia,Myocastoridae,6361.55,6.36155,131.86,PanTHERIA_WR05
Myodes californicus,Rodentia,Cricetidae,18.3,0.0183,18,PanTHERIA_WR05
Myodes gapperi,Rodentia,Cricetidae,19.83,0.01983,18,PanTHERIA_WR05
Myodes glareolus,Rodentia,Cricetidae,20.73,0.02073,19.74,PanTHERIA_WR05
Myodes rutilus,Rodentia,Cricetidae,19.94,0.01994,23.98,PanTHERIA_WR05
Myodes smithii,Rodentia,Cricetidae,34.94,0.03494,19,PanTHERIA_WR05
Myoprocta acouchy,Rodentia,Dasyproctidae,954.87,0.95487,98.43,PanTHERIA_WR05
Myoprocta pratti,Rodentia,Dasyproctidae,966.73,0.96673,99.65,PanTHERIA_WR05
Myopus schisticolor,Rodentia,Cricetidae,29.99,0.02999,23.74,PanTHERIA_WR05
Myotis albescens,Chiroptera,Vespertilionidae,5.69,0.00569,93.18,PanTHERIA_WR05
Myotis capaccinii,Chiroptera,Vespertilionidae,8.15,0.00815,54.99,PanTHERIA_WR05
Myotis daubentonii,Chiroptera,Vespertilionidae,7.63,0.00763,55.14,PanTHERIA_WR05
Myotis lucifugus,Chiroptera,Vespertilionidae,7.8,0.0078,59.79,PanTHERIA_WR05
Myotis myotis,Chiroptera,Vespertilionidae,25.59,0.02559,73,PanTHERIA_WR05
Nanger dama,Artiodactyla,Bovidae,71424.81,71.42481,194.93,PanTHERIA_WR05
Nanger granti,Artiodactyla,Bovidae,55464.46,55.46446,191.21,PanTHERIA_WR05
Nanger soemmerringii,Artiodactyla,Bovidae,41582.93,41.58293,192.53,PanTHERIA_WR05
Napaeozapus insignis,Rodentia,Dipodidae,22.25,0.02225,22.73,PanTHERIA_WR05
Nasalis larvatus,Primates,Cercopithecidae,12265.65,12.26565,165.04,PanTHERIA_WR05
Nasua narica,Carnivora,Procyonidae,4578.43,4.57843,76.82,PanTHERIA_WR05
Nasua nasua,Carnivora,Procyonidae,3775.5,3.7755,75.06,PanTHERIA_WR05
Natalus stramineus,Chiroptera,Natalidae,5.68,0.00568,244.85,PanTHERIA_WR05
Necromys lasiurus,Rodentia,Cricetidae,39.93,0.03993,21.97,PanTHERIA_WR05
Neofelis nebulosa,Carnivora,Felidae,14945.05,14.94505,93.44,PanTHERIA_WR05
Neofiber alleni,Rodentia,Cricetidae,265.38,0.26538,28.26,PanTHERIA_WR05
Neomys anomalus,Soricomorpha,Soricidae,13.19,0.01319,26,PanTHERIA_WR05
Neomys fodiens,Soricomorpha,Soricidae,15.26,0.01526,21.38,PanTHERIA_WR05
Neophoca cinerea,Carnivora,Otariidae,189274.99,189.27499,265.94,PanTHERIA_WR05
Neophocaena phocaenoides,Cetacea,Phocoenidae,32500,32.5,319.01,PanTHERIA_WR05
Neoromicia nanus,Chiroptera,Vespertilionidae,3.88,0.00388,75.56,PanTHERIA_WR05
Neotoma albigula,Rodentia,Cricetidae,208.18,0.20818,37,PanTHERIA_WR05
Neotoma cinerea,Rodentia,Cricetidae,285.89,0.28589,29.69,PanTHERIA_WR05
Neotoma floridana,Rodentia,Cricetidae,249.16,0.24916,34.84,PanTHERIA_WR05
Neotoma fuscipes,Rodentia,Cricetidae,213.26,0.21326,33.21,PanTHERIA_WR05
Neotoma lepida,Rodentia,Cricetidae,143.88,0.14388,32.99,PanTHERIA_WR05
Neotoma magister,Rodentia,Cricetidae,447,0.447,33.43,PanTHERIA_WR05
Neotoma mexicana,Rodentia,Cricetidae,203,0.203,33.21,PanTHERIA_WR05
Ochotona alpina,Lagomorpha,Ochotonidae,150,0.15,28.98,PanTHERIA_WR05
Ochotona cansus,Lagomorpha,Ochotonidae,68.75,0.06875,24.49,PanTHERIA_WR05
Ochotona curzoniae,Lagomorpha,Ochotonidae,159.47,0.15947,22.5,PanTHERIA_WR05
Ochotona dauurica,Lagomorpha,Ochotonidae,131.01,0.13101,30,PanTHERIA_WR05
Ochotona hyperborea,Lagomorpha,Ochotonidae,120,0.12,28,PanTHERIA_WR05
Ochotona princeps,Lagomorpha,Ochotonidae,157.63,0.15763,30.44,PanTHERIA_WR05
Ochotona pusilla,Lagomorpha,Ochotonidae,142.5,0.1425,21.99,PanTHERIA_WR05
Pelea capreolus,Artiodactyla,Bovidae,22731.33,22.73133,260.99,PanTHERIA_WR05
Okapia johnstoni,Artiodactyla,Giraffidae,230001.14,230.00114,442.99,PanTHERIA_WR05
Ommatophoca rossii,Carnivora,Phocidae,208252.12,208.25212,349.79,PanTHERIA_WR05
Ondatra zibethicus,Rodentia,Cricetidae,991.31,0.99131,27.86,PanTHERIA_WR05
Onychogalea fraenata,Diprotodontia,Macropodidae,4952.05,4.95205,23,PanTHERIA_WR05
Oryzomys megacephalus,Rodentia,Cricetidae,57,0.057,27.28,PanTHERIA_WR05
Oryzomys palustris,Rodentia,Cricetidae,53.26,0.05326,24.74,PanTHERIA_WR05
Neotoma micropus,Rodentia,Cricetidae,255.14,0.25514,34,PanTHERIA_WR05
Neotoma stephensi,Rodentia,Cricetidae,149.22,0.14922,31.65,PanTHERIA_WR05
Neotomodon alstoni,Rodentia,Cricetidae,44.64,0.04464,27.29,PanTHERIA_WR05
Neotragus batesi,Artiodactyla,Bovidae,2967.45,2.96745,181.24,PanTHERIA_WR05
Neotragus moschatus,Artiodactyla,Bovidae,5639.01,5.63901,180,PanTHERIA_WR05
Neotragus pygmaeus,Artiodactyla,Bovidae,3913.68,3.91368,180,PanTHERIA_WR05
Nesokia indica,Rodentia,Muridae,178.08,0.17808,17,PanTHERIA_WR05
Neurotrichus gibbsii,Soricomorpha,Talpidae,9.56,0.00956,21.27,PanTHERIA_WR05
Ningaui ridei,Dasyuromorphia,Dasyuridae,9.42,0.00942,13.49,PanTHERIA_WR05
Nomascus concolor,Primates,Hylobatidae,6410.47,6.41047,205.81,PanTHERIA_WR05
Notomys alexis,Rodentia,Muridae,32.34,0.03234,32.67,PanTHERIA_WR05
Notomys cervinus,Rodentia,Muridae,34.79,0.03479,41.54,PanTHERIA_WR05
Notomys fuscus,Rodentia,Muridae,39.28,0.03928,34.99,PanTHERIA_WR05
Notomys mitchellii,Rodentia,Muridae,42.8,0.0428,35.97,PanTHERIA_WR05
Nyctalus noctula,Chiroptera,Vespertilionidae,28.48,0.02848,72.24,PanTHERIA_WR05
Nyctereutes procyonoides,Carnivora,Canidae,4214.99,4.21499,61.84,PanTHERIA_WR05
Nycteris hispida,Chiroptera,Nycteridae,7.98,0.00798,91.24,PanTHERIA_WR05
Nycteris macrotis,Chiroptera,Nycteridae,14.49,0.01449,78.21,PanTHERIA_WR05
Nycteris nana,Chiroptera,Nycteridae,6.98,0.00698,107.97,PanTHERIA_WR05
Nycteris thebaica,Chiroptera,Nycteridae,9.2,0.0092,114.95,PanTHERIA_WR05
Nycticebus coucang,Primates,Lorisidae,924.55,0.92455,191.09,PanTHERIA_WR05
Nycticebus pygmaeus,Primates,Lorisidae,342.32,0.34232,185.42,PanTHERIA_WR05
Nycticeinops schlieffeni,Chiroptera,Vespertilionidae,5.05,0.00505,78.63,PanTHERIA_WR05
Nyctimene rabori,Chiroptera,Pteropodidae,68.25,0.06825,138.16,PanTHERIA_WR05
Nyctomys sumichrasti,Rodentia,Cricetidae,59.99,0.05999,33.98,PanTHERIA_WR05
Nyctophilus gouldi,Chiroptera,Vespertilionidae,11.32,0.01132,22.94,PanTHERIA_WR05
Ochotona rufescens,Lagomorpha,Ochotonidae,250,0.25,25.75,PanTHERIA_WR05
Ochrotomys nuttalli,Rodentia,Cricetidae,22.81,0.02281,29.1,PanTHERIA_WR05
Octodon degus,Rodentia,Octodontidae,203.27,0.20327,90.59,PanTHERIA_WR05
Octodontomys gliroides,Rodentia,Octodontidae,155.77,0.15577,104.5,PanTHERIA_WR05
Odobenus rosmarus,Carnivora,Odobenidae,1042996.2,1042.9962,357.39,PanTHERIA_WR05
Odocoileus hemionus,Artiodactyla,Cervidae,84560.57,84.56057,203.49,PanTHERIA_WR05
Odocoileus virginianus,Artiodactyla,Cervidae,75901.25,75.90125,201.39,PanTHERIA_WR05
Onychomys leucogaster,Rodentia,Cricetidae,27.92,0.02792,31.63,PanTHERIA_WR05
Onychomys torridus,Rodentia,Cricetidae,21.68,0.02168,28.37,PanTHERIA_WR05
Orcaella brevirostris,Cetacea,Delphinidae,189999.99,189.99999,425.83,PanTHERIA_WR05
Orcinus orca,Cetacea,Delphinidae,5628758.7,5628.7587,456.25,PanTHERIA_WR05
Oreamnos americanus,Artiodactyla,Bovidae,72105.4,72.1054,181.24,PanTHERIA_WR05
Oreonax flavicauda,Primates,Atelidae,8229.12,8.22912,225,PanTHERIA_WR05
Oreotragus oreotragus,Artiodactyla,Bovidae,13486.55,13.48655,214,PanTHERIA_WR05
Ornithorhynchus anatinus,Monotremata,Ornithorhynchidae,1484.25,1.48425,12.48,PanTHERIA_WR05
Orycteropus afer,Tubulidentata,Orycteropodidae,56175.2,56.1752,222.05,PanTHERIA_WR05
Oryctolagus cuniculus,Lagomorpha,Leporidae,1590.57,1.59057,30.45,PanTHERIA_WR05
Oryx dammah,Artiodactyla,Bovidae,199798.95,199.79895,248,PanTHERIA_WR05
Oryx gazella,Artiodactyla,Bovidae,188404.45,188.40445,273.75,PanTHERIA_WR05
Oryx leucoryx,Artiodactyla,Bovidae,75788.24,75.78824,239.99,PanTHERIA_WR05
Otaria flavescens,Carnivora,Otariidae,193670.53,193.67053,311.55,PanTHERIA_WR05
Otocyon megalotis,Carnivora,Canidae,4098.12,4.09812,67.54,PanTHERIA_WR05
Otolemur crassicaudatus,Primates,Galagidae,1206.61,1.20661,131.04,PanTHERIA_WR05
Otolemur garnettii,Primates,Galagidae,811.17,0.81117,132.24,PanTHERIA_WR05
Otomops martiensseni,Chiroptera,Molossidae,34.92,0.03492,92.54,PanTHERIA_WR05
Otomys irroratus,Rodentia,Muridae,114.45,0.11445,40.52,PanTHERIA_WR05
Ototylomys phyllotis,Rodentia,Cricetidae,86.94,0.08694,52.74,PanTHERIA_WR05
Ourebia ourebi,Artiodactyla,Bovidae,17186.09,17.18609,210.5,PanTHERIA_WR05
Ovibos moschatus,Artiodactyla,Bovidae,312500,312.5,256.26,PanTHERIA_WR05
Ovis ammon,Artiodactyla,Bovidae,113998.72,113.99872,165,PanTHERIA_WR05
Ovis aries,Artiodactyla,Bovidae,39097.89,39.09789,152.54,PanTHERIA_WR05
Ovis canadensis,Artiodactyla,Bovidae,74644.87,74.64487,177.49,PanTHERIA_WR05
Ovis dalli,Artiodactyla,Bovidae,70194.13,70.19413,172.49,PanTHERIA_WR05
Ozotoceros bezoarticus,Artiodactyla,Cervidae,34620.4,34.6204,220.38,PanTHERIA_WR05
Pachyuromys duprasi,Rodentia,Muridae,47.5,0.0475,20.4,PanTHERIA_WR05
Pagophilus groenlandicus,Carnivora,Phocidae,132250,132.25,242.9,PanTHERIA_WR05
Pan paniscus,Primates,Hominidae,35119.95,35.11995,235.24,PanTHERIA_WR05
Pan troglodytes,Primates,Hominidae,45000,45,231.49,PanTHERIA_WR05
Panthera leo,Carnivora,Felidae,158623.93,158.62393,108.74,PanTHERIA_WR05
Panthera onca,Carnivora,Felidae,83943.09,83.94309,102.49,PanTHERIA_WR05
Panthera pardus,Carnivora,Felidae,52399.99,52.39999,96.74,PanTHERIA_WR05
Panthera tigris,Carnivora,Felidae,161914.66,161.91466,105.19,PanTHERIA_WR05
Phocoena phocoena,Cetacea,Phocoenidae,52730.93,52.73093,333.28,PanTHERIA_WR05
Phocoenoides dalli,Cetacea,Phocoenidae,106042.53,106.04253,346.74,PanTHERIA_WR05
Phodopus campbelli,Rodentia,Cricetidae,27.06,0.02706,20.59,PanTHERIA_WR05
Phodopus sungorus,Rodentia,Cricetidae,30.43,0.03043,21,PanTHERIA_WR05
Phoniscus jagorii,Chiroptera,Vespertilionidae,4.7,0.0047,125.14,PanTHERIA_WR05
Pantholops hodgsonii,Artiodactyla,Bovidae,32733.12,32.73312,212.91,PanTHERIA_WR05
Papio anubis,Primates,Cercopithecidae,17728.56,17.72856,178.96,PanTHERIA_WR05
Papio cynocephalus,Primates,Cercopithecidae,15822.15,15.82215,172.99,PanTHERIA_WR05
Papio hamadryas,Primates,Cercopithecidae,14007.08,14.00708,180,PanTHERIA_WR05
Papio papio,Primates,Cercopithecidae,18026.05,18.02605,184.42,PanTHERIA_WR05
Papio ursinus,Primates,Cercopithecidae,17729.44,17.72944,185.92,PanTHERIA_WR05
Paradoxurus hermaphroditus,Carnivora,Viverridae,3200,3.2,61.27,PanTHERIA_WR05
Paraechinus aethiopicus,Erinaceomorpha,Erinaceidae,352.4,0.3524,36.7,PanTHERIA_WR05
Paraechinus micropus,Erinaceomorpha,Erinaceidae,171,0.171,37,PanTHERIA_WR05
Parantechinus apicalis,Dasyuromorphia,Dasyuridae,71.31,0.07131,48.5,PanTHERIA_WR05
Parascalops breweri,Soricomorpha,Talpidae,51.11,0.05111,35.46,PanTHERIA_WR05
Paraxerus cepapi,Rodentia,Sciuridae,222.85,0.22285,56.87,PanTHERIA_WR05
Paraxerus palliatus,Rodentia,Sciuridae,365.37,0.36537,62.01,PanTHERIA_WR05
Paraxerus poensis,Rodentia,Sciuridae,100,0.1,55.13,PanTHERIA_WR05
Parotomys brantsii,Rodentia,Muridae,129.5,0.1295,37.56,PanTHERIA_WR05
Pecari tajacu,Artiodactyla,Tayassuidae,21133.69,21.13369,144.88,PanTHERIA_WR05
Pedetes capensis,Rodentia,Pedetidae,2549.25,2.54925,78.02,PanTHERIA_WR05
Peponocephala electra,Cetacea,Delphinidae,206000,206,365,PanTHERIA_WR05
Perameles bougainville,Peramelemorphia,Peramelidae,230.8,0.2308,12,PanTHERIA_WR05
Perameles gunnii,Peramelemorphia,Peramelidae,903.46,0.90346,12.5,PanTHERIA_WR05
Perameles nasuta,Peramelemorphia,Peramelidae,720.26,0.72026,12.24,PanTHERIA_WR05
Perodicticus potto,Primates,Lorisidae,1081.81,1.08181,193,PanTHERIA_WR05
Perognathus fasciatus,Rodentia,Heteromyidae,11.29,0.01129,29.8,PanTHERIA_WR05
Perognathus flavus,Rodentia,Heteromyidae,7.97,0.00797,26,PanTHERIA_WR05
Perognathus longimembris,Rodentia,Heteromyidae,8.07,0.00807,22.74,PanTHERIA_WR05
Perognathus parvus,Rodentia,Heteromyidae,21.56,0.02156,23.5,PanTHERIA_WR05
Peromyscus boylii,Rodentia,Cricetidae,23.9,0.0239,23.3,PanTHERIA_WR05
Peromyscus californicus,Rodentia,Cricetidae,42.68,0.04268,32.95,PanTHERIA_WR05
Peromyscus crinitus,Rodentia,Cricetidae,16.32,0.01632,25.33,PanTHERIA_WR05
Peromyscus eremicus,Rodentia,Cricetidae,22.73,0.02273,27.35,PanTHERIA_WR05
Peromyscus gossypinus,Rodentia,Cricetidae,27.68,0.02768,23,PanTHERIA_WR05
Peromyscus hooperi,Rodentia,Cricetidae,35.99,0.03599,33.5,PanTHERIA_WR05
Peromyscus leucopus,Rodentia,Cricetidae,18.07,0.01807,23.17,PanTHERIA_WR05
Pteronotus parnellii,Chiroptera,Mormoopidae,19.59,0.01959,107.97,PanTHERIA_WR05
Pteronotus quadridens,Chiroptera,Mormoopidae,5.64,0.00564,156.43,PanTHERIA_WR05
Pteronura brasiliensis,Carnivora,Mustelidae,26000,26,70,PanTHERIA_WR05
Peromyscus maniculatus,Rodentia,Cricetidae,19.98,0.01998,26.68,PanTHERIA_WR05
Peromyscus melanocarpus,Rodentia,Cricetidae,58.9,0.0589,30.39,PanTHERIA_WR05
Peromyscus melanophrys,Rodentia,Cricetidae,40,0.04,24.7,PanTHERIA_WR05
Peromyscus melanotis,Rodentia,Cricetidae,39.59,0.03959,25.01,PanTHERIA_WR05
Peromyscus mexicanus,Rodentia,Cricetidae,42.58,0.04258,30.19,PanTHERIA_WR05
Peromyscus pectoralis,Rodentia,Cricetidae,38.99,0.03899,23,PanTHERIA_WR05
Peromyscus perfulvus,Rodentia,Cricetidae,40,0.04,43.24,PanTHERIA_WR05
Peromyscus polionotus,Rodentia,Cricetidae,14.27,0.01427,23.8,PanTHERIA_WR05
Peromyscus truei,Rodentia,Cricetidae,27,0.027,32.37,PanTHERIA_WR05
Peromyscus yucatanicus,Rodentia,Cricetidae,27.13,0.02713,30.8,PanTHERIA_WR05
Peropteryx kappleri,Chiroptera,Emballonuridae,9.85,0.00985,137.96,PanTHERIA_WR05
Peropteryx macrotis,Chiroptera,Emballonuridae,5.68,0.00568,129.27,PanTHERIA_WR05
Peroryctes broadbenti,Peramelemorphia,Peramelidae,4800,4.8,12,PanTHERIA_WR05
Petaurista petaurista,Rodentia,Sciuridae,1533.84,1.53384,45,PanTHERIA_WR05
Petaurus breviceps,Diprotodontia,Petauridae,120.76,0.12076,16.68,PanTHERIA_WR05
Petrogale assimilis,Diprotodontia,Macropodidae,4618.88,4.61888,30.99,PanTHERIA_WR05
Petrogale concinna,Diprotodontia,Macropodidae,1398.2,1.3982,31.46,PanTHERIA_WR05
Petrogale inornata,Diprotodontia,Macropodidae,4555.52,4.55552,30.99,PanTHERIA_WR05
Petrogale penicillata,Diprotodontia,Macropodidae,6931.6,6.9316,30.99,PanTHERIA_WR05
Petrogale persephone,Diprotodontia,Macropodidae,5585.63,5.58563,32,PanTHERIA_WR05
Petrogale xanthopus,Diprotodontia,Macropodidae,8499.99,8.49999,33.16,PanTHERIA_WR05
Phacochoerus aethiopicus,Artiodactyla,Suidae,75607.52,75.60752,165.4,PanTHERIA_WR05
Phacochoerus africanus,Artiodactyla,Suidae,82499.99,82.49999,172.49,PanTHERIA_WR05
Phalanger gymnotis,Diprotodontia,Phalangeridae,2597.89,2.59789,12.99,PanTHERIA_WR05
Phaner furcifer,Primates,Cheirogaleidae,409.87,0.40987,174.46,PanTHERIA_WR05
Phascogale calura,Dasyuromorphia,Dasyuridae,43.03,0.04303,29.49,PanTHERIA_WR05
Phascogale tapoatafa,Dasyuromorphia,Dasyuridae,192.65,0.19265,28.15,PanTHERIA_WR05
Phascolarctos cinereus,Diprotodontia,Phascolarctidae,6528.74,6.52874,34.29,PanTHERIA_WR05
Phenacomys intermedius,Rodentia,Cricetidae,25.2,0.0252,22.42,PanTHERIA_WR05
Phenacomys ungava,Rodentia,Cricetidae,27,0.027,22.29,PanTHERIA_WR05
Philantomba maxwellii,Artiodactyla,Bovidae,8557.69,8.55769,205,PanTHERIA_WR05
Philantomba monticola,Artiodactyla,Bovidae,4896.05,4.89605,205,PanTHERIA_WR05
Phoca largha,Carnivora,Phocidae,98879.18,98.87918,287.4,PanTHERIA_WR05
Phoca vitulina,Carnivora,Phocidae,87316.66,87.31666,288.95,PanTHERIA_WR05
Phocarctos hookeri,Carnivora,Otariidae,273499.99,273.49999,365,PanTHERIA_WR05
Phyllostomus discolor,Chiroptera,Phyllostomidae,36.7,0.0367,107.97,PanTHERIA_WR05
Phyllostomus hastatus,Chiroptera,Phyllostomidae,91.44,0.09144,123.39,PanTHERIA_WR05
Proechimys guairae,Rodentia,Echimyidae,349.28,0.34928,62.99,PanTHERIA_WR05
Proechimys guyannensis,Rodentia,Echimyidae,314.03,0.31403,63.41,PanTHERIA_WR05
Proechimys semispinosus,Rodentia,Echimyidae,353.32,0.35332,65.65,PanTHERIA_WR05
Profelis aurata,Carnivora,Felidae,11277.17,11.27717,81.34,PanTHERIA_WR05
Prolemur simus,Primates,Lemuridae,2030.41,2.03041,140,PanTHERIA_WR05
Propithecus coquereli,Primates,Indriidae,4189.27,4.18927,140.99,PanTHERIA_WR05
Propithecus diadema,Primates,Indriidae,6568.99,6.56899,152.08,PanTHERIA_WR05
Propithecus verreauxi,Primates,Indriidae,3588.26,3.58826,149.77,PanTHERIA_WR05
Ptenochirus jagori,Chiroptera,Pteropodidae,79.18,0.07918,125.14,PanTHERIA_WR05
Pteromys volans,Rodentia,Sciuridae,143.09,0.14309,28.18,PanTHERIA_WR05
Pteropus giganteus,Chiroptera,Pteropodidae,824.85,0.82485,166.59,PanTHERIA_WR05
Rhynchocyon chrysopygus,Macroscelidea,Macroscelididae,535.2,0.5352,42.27,PanTHERIA_WR05
Romerolagus diazi,Lagomorpha,Leporidae,465.58,0.46558,39.26,PanTHERIA_WR05
Rousettus aegyptiacus,Chiroptera,Pteropodidae,134,0.134,123.39,PanTHERIA_WR05
Rousettus amplexicaudatus,Chiroptera,Pteropodidae,74.37,0.07437,101.38,PanTHERIA_WR05
Sorex minutus,Soricomorpha,Soricidae,4.32,0.00432,23.81,PanTHERIA_WR05
Phyllotis darwini,Rodentia,Cricetidae,50.82,0.05082,33.21,PanTHERIA_WR05
Physeter catodon,Cetacea,Physeteridae,14540960,14540.96,472.99,PanTHERIA_WR05
Piliocolobus badius,Primates,Cercopithecidae,8430.4,8.4304,151.41,PanTHERIA_WR05
Pseudorca crassidens,Cetacea,Delphinidae,1360000,1360,462,PanTHERIA_WR05
Piliocolobus kirkii,Primates,Cercopithecidae,7158.29,7.15829,165,PanTHERIA_WR05
Piliocolobus preussi,Primates,Cercopithecidae,8865.71,8.86571,195,PanTHERIA_WR05
Piliocolobus rufomitratus,Primates,Cercopithecidae,8030.75,8.03075,195,PanTHERIA_WR05
Pipistrellus ceylonicus,Chiroptera,Vespertilionidae,8.05,0.00805,52.32,PanTHERIA_WR05
Pipistrellus javanicus,Chiroptera,Vespertilionidae,4.92,0.00492,71.48,PanTHERIA_WR05
Pipistrellus pipistrellus,Chiroptera,Vespertilionidae,5.3,0.0053,44,PanTHERIA_WR05
Pipistrellus rusticus,Chiroptera,Vespertilionidae,4.57,0.00457,80.4,PanTHERIA_WR05
Pipistrellus subflavus,Chiroptera,Vespertilionidae,5.74,0.00574,45.71,PanTHERIA_WR05
Pipistrellus tenuis,Chiroptera,Vespertilionidae,3.48,0.00348,61.27,PanTHERIA_WR05
Pithecia pithecia,Primates,Pitheciidae,1667.19,1.66719,161.13,PanTHERIA_WR05
Plagiodontia aedium,Rodentia,Capromyidae,1268.86,1.26886,136.5,PanTHERIA_WR05
Planigale gilesi,Dasyuromorphia,Dasyuridae,9.34,0.00934,15.74,PanTHERIA_WR05
Planigale maculata,Dasyuromorphia,Dasyuridae,12,0.012,19.74,PanTHERIA_WR05
Planigale tenuirostris,Dasyuromorphia,Dasyuridae,6.27,0.00627,19,PanTHERIA_WR05
Platanista gangetica,Cetacea,Platanistidae,93481.96,93.48196,304.16,PanTHERIA_WR05
Platanista minor,Cetacea,Platanistidae,75990.24,75.99024,304.16,PanTHERIA_WR05
Platyrrhinus lineatus,Chiroptera,Phyllostomidae,24.34,0.02434,107.97,PanTHERIA_WR05
Plecotus auritus,Chiroptera,Vespertilionidae,8.19,0.00819,65.12,PanTHERIA_WR05
Poecilogale albinucha,Carnivora,Mustelidae,308.16,0.30816,32.55,PanTHERIA_WR05
Poelagus marjorita,Lagomorpha,Leporidae,2509.7,2.5097,34.99,PanTHERIA_WR05
Pongo pygmaeus,Primates,Hominidae,53408.29,53.40829,259.42,PanTHERIA_WR05
Pontoporia blainvillei,Cetacea,Iniidae,40499.99,40.49999,326.89,PanTHERIA_WR05
Potamochoerus larvatus,Artiodactyla,Suidae,69063.79,69.06379,121.73,PanTHERIA_WR05
Potamochoerus porcus,Artiodactyla,Suidae,70000.31,70.00031,120,PanTHERIA_WR05
Potorous longipes,Diprotodontia,Potoroidae,1835.06,1.83506,38,PanTHERIA_WR05
Potorous tridactylus,Diprotodontia,Potoroidae,1054.67,1.05467,33.55,PanTHERIA_WR05
Potos flavus,Carnivora,Procyonidae,2441.81,2.44181,116.8,PanTHERIA_WR05
Praomys daltoni,Rodentia,Muridae,34.99,0.03499,27.64,PanTHERIA_WR05
Praomys jacksoni,Rodentia,Muridae,39.01,0.03901,35.49,PanTHERIA_WR05
Praomys morio,Rodentia,Muridae,41.73,0.04173,35.99,PanTHERIA_WR05
Praomys tullbergi,Rodentia,Muridae,37.1,0.0371,23.9,PanTHERIA_WR05
Priodontes maximus,Cingulata,Dasypodidae,40641.89,40.64189,124.24,PanTHERIA_WR05
Prionailurus bengalensis,Carnivora,Felidae,2780.97,2.78097,70.18,PanTHERIA_WR05
Prionailurus planiceps,Carnivora,Felidae,3533.76,3.53376,56,PanTHERIA_WR05
Prionailurus viverrinus,Carnivora,Felidae,8826.46,8.82646,71.43,PanTHERIA_WR05
Procapra gutturosa,Artiodactyla,Bovidae,28274.27,28.27427,189.94,PanTHERIA_WR05
Procavia capensis,Hyracoidea,Procaviidae,2952.48,2.95248,231.24,PanTHERIA_WR05
Procolobus verus,Primates,Cercopithecidae,3977.86,3.97786,167.84,PanTHERIA_WR05
Procyon cancrivorus,Carnivora,Procyonidae,6931.72,6.93172,69.35,PanTHERIA_WR05
Procyon lotor,Carnivora,Procyonidae,6373.72,6.37372,65,PanTHERIA_WR05
Proteles cristata,Carnivora,Hyaenidae,8139.39,8.13939,90.62,PanTHERIA_WR05
Przewalskium albirostris,Artiodactyla,Cervidae,161681.9,161.6819,263.41,PanTHERIA_WR05
Psammomys obesus,Rodentia,Muridae,102.15,0.10215,24.8,PanTHERIA_WR05
Pseudantechinus bilarni,Dasyuromorphia,Dasyuridae,23.05,0.02305,38.98,PanTHERIA_WR05
Pseudantechinus macdonnellensis,Dasyuromorphia,Dasyuridae,36.88,0.03688,44.72,PanTHERIA_WR05
Pseudantechinus ningbing,Dasyuromorphia,Dasyuridae,20.74,0.02074,46.71,PanTHERIA_WR05
Pseudois nayaur,Artiodactyla,Bovidae,52334.57,52.33457,159.74,PanTHERIA_WR05
Pseudomys albocinereus,Rodentia,Muridae,30.5,0.0305,29.75,PanTHERIA_WR05
Pseudomys apodemoides,Rodentia,Muridae,23.78,0.02378,44.49,PanTHERIA_WR05
Pseudomys australis,Rodentia,Muridae,52.97,0.05297,31.35,PanTHERIA_WR05
Pseudomys delicatulus,Rodentia,Muridae,8.56,0.00856,29.89,PanTHERIA_WR05
Pseudomys desertor,Rodentia,Muridae,37.09,0.03709,28.96,PanTHERIA_WR05
Pseudomys fieldi,Rodentia,Muridae,42.35,0.04235,29.49,PanTHERIA_WR05
Pseudomys gracilicaudatus,Rodentia,Muridae,79.53,0.07953,27,PanTHERIA_WR05
Pseudomys hermannsburgensis,Rodentia,Muridae,13.38,0.01338,31.5,PanTHERIA_WR05
Pseudomys higginsi,Rodentia,Muridae,63.16,0.06316,32.16,PanTHERIA_WR05
Pseudomys nanus,Rodentia,Muridae,70.38,0.07038,23.99,PanTHERIA_WR05
Pseudomys novaehollandiae,Rodentia,Muridae,16.8,0.0168,31.48,PanTHERIA_WR05
Pteropus livingstonii,Chiroptera,Pteropodidae,734.27,0.73427,152.08,PanTHERIA_WR05
Pteropus ornatus,Chiroptera,Pteropodidae,336.25,0.33625,187.72,PanTHERIA_WR05
Pteropus poliocephalus,Chiroptera,Pteropodidae,702.78,0.70278,187.72,PanTHERIA_WR05
Pteropus rodricensis,Chiroptera,Pteropodidae,256.17,0.25617,154.24,PanTHERIA_WR05
Pteropus seychellensis,Chiroptera,Pteropodidae,492.2,0.4922,156.43,PanTHERIA_WR05
Pteropus tonganus,Chiroptera,Pteropodidae,561.51,0.56151,167.29,PanTHERIA_WR05
Pteropus voeltzkowi,Chiroptera,Pteropodidae,542.4,0.5424,152.08,PanTHERIA_WR05
Pudu puda,Artiodactyla,Cervidae,9642.62,9.64262,210,PanTHERIA_WR05
Puma concolor,Carnivora,Felidae,53954.05,53.95405,92.3,PanTHERIA_WR05
Puma yagouaroundi,Carnivora,Felidae,6875,6.875,75.01,PanTHERIA_WR05
Pusa caspica,Carnivora,Phocidae,62326.2,62.3262,334.58,PanTHERIA_WR05
Pusa hispida,Carnivora,Phocidae,70963.6,70.9636,270,PanTHERIA_WR05
Rusa unicolor,Artiodactyla,Cervidae,177522.9,177.5229,246,PanTHERIA_WR05
Rhizomys sumatrensis,Rodentia,Spalacidae,2500,2.5,21.99,PanTHERIA_WR05
Pusa sibirica,Carnivora,Phocidae,89499.99,89.49999,277.63,PanTHERIA_WR05
Pygathrix nemaeus,Primates,Cercopithecidae,9411.1,9.4111,182.88,PanTHERIA_WR05
Pygeretmus pumilio,Rodentia,Dipodidae,52.24,0.05224,27.5,PanTHERIA_WR05
Rousettus leschenaultii,Chiroptera,Pteropodidae,84.88,0.08488,121.66,PanTHERIA_WR05
Rousettus madagascariensis,Chiroptera,Pteropodidae,65.72,0.06572,126.88,PanTHERIA_WR05
Rucervus duvaucelii,Artiodactyla,Cervidae,171223.86,171.22386,245,PanTHERIA_WR05
Rucervus eldii,Artiodactyla,Cervidae,95471.61,95.47161,240.19,PanTHERIA_WR05
Rupicapra rupicapra,Artiodactyla,Bovidae,33266.35,33.26635,178.32,PanTHERIA_WR05
Rusa alfredi,Artiodactyla,Cervidae,46475.04,46.47504,243.33,PanTHERIA_WR05
Rusa timorensis,Artiodactyla,Cervidae,66375.5,66.3755,250.29,PanTHERIA_WR05
Saccostomus campestris,Rodentia,Nesomyidae,50.33,0.05033,20.84,PanTHERIA_WR05
Saguinus bicolor,Primates,Cebidae,465,0.465,158.16,PanTHERIA_WR05
Saguinus fuscicollis,Primates,Cebidae,393.99,0.39399,148,PanTHERIA_WR05
Rangifer tarandus,Artiodactyla,Cervidae,109088.5,109.0885,222.5,PanTHERIA_WR05
Raphicerus campestris,Artiodactyla,Bovidae,11661.53,11.66153,210,PanTHERIA_WR05
Raphicerus sharpei,Artiodactyla,Bovidae,9396.9,9.3969,212.91,PanTHERIA_WR05
Rattus argentiventer,Rodentia,Muridae,165.37,0.16537,21.4,PanTHERIA_WR05
Rattus exulans,Rodentia,Muridae,50.63,0.05063,21.34,PanTHERIA_WR05
Rattus fuscipes,Rodentia,Muridae,124.58,0.12458,22.95,PanTHERIA_WR05
Rattus lutreolus,Rodentia,Muridae,106,0.106,24.81,PanTHERIA_WR05
Rattus norvegicus,Rodentia,Muridae,282.89,0.28289,21.74,PanTHERIA_WR05
Rattus rattus,Rodentia,Muridae,142.68,0.14268,23.45,PanTHERIA_WR05
Rattus sordidus,Rodentia,Muridae,157.5,0.1575,21.89,PanTHERIA_WR05
Rattus tiomanicus,Rodentia,Muridae,119.29,0.11929,21.99,PanTHERIA_WR05
Rattus tunneyi,Rodentia,Muridae,169.29,0.16929,22.29,PanTHERIA_WR05
Rattus verecundus,Rodentia,Muridae,97.02,0.09702,23.72,PanTHERIA_WR05
Ratufa bicolor,Rodentia,Sciuridae,1609.08,1.60908,31.5,PanTHERIA_WR05
Ratufa indica,Rodentia,Sciuridae,1060,1.06,83.64,PanTHERIA_WR05
Ratufa macroura,Rodentia,Sciuridae,1326.24,1.32624,28,PanTHERIA_WR05
Redunca arundinum,Artiodactyla,Bovidae,58059.24,58.05924,220.52,PanTHERIA_WR05
Redunca fulvorufula,Artiodactyla,Bovidae,29352.66,29.35266,222.99,PanTHERIA_WR05
Redunca redunca,Artiodactyla,Bovidae,43288.95,43.28895,228.12,PanTHERIA_WR05
Reithrodontomys humulis,Rodentia,Cricetidae,8.25,0.00825,21.26,PanTHERIA_WR05
Reithrodontomys megalotis,Rodentia,Cricetidae,10.72,0.01072,23.5,PanTHERIA_WR05
Reithrodontomys montanus,Rodentia,Cricetidae,10.9,0.0109,21,PanTHERIA_WR05
Reithrodontomys raviventris,Rodentia,Cricetidae,10.95,0.01095,22.5,PanTHERIA_WR05
Rhabdomys pumilio,Rodentia,Muridae,40.73,0.04073,25.44,PanTHERIA_WR05
Rhinoceros sondaicus,Perissodactyla,Rhinocerotidae,1750000,1750,486.66,PanTHERIA_WR05
Rhinoceros unicornis,Perissodactyla,Rhinocerotidae,1843655.8,1843.6558,478.99,PanTHERIA_WR05
Rhinolophus blasii,Chiroptera,Rhinolophidae,10.29,0.01029,91.24,PanTHERIA_WR05
Rhinolophus capensis,Chiroptera,Rhinolophidae,12.87,0.01287,107.97,PanTHERIA_WR05
Rhinolophus euryale,Chiroptera,Rhinolophidae,9.25,0.00925,92.54,PanTHERIA_WR05
Rhinolophus ferrumequinum,Chiroptera,Rhinolophidae,22.59,0.02259,91.24,PanTHERIA_WR05
Rhinolophus fumigatus,Chiroptera,Rhinolophidae,13.09,0.01309,92.54,PanTHERIA_WR05
Rhinolophus hildebrandtii,Chiroptera,Rhinolophidae,25.99,0.02599,92.54,PanTHERIA_WR05
Rhinolophus hipposideros,Chiroptera,Rhinolophidae,4.57,0.00457,75.51,PanTHERIA_WR05
Rhinolophus landeri,Chiroptera,Rhinolophidae,9.39,0.00939,119.61,PanTHERIA_WR05
Rhinolophus megaphyllus,Chiroptera,Rhinolophidae,10.17,0.01017,125.14,PanTHERIA_WR05
Rhinolophus rouxii,Chiroptera,Rhinolophidae,12.25,0.01225,123.54,PanTHERIA_WR05
Rhinolophus simulator,Chiroptera,Rhinolophidae,8.13,0.00813,91.24,PanTHERIA_WR05
Rhinolophus swinnyi,Chiroptera,Rhinolophidae,7.07,0.00707,91.24,PanTHERIA_WR05
Rhinonicteris aurantia,Chiroptera,Hipposideridae,8.99,0.00899,148.4,PanTHERIA_WR05
Rhinopithecus avunculus,Primates,Cercopithecidae,9086.19,9.08619,200,PanTHERIA_WR05
Rhinopithecus bieti,Primates,Cercopithecidae,11000.54,11.00054,170,PanTHERIA_WR05
Rhinopithecus brelichi,Primates,Cercopithecidae,12267.15,12.26715,200,PanTHERIA_WR05
Rhinopithecus roxellana,Primates,Cercopithecidae,13456.8,13.4568,199.34,PanTHERIA_WR05
Rhinopoma hardwickii,Chiroptera,Rhinopomatidae,13.1,0.0131,98.28,PanTHERIA_WR05
Rhinopoma microphyllum,Chiroptera,Rhinopomatidae,28.02,0.02802,114.87,PanTHERIA_WR05
Saguinus labiatus,Primates,Cebidae,508.46,0.50846,144.16,PanTHERIA_WR05
Saguinus leucopus,Primates,Cebidae,456.68,0.45668,142.5,PanTHERIA_WR05
Saguinus midas,Primates,Cebidae,540.56,0.54056,138.24,PanTHERIA_WR05
Saguinus mystax,Primates,Cebidae,555.87,0.55587,148.28,PanTHERIA_WR05
Saguinus oedipus,Primates,Cebidae,462.04,0.46204,166.49,PanTHERIA_WR05
Saiga tatarica,Artiodactyla,Bovidae,37734.01,37.73401,148.49,PanTHERIA_WR05
Saimiri boliviensis,Primates,Cebidae,799.45,0.79945,157.79,PanTHERIA_WR05
Spalax leucodon,Rodentia,Spalacidae,188.67,0.18867,29.18,PanTHERIA_WR05
Speothos venaticus,Carnivora,Canidae,6324.54,6.32454,67.78,PanTHERIA_WR05
Spermophilus armatus,Rodentia,Sciuridae,306.48,0.30648,24.5,PanTHERIA_WR05
Spermophilus beecheyi,Rodentia,Sciuridae,597.82,0.59782,28.37,PanTHERIA_WR05
Spermophilus beldingi,Rodentia,Sciuridae,272.53,0.27253,26.19,PanTHERIA_WR05
Sorex unguiculatus,Soricomorpha,Soricidae,14.11,0.01411,28,PanTHERIA_WR05
Sorex vagrans,Soricomorpha,Soricidae,5.99,0.00599,20.13,PanTHERIA_WR05
Spermophilus brunneus,Rodentia,Sciuridae,300,0.3,24.5,PanTHERIA_WR05
Spermophilus citellus,Rodentia,Sciuridae,395.97,0.39597,27.74,PanTHERIA_WR05
Spermophilus columbianus,Rodentia,Sciuridae,470.94,0.47094,24.09,PanTHERIA_WR05
Spermophilus elegans,Rodentia,Sciuridae,324.45,0.32445,22.97,PanTHERIA_WR05
Saimiri oerstedii,Primates,Cebidae,714.18,0.71418,161,PanTHERIA_WR05
Saimiri sciureus,Primates,Cebidae,749.47,0.74947,164.09,PanTHERIA_WR05
Sarcophilus harrisii,Dasyuromorphia,Dasyuridae,8202.25,8.20225,21,PanTHERIA_WR05
Scalopus aquaticus,Soricomorpha,Talpidae,87.15,0.08715,41.99,PanTHERIA_WR05
Scapanus latimanus,Soricomorpha,Talpidae,62.46,0.06246,40,PanTHERIA_WR05
Scapanus orarius,Soricomorpha,Talpidae,62.13,0.06213,40,PanTHERIA_WR05
Sciurus aberti,Rodentia,Sciuridae,622.95,0.62295,40.98,PanTHERIA_WR05
Sciurus carolinensis,Rodentia,Sciuridae,545.4,0.5454,44.79,PanTHERIA_WR05
Sciurus griseus,Rodentia,Sciuridae,703.85,0.70385,43.49,PanTHERIA_WR05
Sciurus vulgaris,Rodentia,Sciuridae,333,0.333,38,PanTHERIA_WR05
Scotinomys teguina,Rodentia,Cricetidae,11.59,0.01159,31.2,PanTHERIA_WR05
Scotinomys xerampelinus,Rodentia,Cricetidae,15.07,0.01507,33.53,PanTHERIA_WR05
Scotophilus borbonicus,Chiroptera,Vespertilionidae,19.02,0.01902,185.3,PanTHERIA_WR05
Scotophilus heathii,Chiroptera,Vespertilionidae,36.13,0.03613,112.7,PanTHERIA_WR05
Scotophilus kuhlii,Chiroptera,Vespertilionidae,20.31,0.02031,110,PanTHERIA_WR05
Scotophilus leucogaster,Chiroptera,Vespertilionidae,20.24,0.02024,228.12,PanTHERIA_WR05
Scotorepens balstoni,Chiroptera,Vespertilionidae,11.92,0.01192,212.91,PanTHERIA_WR05
Semnopithecus entellus,Primates,Cercopithecidae,12679.29,12.67929,197.7,PanTHERIA_WR05
Setifer setosus,Afrosoricida,Tenrecidae,263.22,0.26322,57.63,PanTHERIA_WR05
Setonix brachyurus,Diprotodontia,Macropodidae,3027.67,3.02767,27.89,PanTHERIA_WR05
Sicista betulina,Rodentia,Dipodidae,8.92,0.00892,31.5,PanTHERIA_WR05
Sicista napaea,Rodentia,Dipodidae,10,0.01,20,PanTHERIA_WR05
Sigmodon alleni,Rodentia,Cricetidae,174.09,0.17409,36.5,PanTHERIA_WR05
Sigmodon fulviventer,Rodentia,Cricetidae,195.94,0.19594,36.5,PanTHERIA_WR05
Sigmodon hispidus,Rodentia,Cricetidae,110.65,0.11065,27,PanTHERIA_WR05
Sigmodon leucotis,Rodentia,Cricetidae,131.78,0.13178,34.99,PanTHERIA_WR05
Sigmodon ochrognathus,Rodentia,Cricetidae,122,0.122,34.59,PanTHERIA_WR05
Sminthopsis crassicaudata,Dasyuromorphia,Dasyuridae,15.98,0.01598,16,PanTHERIA_WR05
Sminthopsis leucopus,Dasyuromorphia,Dasyuridae,23.36,0.02336,17.32,PanTHERIA_WR05
Sminthopsis longicaudata,Dasyuromorphia,Dasyuridae,18,0.018,14.21,PanTHERIA_WR05
Sminthopsis macroura,Dasyuromorphia,Dasyuridae,23.56,0.02356,11.72,PanTHERIA_WR05
Sminthopsis murina,Dasyuromorphia,Dasyuridae,17,0.017,12.5,PanTHERIA_WR05
Sminthopsis ooldea,Dasyuromorphia,Dasyuridae,12.19,0.01219,20.87,PanTHERIA_WR05
Sminthopsis virginiae,Dasyuromorphia,Dasyuridae,35.24,0.03524,16.31,PanTHERIA_WR05
Solenodon paradoxus,Soricomorpha,Solenodontidae,899.99,0.89999,64.8,PanTHERIA_WR05
Sorex araneus,Soricomorpha,Soricidae,9.18,0.00918,21.5,PanTHERIA_WR05
Sorex arcticus,Soricomorpha,Soricidae,8.19,0.00819,17,PanTHERIA_WR05
Sorex cinereus,Soricomorpha,Soricidae,4.2,0.0042,18.11,PanTHERIA_WR05
Sorex coronatus,Soricomorpha,Soricidae,9.32,0.00932,23.99,PanTHERIA_WR05
Sorex fumeus,Soricomorpha,Soricidae,7.83,0.00783,21,PanTHERIA_WR05
Sorex isodon,Soricomorpha,Soricidae,12.23,0.01223,18,PanTHERIA_WR05
Sorex palustris,Soricomorpha,Soricidae,13.07,0.01307,21,PanTHERIA_WR05
Sotalia fluviatilis,Cetacea,Delphinidae,42833.44,42.83344,310.25,PanTHERIA_WR05
Spalacopus cyanus,Rodentia,Octodontidae,100.86,0.10086,80.3,PanTHERIA_WR05
Aepyceros melampus,Artiodactyla,Bovidae,52591.69,52.59169,196.74,PanTHERIA_WR05
Aepyprymnus rufescens,Diprotodontia,Potoroidae,2810.31,2.81031,22.8,PanTHERIA_WR05
Spermophilus franklinii,Rodentia,Sciuridae,457.64,0.45764,28,PanTHERIA_WR05
Spermophilus fulvus,Rodentia,Sciuridae,778.38,0.77838,30.41,PanTHERIA_WR05
Spermophilus lateralis,Rodentia,Sciuridae,175.1,0.1751,28.42,PanTHERIA_WR05
Spermophilus mohavensis,Rodentia,Sciuridae,213.18,0.21318,24.31,PanTHERIA_WR05
Spermophilus parryii,Rodentia,Sciuridae,747.09,0.74709,25.16,PanTHERIA_WR05
Spermophilus pygmaeus,Rodentia,Sciuridae,173.46,0.17346,26.48,PanTHERIA_WR05
Spermophilus richardsonii,Rodentia,Sciuridae,325.1,0.3251,22.8,PanTHERIA_WR05
Spermophilus suslicus,Rodentia,Sciuridae,252,0.252,22.44,PanTHERIA_WR05
Spermophilus tereticaudus,Rodentia,Sciuridae,147.57,0.14757,27.57,PanTHERIA_WR05
Spermophilus townsendii,Rodentia,Sciuridae,207.29,0.20729,22.05,PanTHERIA_WR05
Spermophilus tridecemlineatus,Rodentia,Sciuridae,174.91,0.17491,27.5,PanTHERIA_WR05
Spermophilus undulatus,Rodentia,Sciuridae,742.91,0.74291,25.33,PanTHERIA_WR05
Spermophilus variegatus,Rodentia,Sciuridae,714.58,0.71458,30,PanTHERIA_WR05
Addax nasomaculatus,Artiodactyla,Bovidae,96077.36,96.07736,262.74,PanTHERIA_WR05
Aethomys chrysophilus,Rodentia,Muridae,80.85,0.08085,26.17,PanTHERIA_WR05
Aethomys hindei,Rodentia,Muridae,140.65,0.14065,24.66,PanTHERIA_WR05
Aethomys kaiseri,Rodentia,Muridae,89.99,0.08999,27,PanTHERIA_WR05
Ailuropoda melanoleuca,Carnivora,Ursidae,117999.99,117.99999,134.99,PanTHERIA_WR05
Ailurus fulgens,Carnivora,Ailuridae,5170.08,5.17008,131.5,PanTHERIA_WR05
Spilocuscus maculatus,Diprotodontia,Phalangeridae,4060.46,4.06046,12.99,PanTHERIA_WR05
Spilogale putorius,Carnivora,Mephitidae,566.49,0.56649,32.99,PanTHERIA_WR05
Spilogale pygmaea,Carnivora,Mephitidae,365,0.365,47.22,PanTHERIA_WR05
Stenella attenuata,Cetacea,Delphinidae,65733.59,65.73359,345.19,PanTHERIA_WR05
Stenella coeruleoalba,Cetacea,Delphinidae,142102.96,142.10296,386.05,PanTHERIA_WR05
Stenella longirostris,Cetacea,Delphinidae,50500,50.5,322.41,PanTHERIA_WR05
Sturnira lilium,Chiroptera,Phyllostomidae,20.19,0.02019,107.97,PanTHERIA_WR05
Suncus etruscus,Soricomorpha,Soricidae,2.26,0.00226,27.5,PanTHERIA_WR05
Suncus murinus,Soricomorpha,Soricidae,43.76,0.04376,30.19,PanTHERIA_WR05
Tadarida fulminans,Chiroptera,Molossidae,33.89,0.03389,104.29,PanTHERIA_WR05
Tragelaphus scriptus,Artiodactyla,Bovidae,43250.39,43.25039,182.5,PanTHERIA_WR05
Tragelaphus spekii,Artiodactyla,Bovidae,75554.25,75.55425,241.15,PanTHERIA_WR05
Tragelaphus strepsiceros,Artiodactyla,Bovidae,206056.41,206.05641,220.94,PanTHERIA_WR05
Tragulus javanicus,Artiodactyla,Tragulidae,1889.93,1.88993,158.55,PanTHERIA_WR05
Tragulus napu,Artiodactyla,Tragulidae,5273.67,5.27367,154.24,PanTHERIA_WR05
Tremarctos ornatus,Carnivora,Ursidae,123176.97,123.17697,215,PanTHERIA_WR05
Trichechus inunguis,Sirenia,Trichechidae,418001.19,418.00119,372.74,PanTHERIA_WR05
Trichechus manatus,Sirenia,Trichechidae,467324.83,467.32483,334.58,PanTHERIA_WR05
Trichechus senegalensis,Sirenia,Trichechidae,454000,454,380.2,PanTHERIA_WR05
Trichosurus caninus,Diprotodontia,Phalangeridae,3115.06,3.11506,16.2,PanTHERIA_WR05
Trichosurus vulpecula,Diprotodontia,Phalangeridae,2685.39,2.68539,17.5,PanTHERIA_WR05
Tapirus pinchaque,Perissodactyla,Tapiridae,156923.4,156.9234,393.99,PanTHERIA_WR05
Tapirus terrestris,Perissodactyla,Tapiridae,169496.64,169.49664,395.41,PanTHERIA_WR05
Tarsipes rostratus,Diprotodontia,Tarsipedidae,9.66,0.00966,61.27,PanTHERIA_WR05
Tarsius bancanus,Primates,Tarsiidae,114.39,0.11439,125.84,PanTHERIA_WR05
Acomys cahirinus,Rodentia,Muridae,41.16,0.04116,38.54,PanTHERIA_WR05
Suricata suricatta,Carnivora,Herpestidae,729.99,0.72999,77,PanTHERIA_WR05
Sus barbatus,Artiodactyla,Suidae,135805.95,135.80595,114.63,PanTHERIA_WR05
Sus cebifrons,Artiodactyla,Suidae,190792.3,190.7923,125.14,PanTHERIA_WR05
Sus celebensis,Artiodactyla,Suidae,53813.21,53.81321,126,PanTHERIA_WR05
Sus philippensis,Artiodactyla,Suidae,190792.3,190.7923,125.14,PanTHERIA_WR05
Sus salvanius,Artiodactyla,Suidae,7974.13,7.97413,110.5,PanTHERIA_WR05
Sus scrofa,Artiodactyla,Suidae,84471.54,84.47154,115.2,PanTHERIA_WR05
Sus verrucosus,Artiodactyla,Suidae,89406.23,89.40623,121.66,PanTHERIA_WR05
Sylvicapra grimmia,Artiodactyla,Bovidae,15639.15,15.63915,174.89,PanTHERIA_WR05
Sylvilagus aquaticus,Lagomorpha,Leporidae,2133.34,2.13334,37.24,PanTHERIA_WR05
Sylvilagus audubonii,Lagomorpha,Leporidae,880.88,0.88088,28,PanTHERIA_WR05
Sylvilagus bachmani,Lagomorpha,Leporidae,714.53,0.71453,27,PanTHERIA_WR05
Sylvilagus brasiliensis,Lagomorpha,Leporidae,986.74,0.98674,42.5,PanTHERIA_WR05
Sylvilagus cunicularius,Lagomorpha,Leporidae,2489.54,2.48954,30,PanTHERIA_WR05
Sylvilagus floridanus,Lagomorpha,Leporidae,1207.19,1.20719,27,PanTHERIA_WR05
Sylvilagus nuttallii,Lagomorpha,Leporidae,801.54,0.80154,28.24,PanTHERIA_WR05
Sylvilagus palustris,Lagomorpha,Leporidae,1355.23,1.35523,33.46,PanTHERIA_WR05
Sylvilagus transitionalis,Lagomorpha,Leporidae,813.51,0.81351,28,PanTHERIA_WR05
Symphalangus syndactylus,Primates,Hylobatidae,10839,10.839,230.66,PanTHERIA_WR05
Synaptomys cooperi,Rodentia,Cricetidae,28.01,0.02801,23.3,PanTHERIA_WR05
Syncerus caffer,Artiodactyla,Bovidae,592665.98,592.66598,337.49,PanTHERIA_WR05
Tachyglossus aculeatus,Monotremata,Tachyglossidae,4499.97,4.49997,17.72,PanTHERIA_WR05
Tachyoryctes splendens,Rodentia,Spalacidae,227.13,0.22713,39.01,PanTHERIA_WR05
Tadarida aegyptiaca,Chiroptera,Molossidae,17.63,0.01763,85.52,PanTHERIA_WR05
Tadarida brasiliensis,Chiroptera,Molossidae,12.61,0.01261,89.99,PanTHERIA_WR05
Talpa europaea,Soricomorpha,Talpidae,87.53,0.08753,30.41,PanTHERIA_WR05
Tamandua mexicana,Pilosa,Myrmecophagidae,4178.51,4.17851,163.24,PanTHERIA_WR05
Tamandua tetradactyla,Pilosa,Myrmecophagidae,4800,4.8,160,PanTHERIA_WR05
Tamias amoenus,Rodentia,Sciuridae,50.63,0.05063,30.46,PanTHERIA_WR05
Tamias cinereicollis,Rodentia,Sciuridae,61.59,0.06159,30.19,PanTHERIA_WR05
Tamias dorsalis,Rodentia,Sciuridae,63.66,0.06366,29.49,PanTHERIA_WR05
Tamias merriami,Rodentia,Sciuridae,74.77,0.07477,33.37,PanTHERIA_WR05
Tamias minimus,Rodentia,Sciuridae,42.87,0.04287,29.19,PanTHERIA_WR05
Tamias palmeri,Rodentia,Sciuridae,60.74,0.06074,33.21,PanTHERIA_WR05
Tamias panamintinus,Rodentia,Sciuridae,51.73,0.05173,36.23,PanTHERIA_WR05
Tamias quadrimaculatus,Rodentia,Sciuridae,83.62,0.08362,31.65,PanTHERIA_WR05
Tamias quadrivittatus,Rodentia,Sciuridae,57.49,0.05749,31.7,PanTHERIA_WR05
Tamias rufus,Rodentia,Sciuridae,53.6,0.0536,32.85,PanTHERIA_WR05
Tamias sibiricus,Rodentia,Sciuridae,94.16,0.09416,34.98,PanTHERIA_WR05
Tamias townsendii,Rodentia,Sciuridae,79.12,0.07912,28,PanTHERIA_WR05
Tamiasciurus douglasii,Rodentia,Sciuridae,225,0.225,38.98,PanTHERIA_WR05
Tamiasciurus hudsonicus,Rodentia,Sciuridae,200.24,0.20024,34.25,PanTHERIA_WR05
Taphozous georgianus,Chiroptera,Emballonuridae,30.52,0.03052,106.86,PanTHERIA_WR05
Taphozous longimanus,Chiroptera,Emballonuridae,25.11,0.02511,107.22,PanTHERIA_WR05
Taphozous mauritianus,Chiroptera,Emballonuridae,27.97,0.02797,42.89,PanTHERIA_WR05
Taphozous melanopogon,Chiroptera,Emballonuridae,25.99,0.02599,122.5,PanTHERIA_WR05
Taphozous nudiventris,Chiroptera,Emballonuridae,32.49,0.03249,100.11,PanTHERIA_WR05
Taphozous perforatus,Chiroptera,Emballonuridae,24.43,0.02443,91.24,PanTHERIA_WR05
Tapirus bairdii,Perissodactyla,Tapiridae,293781.59,293.78159,396.24,PanTHERIA_WR05
Tapirus indicus,Perissodactyla,Tapiridae,311209.19,311.20919,396.5,PanTHERIA_WR05
Tarsius syrichta,Primates,Tarsiidae,115.91,0.11591,177.99,PanTHERIA_WR05
Abrocoma cinerea,Rodentia,Abrocomidae,193.64,0.19364,109.49,PanTHERIA_WR05
Acinonyx jubatus,Carnivora,Felidae,50577.92,50.57792,92.24,PanTHERIA_WR05
Akodon azarae,Rodentia,Cricetidae,25.27,0.02527,23,PanTHERIA_WR05
Akodon molinae,Rodentia,Cricetidae,32.99,0.03299,23,PanTHERIA_WR05
Alcelaphus buselaphus,Artiodactyla,Bovidae,160937.86,160.93786,242.66,PanTHERIA_WR05
Alcelaphus lichtensteinii,Artiodactyla,Bovidae,168695.66,168.69566,237,PanTHERIA_WR05
Alces alces,Artiodactyla,Cervidae,461900.76,461.90076,235,PanTHERIA_WR05
Alces americanus,Artiodactyla,Cervidae,541460.44,541.46044,245,PanTHERIA_WR05
Alouatta caraya,Primates,Atelidae,5576.96,5.57696,185.92,PanTHERIA_WR05
Alouatta palliata,Primates,Atelidae,6576.99,6.57699,185.42,PanTHERIA_WR05
Alouatta pigra,Primates,Atelidae,7172.06,7.17206,185.92,PanTHERIA_WR05
Alouatta seniculus,Primates,Atelidae,6398.31,6.39831,189.9,PanTHERIA_WR05
Alticola strelzowi,Rodentia,Cricetidae,49.99,0.04999,20.85,PanTHERIA_WR05
Ammodorcas clarkei,Artiodactyla,Bovidae,28049.81,28.04981,200,PanTHERIA_WR05
Ammospermophilus harrisii,Rodentia,Sciuridae,126.57,0.12657,29.19,PanTHERIA_WR05
Ammospermophilus leucurus,Rodentia,Sciuridae,103.92,0.10392,29.38,PanTHERIA_WR05
Ammospermophilus nelsoni,Rodentia,Sciuridae,160.42,0.16042,26,PanTHERIA_WR05
Ammotragus lervia,Artiodactyla,Bovidae,94202.22,94.20222,156.24,PanTHERIA_WR05
Anoura caudifer,Chiroptera,Phyllostomidae,10.81,0.01081,107.97,PanTHERIA_WR05
Anoura geoffroyi,Chiroptera,Phyllostomidae,15.15,0.01515,125.14,PanTHERIA_WR05
Antechinomys laniger,Dasyuromorphia,Dasyuridae,25.57,0.02557,11.74,PanTHERIA_WR05
Antechinus agilis,Dasyuromorphia,Dasyuridae,22.13,0.02213,27,PanTHERIA_WR05
Antechinus bellus,Dasyuromorphia,Dasyuridae,38.73,0.03873,30,PanTHERIA_WR05
Antechinus flavipes,Dasyuromorphia,Dasyuridae,44.33,0.04433,28,PanTHERIA_WR05
Antechinus leo,Dasyuromorphia,Dasyuridae,70.09,0.07009,30.99,PanTHERIA_WR05
Antechinus minimus,Dasyuromorphia,Dasyuridae,52.56,0.05256,29.27,PanTHERIA_WR05
Antechinus stuartii,Dasyuromorphia,Dasyuridae,29.01,0.02901,28.15,PanTHERIA_WR05
Antechinus swainsonii,Dasyuromorphia,Dasyuridae,58.69,0.05869,29.69,PanTHERIA_WR05
Antidorcas marsupialis,Artiodactyla,Bovidae,33571.24,33.57124,169.49,PanTHERIA_WR05
Antilocapra americana,Artiodactyla,Antilocapridae,47450.01,47.45001,247.99,PanTHERIA_WR05
Antilope cervicapra,Artiodactyla,Bovidae,36301.1,36.3011,166.59,PanTHERIA_WR05
Antrozous pallidus,Chiroptera,Vespertilionidae,22.24,0.02224,59.01,PanTHERIA_WR05
Aonyx capensis,Carnivora,Mustelidae,19322.22,19.32222,62.99,PanTHERIA_WR05
Aonyx cinerea,Carnivora,Mustelidae,3527.59,3.52759,63.31,PanTHERIA_WR05
Aotus lemurinus,Primates,Aotidae,865.96,0.86596,132.23,PanTHERIA_WR05
Aotus trivirgatus,Primates,Aotidae,912.4,0.9124,133.47,PanTHERIA_WR05
Aplodontia rufa,Rodentia,Aplodontiidae,806.21,0.80621,30,PanTHERIA_WR05
Apodemus agrarius,Rodentia,Muridae,21.11,0.02111,19.89,PanTHERIA_WR05
Apodemus flavicollis,Rodentia,Muridae,31.6,0.0316,24.5,PanTHERIA_WR05
Apodemus mystacinus,Rodentia,Muridae,43.84,0.04384,23,PanTHERIA_WR05
Apodemus sylvaticus,Rodentia,Muridae,21.9,0.0219,23.68,PanTHERIA_WR05
Arborimus longicaudus,Rodentia,Cricetidae,22.39,0.02239,28.11,PanTHERIA_WR05
Arborimus pomo,Rodentia,Cricetidae,32.49,0.03249,32.33,PanTHERIA_WR05
Arctictis binturong,Carnivora,Viverridae,12999.99,12.99999,92.24,PanTHERIA_WR05
Arctocebus calabarensis,Primates,Lorisidae,258.01,0.25801,133.74,PanTHERIA_WR05
Arctocephalus australis,Carnivora,Otariidae,67979.43,67.97943,246.38,PanTHERIA_WR05
Arctocephalus forsteri,Carnivora,Otariidae,101249.99,101.24999,242.47,PanTHERIA_WR05
Arctocephalus galapagoensis,Carnivora,Otariidae,39448.04,39.44804,215.94,PanTHERIA_WR05
Arctocephalus gazella,Carnivora,Otariidae,96599.99,96.59999,294.69,PanTHERIA_WR05
Arctocephalus pusillus,Carnivora,Otariidae,178500,178.5,357.99,PanTHERIA_WR05
Arctocephalus tropicalis,Carnivora,Otariidae,92222.55,92.22255,241.69,PanTHERIA_WR05
Arctogalidia trivirgata,Carnivora,Viverridae,2323.79,2.32379,45.95,PanTHERIA_WR05
Arctonyx collaris,Carnivora,Mustelidae,8166.52,8.16652,42.89,PanTHERIA_WR05
Artibeus jamaicensis,Chiroptera,Phyllostomidae,43.63,0.04363,138.7,PanTHERIA_WR05
Artibeus lituratus,Chiroptera,Phyllostomidae,59.3,0.0593,106.45,PanTHERIA_WR05
Arvicanthis niloticus,Rodentia,Muridae,95.8,0.0958,21.99,PanTHERIA_WR05
Arvicola amphibius,Rodentia,Cricetidae,120,0.12,21.24,PanTHERIA_WR05
Asellia tridens,Chiroptera,Hipposideridae,12.94,0.01294,66.1,PanTHERIA_WR05
Atelerix albiventris,Erinaceomorpha,Erinaceidae,293.44,0.29344,35.99,PanTHERIA_WR05
Tarsius tarsier,Primates,Tarsiidae,168.04,0.16804,181.69,PanTHERIA_WR05
Tatera indica,Rodentia,Muridae,138.28,0.13828,25.25,PanTHERIA_WR05
Taterillus gracilis,Rodentia,Muridae,49.9,0.0499,28.11,PanTHERIA_WR05
Taterillus pygargus,Rodentia,Muridae,60.19,0.06019,26.34,PanTHERIA_WR05
Taurotragus oryx,Artiodactyla,Bovidae,562592.69,562.59269,271,PanTHERIA_WR05
Taxidea taxus,Carnivora,Mustelidae,7842.15,7.84215,43.8,PanTHERIA_WR05
Tayassu pecari,Artiodactyla,Tayassuidae,31798.71,31.79871,158,PanTHERIA_WR05
Tenrec ecaudatus,Afrosoricida,Tenrecidae,887.59,0.88759,60.24,PanTHERIA_WR05
Tetracerus quadricornis,Artiodactyla,Bovidae,19282.12,19.28212,207.31,PanTHERIA_WR05
Thallomys paedulcus,Rodentia,Muridae,77.7,0.0777,26.34,PanTHERIA_WR05
Theropithecus gelada,Primates,Cercopithecidae,15964.11,15.96411,178.64,PanTHERIA_WR05
Thomomys bottae,Rodentia,Geomyidae,122.7,0.1227,23.87,PanTHERIA_WR05
Thomomys talpoides,Rodentia,Geomyidae,104.64,0.10464,19,PanTHERIA_WR05
Thrichomys apereoides,Rodentia,Echimyidae,297.53,0.29753,96.44,PanTHERIA_WR05
Thryonomys gregorianus,Rodentia,Thryonomyidae,2707.14,2.70714,91.24,PanTHERIA_WR05
Thryonomys swinderianus,Rodentia,Thryonomyidae,3750.85,3.75085,125.76,PanTHERIA_WR05
Thylogale billardierii,Diprotodontia,Macropodidae,5865.86,5.86586,30.73,PanTHERIA_WR05
Thylogale stigmatica,Diprotodontia,Macropodidae,4511.47,4.51147,29,PanTHERIA_WR05
Thyroptera tricolor,Chiroptera,Thyropteridae,4.52,0.00452,154.24,PanTHERIA_WR05
Tolypeutes matacus,Cingulata,Dasypodidae,1303.47,1.30347,125.14,PanTHERIA_WR05
Trachypithecus obscurus,Primates,Cercopithecidae,7247.88,7.24788,146.63,PanTHERIA_WR05
Trachypithecus phayrei,Primates,Cercopithecidae,7681.72,7.68172,180.61,PanTHERIA_WR05
Trachypithecus vetulus,Primates,Cercopithecidae,7205.08,7.20508,204.72,PanTHERIA_WR05
Tragelaphus angasii,Artiodactyla,Bovidae,87616.76,87.61676,219.99,PanTHERIA_WR05
Tragelaphus eurycerus,Artiodactyla,Bovidae,270998.37,270.99837,284.99,PanTHERIA_WR05
Tragelaphus imberbis,Artiodactyla,Bovidae,94320.39,94.32039,222,PanTHERIA_WR05
Tupaia glis,Scandentia,Tupaiidae,132.43,0.13243,45.99,PanTHERIA_WR05
Tupaia montana,Scandentia,Tupaiidae,168.05,0.16805,48.99,PanTHERIA_WR05
Tursiops truncatus,Cetacea,Delphinidae,281040.55,281.04055,365,PanTHERIA_WR05
Tylomys nudicaudus,Rodentia,Cricetidae,181.65,0.18165,39.51,PanTHERIA_WR05
Tylonycteris pachypus,Chiroptera,Vespertilionidae,4.1,0.0041,90.88,PanTHERIA_WR05
Tylonycteris robustula,Chiroptera,Vespertilionidae,7.98,0.00798,90.88,PanTHERIA_WR05
Uncia uncia,Carnivora,Felidae,32500,32.5,100.95,PanTHERIA_WR05
Urocyon cinereoargenteus,Carnivora,Canidae,3833.71,3.83371,61.48,PanTHERIA_WR05
Urocyon littoralis,Carnivora,Canidae,1923,1.923,53.7,PanTHERIA_WR05
Uroderma bilobatum,Chiroptera,Phyllostomidae,16.28,0.01628,130.88,PanTHERIA_WR05
Urogale everetti,Scandentia,Tupaiidae,300.79,0.30079,55.49,PanTHERIA_WR05
Uromys caudimaculatus,Rodentia,Muridae,644.42,0.64442,38.85,PanTHERIA_WR05
Urotrichus talpoides,Soricomorpha,Talpidae,18.2,0.0182,36.05,PanTHERIA_WR05
Ursus americanus,Carnivora,Ursidae,110500,110.5,213.95,PanTHERIA_WR05
Ursus arctos,Carnivora,Ursidae,196287.5,196.2875,227.56,PanTHERIA_WR05
Ursus maritimus,Carnivora,Ursidae,371703.81,371.70381,64.66,PanTHERIA_WR05
Ursus thibetanus,Carnivora,Ursidae,99714.19,99.71419,199.92,PanTHERIA_WR05
Varecia variegata,Primates,Lemuridae,3849.99,3.84999,102.5,PanTHERIA_WR05
Vespadelus regulus,Chiroptera,Vespertilionidae,5.05,0.00505,92.54,PanTHERIA_WR05
Vespertilio murinus,Chiroptera,Vespertilionidae,15.42,0.01542,52.14,PanTHERIA_WR05
Vespertilio sinensis,Chiroptera,Vespertilionidae,24.3,0.0243,52.14,PanTHERIA_WR05
Vicugna vicugna,Artiodactyla,Camelidae,47499.61,47.49961,345.45,PanTHERIA_WR05
Viverra zibetha,Carnivora,Viverridae,9148.77,9.14877,80.3,PanTHERIA_WR05
Vombatus ursinus,Diprotodontia,Vombatidae,26000,26,30,PanTHERIA_WR05
Vormela peregusna,Carnivora,Mustelidae,594.13,0.59413,60.83,PanTHERIA_WR05
Vulpes bengalensis,Carnivora,Canidae,2514.4,2.5144,52.33,PanTHERIA_WR05
Vulpes cana,Carnivora,Canidae,988.5,0.9885,57.35,PanTHERIA_WR05
Vulpes chama,Carnivora,Canidae,2919.8,2.9198,52.59,PanTHERIA_WR05
Vulpes corsac,Carnivora,Canidae,2615.33,2.61533,54.99,PanTHERIA_WR05
Vulpes ferrilata,Carnivora,Canidae,5543.74,5.54374,54.23,PanTHERIA_WR05
Vulpes lagopus,Carnivora,Canidae,3584.37,3.58437,52.99,PanTHERIA_WR05
Vulpes velox,Carnivora,Canidae,2088,2.088,53.7,PanTHERIA_WR05
Vulpes vulpes,Carnivora,Canidae,4820.36,4.82036,52.5,PanTHERIA_WR05
Vulpes zerda,Carnivora,Canidae,1317.13,1.31713,51,PanTHERIA_WR05
Wallabia bicolor,Diprotodontia,Macropodidae,14999.95,14.99995,35.88,PanTHERIA_WR05
Xerus inauris,Rodentia,Sciuridae,572.6,0.5726,47.29,PanTHERIA_WR05
Xerus princeps,Rodentia,Sciuridae,624.9,0.6249,45.5,PanTHERIA_WR05
Zaedyus pichiy,Cingulata,Dasypodidae,1444.76,1.44476,61.27,PanTHERIA_WR05
Zaglossus bruijni,Monotremata,Tachyglossidae,8951.71,8.95171,10,PanTHERIA_WR05
Zalophus californianus,Carnivora,Otariidae,137194.86,137.19486,349.99,PanTHERIA_WR05
Zapus hudsonius,Rodentia,Dipodidae,18.43,0.01843,18.24,PanTHERIA_WR05
Zapus princeps,Rodentia,Dipodidae,27.2,0.0272,18.11,PanTHERIA_WR05
Zapus trinotatus,Rodentia,Dipodidae,27.45,0.02745,21.37,PanTHERIA_WR05
Zelotomys woosnami,Rodentia,Muridae,54.1,0.0541,30.99,PanTHERIA_WR05
Zygodontomys brevicauda,Rodentia,Cricetidae,52.22,0.05222,25.39,PanTHERIA_WR05
Zyzomys argurus,Rodentia,Muridae,40.42,0.04042,25,PanTHERIA_WR05
